================================================================================================
 GAIOptimizer OPERATOR RECOVERY -- target y = sin(pi*x1) + x2^2
 architecture fixed at H=1, 2 chains, depth 1 (identifiable); 28 seeds
 recovery = test loss < 1e-08   (name matching misses relu(x^2) == x^2 and similar)
================================================================================================
arm        SA       epochs  recovery   median test    best test  example structures
----------------------------------------------------------------------------------------------------
[GAI-A] Epoch 0: Val Loss 1.61939 | Temp 0.5000
[GAI-A] Epoch 500: Val Loss 0.14362 | Temp 0.4583

[GAI-A] --- Stagnation at Score -0.1425 ---
  [GAI-A] [Evolution] Targeting Chain 0 Layer 0 (Imp: 2.774e-04)...
    [GAI-A] -> Mutating: GAUSSIAN ===> SQUARE
  [GAI-A] [Result] 'SQUARE' REJECTED. Score: -0.1883 (Delta: -0.0457)
  [GAI-A] Instant Retry: Triggering evolution again...

[GAI-A] --- Stagnation at Score -0.1425 ---
  [GAI-A] [Evolution] Targeting Chain 0 Layer 0 (Imp: 2.774e-04)...
    [GAI-A] -> Mutating: GAUSSIAN ===> TANH
  [GAI-A] [Result] 'TANH' REJECTED. Score: -0.1897 (Delta: -0.0015)
  [GAI-A] Instant Retry: Triggering evolution again...

[GAI-A] --- Stagnation at Score -0.1425 ---
  [GAI-A] [Evolution] Targeting Chain 0 Layer 0 (Imp: 2.774e-04)...
    [GAI-A] -> Mutating: GAUSSIAN ===> IDENTITY
  [GAI-A] [Result] 'IDENTITY' REJECTED. Score: -0.1903 (Delta: -0.0006)
  [GAI-A] Instant Retry: Triggering evolution again...

[GAI-A] --- Stagnation at Score -0.1425 ---
  [GAI-A] [Evolution] Targeting Chain 0 Layer 0 (Imp: 2.774e-04)...
    [GAI-A] -> Mutating: GAUSSIAN ===> SIN
[GAI-A] Epoch 1000: Val Loss 0.21767 | Temp 0.4167
  [GAI-A] [Result] 'SIN' REJECTED. Score: -0.1922 (Delta: -0.0019)
  [GAI-A] Instant Retry: Triggering evolution again...

[GAI-A] --- Stagnation at Score -0.1425 ---
  [GAI-A] [Evolution] Targeting Chain 0 Layer 0 (Imp: 2.774e-04)...
    [GAI-A] -> Mutating: GAUSSIAN ===> RELU
  [GAI-A] [Result] 'RELU' ACCEPTED. Score: -0.1866 (Delta: 0.0056)

[GAI-A] --- Stagnation at Score -0.1425 ---
  [GAI-A] [Evolution] Targeting Chain 0 Layer 0 (Imp: 2.100e-04)...
    [GAI-A] -> Mutating: RELU ===> GAUSSIAN
  [GAI-A] [Result] 'GAUSSIAN' REJECTED. Score: -0.3759 (Delta: -0.2328)
  [GAI-A] Instant Retry: Triggering evolution again...

[GAI-A] --- Stagnation at Score -0.1425 ---
  [GAI-A] [Evolution] Targeting Chain 0 Layer 0 (Imp: 2.100e-04)...
  [GAI-A] [Evolution] Targeting Chain 1 Layer 0 (Imp: 5.415e-04)...
    [GAI-A] -> Mutating: GAUSSIAN ===> SIN
  [GAI-A] [Result] 'SIN' ACCEPTED. Score: -0.2967 (Delta: 0.0792)

[GAI-A] --- Stagnation at Score -0.1425 ---
  [GAI-A] [Evolution] Targeting Chain 1 Layer 0 (Imp: 4.690e-04)...
    [GAI-A] -> Mutating: SIN ===> SQUARE
  [GAI-A] [Result] 'SQUARE' ACCEPTED. Score: -0.2789 (Delta: 0.0022)
[GAI-A] Epoch 1500: Val Loss 0.27785 | Temp 0.3750

[GAI-A] --- Stagnation at Score -0.1425 ---
  [GAI-A] [Evolution] Targeting Chain 1 Layer 0 (Imp: 2.141e-05)...
    [GAI-A] -> Mutating: SQUARE ===> RELU
  [GAI-A] [Result] 'RELU' ACCEPTED. Score: -0.2759 (Delta: 0.0012)

[GAI-A] --- Stagnation at Score -0.1425 ---
  [GAI-A] [Evolution] Targeting Chain 1 Layer 0 (Imp: 3.485e-04)...
    [GAI-A] -> Mutating: RELU ===> TANH
  [GAI-A] [Result] 'TANH' REJECTED. Score: -0.3049 (Delta: -0.0416)
  [GAI-A] Instant Retry: Triggering evolution again...

[GAI-A] --- Stagnation at Score -0.1425 ---
  [GAI-A] [Evolution] Targeting Chain 1 Layer 0 (Imp: 3.485e-04)...
    [GAI-A] -> Mutating: RELU ===> IDENTITY
  [GAI-A] [Result] 'IDENTITY' REJECTED. Score: -0.3055 (Delta: -0.0006)
  [GAI-A] Instant Retry: Triggering evolution again...

[GAI-A] --- Stagnation at Score -0.1425 ---
  [GAI-A] [Evolution] Targeting Chain 1 Layer 0 (Imp: 3.485e-04)...
    [GAI-A] -> Mutating: RELU ===> SQUARE
  [GAI-A] [Result] 'SQUARE' REJECTED. Score: -0.3378 (Delta: -0.0322)
  [GAI-A] Instant Retry: Triggering evolution again...

[GAI-A] --- Stagnation at Score -0.1425 ---
  [GAI-A] [Evolution] Targeting Chain 1 Layer 0 (Imp: 3.485e-04)...
    [GAI-A] -> Mutating: RELU ===> GAUSSIAN
  [GAI-A] [Result] 'GAUSSIAN' ACCEPTED. Score: -0.3350 (Delta: 0.0028)
[GAI-A] Epoch 2000: Val Loss 0.18646 | Temp 0.3333

[GAI-A] --- Stagnation at Score -0.1425 ---
  [GAI-A] [Evolution] Targeting Chain 0 Layer 0 (Imp: 1.241e-03)...
  [GAI-A] [Evolution] Targeting Chain 1 Layer 0 (Imp: 2.406e-03)...
    [GAI-A] -> Mutating: GAUSSIAN ===> SIN
  [GAI-A] [Result] 'SIN' REJECTED. Score: -0.3210 (Delta: -0.1348)
  [GAI-A] Instant Retry: Triggering evolution again...

[GAI-A] --- Stagnation at Score -0.1425 ---
  [GAI-A] [Evolution] Targeting Chain 0 Layer 0 (Imp: 1.241e-03)...
  [GAI-A] [Evolution] Targeting Chain 1 Layer 0 (Imp: 2.406e-03)...
    [GAI-A] -> Mutating: GAUSSIAN ===> RELU
  [GAI-A] [Result] 'RELU' ACCEPTED. Score: -0.3108 (Delta: 0.0102)

[GAI-A] --- Stagnation at Score -0.1425 ---
  [GAI-A] [Evolution] Targeting Chain 1 Layer 0 (Imp: 7.243e-04)...
    [GAI-A] -> Mutating: RELU ===> GAUSSIAN
  [GAI-A] [Result] 'GAUSSIAN' REJECTED. Score: -0.2951 (Delta: -0.0325)
  [GAI-A] Instant Retry: Triggering evolution again...

[GAI-A] --- Stagnation at Score -0.1425 ---
  [GAI-A] [Evolution] Targeting Chain 1 Layer 0 (Imp: 7.243e-04)...
  [GAI-A] [Evolution] Targeting Chain 0 Layer 0 (Imp: 2.057e-03)...
[GAI-A] No mutations possible or supported.
[GAI-A] Restoring Best Ever State (Score: -0.1425)
[GAI-A] Epoch 0: Val Loss 0.60286 | Temp 0.5000
[GAI-A] Epoch 500: Val Loss 0.17144 | Temp 0.4583
[GAI-A] Epoch 1000: Val Loss 0.14859 | Temp 0.4167
[GAI-A] Epoch 1500: Val Loss 0.14579 | Temp 0.3750
[GAI-A] Epoch 2000: Val Loss 0.14515 | Temp 0.3333

[GAI-A] --- Stagnation at Score -0.1451 ---
  [GAI-A] [Evolution] Targeting Chain 0 Layer 0 (Imp: 1.307e-04)...
    [GAI-A] -> Mutating: RELU ===> IDENTITY
  [GAI-A] [Result] 'IDENTITY' REJECTED. Score: -0.1614 (Delta: -0.0161)
  [GAI-A] Instant Retry: Triggering evolution again...

[GAI-A] --- Stagnation at Score -0.1451 ---
  [GAI-A] [Evolution] Targeting Chain 0 Layer 0 (Imp: 1.307e-04)...
    [GAI-A] -> Mutating: RELU ===> GAUSSIAN
  [GAI-A] [Result] 'GAUSSIAN' REJECTED. Score: -0.2510 (Delta: -0.0897)
  [GAI-A] Instant Retry: Triggering evolution again...

[GAI-A] --- Stagnation at Score -0.1451 ---
  [GAI-A] [Evolution] Targeting Chain 0 Layer 0 (Imp: 1.307e-04)...
    [GAI-A] -> Mutating: RELU ===> SQUARE
  [GAI-A] [Result] 'SQUARE' ACCEPTED. Score: -0.1678 (Delta: 0.0832)
[GAI-A] Epoch 2500: Val Loss 0.08040 | Temp 0.2917

[GAI-A] --- Stagnation at Score -0.0803 ---
  [GAI-A] [Evolution] Targeting Chain 0 Layer 0 (Imp: 2.092e-04)...
    [GAI-A] -> Mutating: SQUARE ===> RELU
  [GAI-A] [Result] 'RELU' REJECTED. Score: -0.1750 (Delta: -0.0947)
  [GAI-A] Instant Retry: Triggering evolution again...

[GAI-A] --- Stagnation at Score -0.0803 ---
  [GAI-A] [Evolution] Targeting Chain 0 Layer 0 (Imp: 2.092e-04)...
    [GAI-A] -> Mutating: SQUARE ===> TANH
  [GAI-A] [Result] 'TANH' ACCEPTED. Score: -0.1582 (Delta: 0.0168)

[GAI-A] --- Stagnation at Score -0.0803 ---
  [GAI-A] [Evolution] Targeting Chain 0 Layer 0 (Imp: 4.095e-04)...
    [GAI-A] -> Mutating: TANH ===> SQUARE
  [GAI-A] [Result] 'SQUARE' REJECTED. Score: -0.3050 (Delta: -0.1815)
  [GAI-A] Instant Retry: Triggering evolution again...

[GAI-A] --- Stagnation at Score -0.0803 ---
  [GAI-A] [Evolution] Targeting Chain 0 Layer 0 (Imp: 4.095e-04)...
    [GAI-A] -> Mutating: TANH ===> SIN
  [GAI-A] [Result] 'SIN' ACCEPTED. Score: -0.1272 (Delta: 0.1778)
[GAI-A] Epoch 3000: Val Loss 0.12090 | Temp 0.2500

[GAI-A] --- Stagnation at Score -0.0803 ---
  [GAI-A] [Evolution] Targeting Chain 0 Layer 0 (Imp: 5.353e-04)...
    [GAI-A] -> Mutating: SIN ===> TANH
  [GAI-A] [Result] 'TANH' REJECTED. Score: -0.2330 (Delta: -0.1124)
  [GAI-A] Instant Retry: Triggering evolution again...

[GAI-A] --- Stagnation at Score -0.0803 ---
  [GAI-A] [Evolution] Targeting Chain 0 Layer 0 (Imp: 5.353e-04)...
  [GAI-A] [Evolution] Targeting Chain 1 Layer 0 (Imp: 1.306e-03)...
    [GAI-A] -> Mutating: TANH ===> IDENTITY
  [GAI-A] [Result] 'IDENTITY' REJECTED. Score: -0.5255 (Delta: -0.2925)
  [GAI-A] Instant Retry: Triggering evolution again...

[GAI-A] --- Stagnation at Score -0.0803 ---
  [GAI-A] [Evolution] Targeting Chain 0 Layer 0 (Imp: 5.353e-04)...
  [GAI-A] [Evolution] Targeting Chain 1 Layer 0 (Imp: 1.306e-03)...
    [GAI-A] -> Mutating: TANH ===> GAUSSIAN
  [GAI-A] [Result] 'GAUSSIAN' REJECTED. Score: -0.5916 (Delta: -0.0661)
  [GAI-A] Instant Retry: Triggering evolution again...

[GAI-A] --- Stagnation at Score -0.0803 ---
  [GAI-A] [Evolution] Targeting Chain 0 Layer 0 (Imp: 5.353e-04)...
  [GAI-A] [Evolution] Targeting Chain 1 Layer 0 (Imp: 1.306e-03)...
    [GAI-A] -> Mutating: TANH ===> SIN
  [GAI-A] [Result] 'SIN' ACCEPTED. Score: -0.3263 (Delta: 0.2654)

[GAI-A] --- Stagnation at Score -0.0803 ---
  [GAI-A] [Evolution] Targeting Chain 0 Layer 0 (Imp: 9.881e-04)...
  [GAI-A] [Evolution] Targeting Chain 1 Layer 0 (Imp: 1.023e-03)...
    [GAI-A] -> Mutating: SIN ===> RELU
  [GAI-A] [Result] 'RELU' REJECTED. Score: -0.4230 (Delta: -0.1653)
  [GAI-A] Instant Retry: Triggering evolution again...

[GAI-A] --- Stagnation at Score -0.0803 ---
  [GAI-A] [Evolution] Targeting Chain 0 Layer 0 (Imp: 9.881e-04)...
  [GAI-A] [Evolution] Targeting Chain 1 Layer 0 (Imp: 1.023e-03)...
    [GAI-A] -> Mutating: SIN ===> TANH
  [GAI-A] [Result] 'TANH' ACCEPTED. Score: -0.3375 (Delta: 0.0855)

[GAI-A] --- Stagnation at Score -0.0803 ---
  [GAI-A] [Evolution] Targeting Chain 1 Layer 0 (Imp: 3.544e-04)...
    [GAI-A] -> Mutating: TANH ===> SQUARE
  [GAI-A] [Result] 'SQUARE' ACCEPTED. Score: -0.2918 (Delta: 0.0291)
[GAI-A] Epoch 3500: Val Loss 0.27459 | Temp 0.2083
[GAI-A] Epoch 4000: Val Loss 0.00000 | Temp 0.1667

[GAI-A] --- Stagnation at Score -0.0000 ---
  [GAI-A] [Evolution] Targeting Chain 1 Layer 0 (Imp: 4.928e-05)...
    [GAI-A] -> Mutating: SQUARE ===> SIN
  [GAI-A] [Result] 'SIN' REJECTED. Score: -0.0981 (Delta: -0.0981)
  [GAI-A] Instant Retry: Triggering evolution again...

[GAI-A] --- Stagnation at Score -0.0000 ---
  [GAI-A] [Evolution] Targeting Chain 1 Layer 0 (Imp: 4.928e-05)...
    [GAI-A] -> Mutating: SQUARE ===> TANH
  [GAI-A] [Result] 'TANH' REJECTED. Score: -0.0990 (Delta: -0.0009)
  [GAI-A] Instant Retry: Triggering evolution again...

[GAI-A] --- Stagnation at Score -0.0000 ---
  [GAI-A] [Evolution] Targeting Chain 1 Layer 0 (Imp: 4.928e-05)...
  [GAI-A] [Evolution] Targeting Chain 0 Layer 0 (Imp: 1.756e-04)...
[GAI-A] No mutations possible or supported.
[GAI-A] Restoring Best Ever State (Score: -0.0000)
[GAI-A] Epoch 0: Val Loss 0.70634 | Temp 0.5000
[GAI-A] Epoch 500: Val Loss 0.12463 | Temp 0.4583
[GAI-A] Epoch 1000: Val Loss 0.11582 | Temp 0.4167
[GAI-A] Epoch 1500: Val Loss 0.11378 | Temp 0.3750
[GAI-A] Epoch 2000: Val Loss 0.11261 | Temp 0.3333
[GAI-A] Epoch 2500: Val Loss 0.11187 | Temp 0.2917
[GAI-A] Epoch 3000: Val Loss 0.11136 | Temp 0.2500
[GAI-A] Epoch 3500: Val Loss 0.11094 | Temp 0.2083
[GAI-A] Epoch 4000: Val Loss 0.11066 | Temp 0.1667
[GAI-A] Epoch 4500: Val Loss 0.11042 | Temp 0.1250

[GAI-A] --- Stagnation at Score -0.1103 ---
  [GAI-A] [Evolution] Targeting Chain 0 Layer 0 (Imp: 1.824e-03)...
    [GAI-A] -> Mutating: TANH ===> GAUSSIAN
  [GAI-A] [Result] 'GAUSSIAN' REJECTED. Score: -21.8482 (Delta: -21.7379)
  [GAI-A] Instant Retry: Triggering evolution again...

[GAI-A] --- Stagnation at Score -0.1103 ---
  [GAI-A] [Evolution] Targeting Chain 0 Layer 0 (Imp: 1.824e-03)...
    [GAI-A] -> Mutating: TANH ===> IDENTITY
[GAI-A] Epoch 5000: Val Loss 9.09766 | Temp 0.0833
  [GAI-A] [Result] 'IDENTITY' ACCEPTED. Score: -5.4994 (Delta: 16.3488)

[GAI-A] --- Stagnation at Score -0.1103 ---
  [GAI-A] [Evolution] Targeting Chain 0 Layer 0 (Imp: 3.928e-03)...
    [GAI-A] -> Mutating: IDENTITY ===> RELU
  [GAI-A] [Result] 'RELU' REJECTED. Score: -1.5864 (Delta: -1.4446)
  [GAI-A] Instant Retry: Triggering evolution again...

[GAI-A] --- Stagnation at Score -0.1103 ---
  [GAI-A] [Evolution] Targeting Chain 0 Layer 0 (Imp: 3.928e-03)...
    [GAI-A] -> Mutating: IDENTITY ===> SQUARE
  [GAI-A] [Result] 'SQUARE' REJECTED. Score: -1.8884 (Delta: -0.3020)
  [GAI-A] Instant Retry: Triggering evolution again...

[GAI-A] --- Stagnation at Score -0.1103 ---
  [GAI-A] [Evolution] Targeting Chain 0 Layer 0 (Imp: 3.928e-03)...
    [GAI-A] -> Mutating: IDENTITY ===> SIN
  [GAI-A] [Result] 'SIN' ACCEPTED. Score: -0.2247 (Delta: 1.6637)

[GAI-A] --- Stagnation at Score -0.1103 ---
  [GAI-A] [Evolution] Targeting Chain 0 Layer 0 (Imp: 2.182e-03)...
    [GAI-A] -> Mutating: SIN ===> TANH
  [GAI-A] [Result] 'TANH' REJECTED. Score: -1.1674 (Delta: -1.0072)
  [GAI-A] Instant Retry: Triggering evolution again...

[GAI-A] --- Stagnation at Score -0.1103 ---
  [GAI-A] [Evolution] Targeting Chain 0 Layer 0 (Imp: 2.182e-03)...
    [GAI-A] -> Mutating: SIN ===> IDENTITY
  [GAI-A] [Result] 'IDENTITY' ACCEPTED. Score: -1.1120 (Delta: 0.0554)
[GAI-A] Epoch 5500: Val Loss 0.30525 | Temp 0.0417

[GAI-A] --- Stagnation at Score -0.1103 ---
  [GAI-A] [Evolution] Targeting Chain 0 Layer 0 (Imp: 1.679e-03)...
    [GAI-A] -> Mutating: IDENTITY ===> SIN
  [GAI-A] [Result] 'SIN' REJECTED. Score: -0.3265 (Delta: -0.0824)
  [GAI-A] Instant Retry: Triggering evolution again...

[GAI-A] --- Stagnation at Score -0.1103 ---
  [GAI-A] [Evolution] Targeting Chain 0 Layer 0 (Imp: 1.679e-03)...
  [GAI-A] [Evolution] Targeting Chain 1 Layer 0 (Imp: 4.206e-03)...
    [GAI-A] -> Mutating: TANH ===> SQUARE
  [GAI-A] [Result] 'SQUARE' REJECTED. Score: -0.8560 (Delta: -0.5296)
  [GAI-A] Instant Retry: Triggering evolution again...

[GAI-A] --- Stagnation at Score -0.1103 ---
  [GAI-A] [Evolution] Targeting Chain 0 Layer 0 (Imp: 1.679e-03)...
  [GAI-A] [Evolution] Targeting Chain 1 Layer 0 (Imp: 4.206e-03)...
    [GAI-A] -> Mutating: TANH ===> GAUSSIAN
  [GAI-A] [Result] 'GAUSSIAN' REJECTED. Score: -5.2868 (Delta: -4.4308)
  [GAI-A] Instant Retry: Triggering evolution again...

[GAI-A] --- Stagnation at Score -0.1103 ---
  [GAI-A] [Evolution] Targeting Chain 0 Layer 0 (Imp: 1.679e-03)...
  [GAI-A] [Evolution] Targeting Chain 1 Layer 0 (Imp: 4.206e-03)...
    [GAI-A] -> Mutating: TANH ===> SIN
  [GAI-A] [Result] 'SIN' ACCEPTED. Score: -0.3470 (Delta: 4.9398)

[GAI-A] --- Stagnation at Score -0.1103 ---
  [GAI-A] [Evolution] Targeting Chain 0 Layer 0 (Imp: 1.368e-03)...
  [GAI-A] [Evolution] Targeting Chain 1 Layer 0 (Imp: 2.042e-03)...
    [GAI-A] -> Mutating: SIN ===> TANH
  [GAI-A] [Result] 'TANH' REJECTED. Score: -0.4562 (Delta: -0.1559)
  [GAI-A] Instant Retry: Triggering evolution again...

[GAI-A] --- Stagnation at Score -0.1103 ---
  [GAI-A] [Evolution] Targeting Chain 0 Layer 0 (Imp: 1.368e-03)...
  [GAI-A] [Evolution] Targeting Chain 1 Layer 0 (Imp: 2.042e-03)...
    [GAI-A] -> Mutating: SIN ===> IDENTITY
  [GAI-A] [Result] 'IDENTITY' ACCEPTED. Score: -0.4286 (Delta: 0.0276)
[GAI-A] Restoring Best Ever State (Score: -0.1103)
[GAI-A] Epoch 0: Val Loss 0.65159 | Temp 0.5000

[GAI-A] --- Stagnation at Score -0.2779 ---
  [GAI-A] [Evolution] Targeting Chain 1 Layer 0 (Imp: 1.686e-05)...
    [GAI-A] -> Mutating: RELU ===> IDENTITY
[GAI-A] Epoch 500: Val Loss 0.25103 | Temp 0.4583
  [GAI-A] [Result] 'IDENTITY' ACCEPTED. Score: -0.2512 (Delta: 0.0268)

[GAI-A] --- Stagnation at Score -0.2508 ---
  [GAI-A] [Evolution] Targeting Chain 1 Layer 0 (Imp: 1.955e-03)...
    [GAI-A] -> Mutating: IDENTITY ===> TANH
  [GAI-A] [Result] 'TANH' REJECTED. Score: -1.3632 (Delta: -1.1110)
  [GAI-A] Instant Retry: Triggering evolution again...

[GAI-A] --- Stagnation at Score -0.2508 ---
  [GAI-A] [Evolution] Targeting Chain 1 Layer 0 (Imp: 1.955e-03)...
    [GAI-A] -> Mutating: IDENTITY ===> RELU
  [GAI-A] [Result] 'RELU' REJECTED. Score: -1.9826 (Delta: -0.6193)
  [GAI-A] Instant Retry: Triggering evolution again...

[GAI-A] --- Stagnation at Score -0.2508 ---
  [GAI-A] [Evolution] Targeting Chain 1 Layer 0 (Imp: 1.955e-03)...
    [GAI-A] -> Mutating: IDENTITY ===> SIN
  [GAI-A] [Result] 'SIN' ACCEPTED. Score: -0.6753 (Delta: 1.3073)

[GAI-A] --- Stagnation at Score -0.2508 ---
  [GAI-A] [Evolution] Targeting Chain 1 Layer 0 (Imp: 1.607e-03)...
    [GAI-A] -> Mutating: SIN ===> SQUARE
  [GAI-A] [Result] 'SQUARE' REJECTED. Score: -0.4362 (Delta: -0.1349)
  [GAI-A] Instant Retry: Triggering evolution again...

[GAI-A] --- Stagnation at Score -0.2508 ---
  [GAI-A] [Evolution] Targeting Chain 1 Layer 0 (Imp: 1.607e-03)...
    [GAI-A] -> Mutating: SIN ===> IDENTITY
  [GAI-A] [Result] 'IDENTITY' ACCEPTED. Score: -0.3706 (Delta: 0.0655)
[GAI-A] Epoch 1000: Val Loss 0.26939 | Temp 0.4167

[GAI-A] --- Stagnation at Score -0.2508 ---
  [GAI-A] [Evolution] Targeting Chain 1 Layer 0 (Imp: 4.055e-04)...
    [GAI-A] -> Mutating: IDENTITY ===> GAUSSIAN
  [GAI-A] [Result] 'GAUSSIAN' REJECTED. Score: -0.2676 (Delta: -0.0043)
  [GAI-A] Instant Retry: Triggering evolution again...

[GAI-A] --- Stagnation at Score -0.2508 ---
  [GAI-A] [Evolution] Targeting Chain 1 Layer 0 (Imp: 4.055e-04)...
    [GAI-A] -> Mutating: IDENTITY ===> SIN
  [GAI-A] [Result] 'SIN' REJECTED. Score: -0.2747 (Delta: -0.0071)
  [GAI-A] Instant Retry: Triggering evolution again...

[GAI-A] --- Stagnation at Score -0.2508 ---
  [GAI-A] [Evolution] Targeting Chain 1 Layer 0 (Imp: 4.055e-04)...
  [GAI-A] [Evolution] Targeting Chain 0 Layer 0 (Imp: 2.157e-03)...
    [GAI-A] -> Mutating: RELU ===> SQUARE
  [GAI-A] [Result] 'SQUARE' REJECTED. Score: -0.8365 (Delta: -0.5618)
  [GAI-A] Instant Retry: Triggering evolution again...

[GAI-A] --- Stagnation at Score -0.2508 ---
  [GAI-A] [Evolution] Targeting Chain 1 Layer 0 (Imp: 4.055e-04)...
  [GAI-A] [Evolution] Targeting Chain 0 Layer 0 (Imp: 2.157e-03)...
    [GAI-A] -> Mutating: RELU ===> SIN
  [GAI-A] [Result] 'SIN' ACCEPTED. Score: -0.3937 (Delta: 0.4428)

[GAI-A] --- Stagnation at Score -0.2508 ---
  [GAI-A] [Evolution] Targeting Chain 1 Layer 0 (Imp: 9.520e-04)...
  [GAI-A] [Evolution] Targeting Chain 0 Layer 0 (Imp: 1.231e-03)...
    [GAI-A] -> Mutating: SIN ===> IDENTITY
  [GAI-A] [Result] 'IDENTITY' REJECTED. Score: -0.4855 (Delta: -0.1911)
  [GAI-A] Instant Retry: Triggering evolution again...

[GAI-A] --- Stagnation at Score -0.2508 ---
  [GAI-A] [Evolution] Targeting Chain 1 Layer 0 (Imp: 9.520e-04)...
  [GAI-A] [Evolution] Targeting Chain 0 Layer 0 (Imp: 1.231e-03)...
    [GAI-A] -> Mutating: SIN ===> GAUSSIAN
  [GAI-A] [Result] 'GAUSSIAN' REJECTED. Score: -0.5679 (Delta: -0.0823)
  [GAI-A] Instant Retry: Triggering evolution again...

[GAI-A] --- Stagnation at Score -0.2508 ---
  [GAI-A] [Evolution] Targeting Chain 1 Layer 0 (Imp: 9.520e-04)...
  [GAI-A] [Evolution] Targeting Chain 0 Layer 0 (Imp: 1.231e-03)...
    [GAI-A] -> Mutating: SIN ===> TANH
  [GAI-A] [Result] 'TANH' ACCEPTED. Score: -0.5121 (Delta: 0.0557)
[GAI-A] Epoch 1500: Val Loss 0.32166 | Temp 0.3750

[GAI-A] --- Stagnation at Score -0.2508 ---
  [GAI-A] [Evolution] Targeting Chain 0 Layer 0 (Imp: 6.118e-04)...
    [GAI-A] -> Mutating: TANH ===> SIN
  [GAI-A] [Result] 'SIN' REJECTED. Score: -0.3319 (Delta: -0.0138)
  [GAI-A] Instant Retry: Triggering evolution again...

[GAI-A] --- Stagnation at Score -0.2508 ---
  [GAI-A] [Evolution] Targeting Chain 0 Layer 0 (Imp: 6.118e-04)...
    [GAI-A] -> Mutating: TANH ===> RELU
  [GAI-A] [Result] 'RELU' REJECTED. Score: -0.3337 (Delta: -0.0018)
  [GAI-A] Instant Retry: Triggering evolution again...

[GAI-A] --- Stagnation at Score -0.2508 ---
  [GAI-A] [Evolution] Targeting Chain 0 Layer 0 (Imp: 6.118e-04)...
  [GAI-A] [Evolution] Targeting Chain 1 Layer 0 (Imp: 1.541e-03)...
[GAI-A] No mutations possible or supported.
[GAI-A] Restoring Best Ever State (Score: -0.2508)
[GAI-A] Epoch 0: Val Loss 1.65944 | Temp 0.5000
[GAI-A] Epoch 500: Val Loss 0.19011 | Temp 0.4583
[GAI-A] Epoch 1000: Val Loss 0.18731 | Temp 0.4167
[GAI-A] Epoch 1500: Val Loss 0.18602 | Temp 0.3750
[GAI-A] Epoch 2000: Val Loss 0.18528 | Temp 0.3333
[GAI-A] Epoch 2500: Val Loss 0.18478 | Temp 0.2917
[GAI-A] Epoch 3000: Val Loss 0.18442 | Temp 0.2500
[GAI-A] Epoch 3500: Val Loss 0.18414 | Temp 0.2083
[GAI-A] Epoch 4000: Val Loss 0.18390 | Temp 0.1667
[GAI-A] Epoch 4500: Val Loss 0.18369 | Temp 0.1250
[GAI-A] Epoch 5000: Val Loss 0.18355 | Temp 0.0833
[GAI-A] Epoch 5500: Val Loss 0.18340 | Temp 0.0417
[GAI-A] Restoring Best Ever State (Score: -0.1831)
[GAI-A] Epoch 0: Val Loss 0.74096 | Temp 0.5000

[GAI-A] --- Stagnation at Score -0.0002 ---
  [GAI-A] [Evolution] Targeting Chain 1 Layer 0 (Imp: 1.232e-04)...
    [GAI-A] -> Mutating: SIN ===> TANH
  [GAI-A] [Result] 'TANH' REJECTED. Score: -0.1141 (Delta: -0.1138)
  [GAI-A] Instant Retry: Triggering evolution again...

[GAI-A] --- Stagnation at Score -0.0002 ---
  [GAI-A] [Evolution] Targeting Chain 1 Layer 0 (Imp: 1.232e-04)...
    [GAI-A] -> Mutating: SIN ===> RELU
[GAI-A] Epoch 500: Val Loss 0.25329 | Temp 0.4583
  [GAI-A] [Result] 'RELU' REJECTED. Score: -0.2466 (Delta: -0.1325)
  [GAI-A] Instant Retry: Triggering evolution again...

[GAI-A] --- Stagnation at Score -0.0002 ---
  [GAI-A] [Evolution] Targeting Chain 1 Layer 0 (Imp: 1.232e-04)...
    [GAI-A] -> Mutating: SIN ===> SQUARE
  [GAI-A] [Result] 'SQUARE' REJECTED. Score: -0.2471 (Delta: -0.0005)
  [GAI-A] Instant Retry: Triggering evolution again...

[GAI-A] --- Stagnation at Score -0.0002 ---
  [GAI-A] [Evolution] Targeting Chain 1 Layer 0 (Imp: 1.232e-04)...
    [GAI-A] -> Mutating: SIN ===> IDENTITY
  [GAI-A] [Result] 'IDENTITY' ACCEPTED. Score: -0.1112 (Delta: 0.1359)

[GAI-A] --- Stagnation at Score -0.0002 ---
  [GAI-A] [Evolution] Targeting Chain 1 Layer 0 (Imp: 3.274e-04)...
    [GAI-A] -> Mutating: IDENTITY ===> GAUSSIAN
  [GAI-A] [Result] 'GAUSSIAN' REJECTED. Score: -0.9578 (Delta: -0.8622)
  [GAI-A] Instant Retry: Triggering evolution again...

[GAI-A] --- Stagnation at Score -0.0002 ---
  [GAI-A] [Evolution] Targeting Chain 1 Layer 0 (Imp: 3.274e-04)...
    [GAI-A] -> Mutating: IDENTITY ===> SIN
  [GAI-A] [Result] 'SIN' ACCEPTED. Score: -0.0977 (Delta: 0.8601)

[GAI-A] --- Stagnation at Score -0.0002 ---
  [GAI-A] [Evolution] Targeting Chain 1 Layer 0 (Imp: 2.704e-04)...
    [GAI-A] -> Mutating: SIN ===> IDENTITY
  [GAI-A] [Result] 'IDENTITY' REJECTED. Score: -0.0980 (Delta: -0.0026)
  [GAI-A] Instant Retry: Triggering evolution again...

[GAI-A] --- Stagnation at Score -0.0002 ---
  [GAI-A] [Evolution] Targeting Chain 1 Layer 0 (Imp: 2.704e-04)...
  [GAI-A] [Evolution] Targeting Chain 0 Layer 0 (Imp: 7.423e-04)...
    [GAI-A] -> Mutating: SIN ===> GAUSSIAN
  [GAI-A] [Result] 'GAUSSIAN' REJECTED. Score: -0.4743 (Delta: -0.3763)
  [GAI-A] Instant Retry: Triggering evolution again...

[GAI-A] --- Stagnation at Score -0.0002 ---
  [GAI-A] [Evolution] Targeting Chain 1 Layer 0 (Imp: 2.704e-04)...
  [GAI-A] [Evolution] Targeting Chain 0 Layer 0 (Imp: 7.423e-04)...
    [GAI-A] -> Mutating: SIN ===> RELU
  [GAI-A] [Result] 'RELU' ACCEPTED. Score: -0.3487 (Delta: 0.1256)
[GAI-A] Epoch 1000: Val Loss 0.31332 | Temp 0.4167

[GAI-A] --- Stagnation at Score -0.0002 ---
  [GAI-A] [Evolution] Targeting Chain 0 Layer 0 (Imp: 1.515e-07)...
    [GAI-A] -> Mutating: RELU ===> IDENTITY
  [GAI-A] [Result] 'IDENTITY' ACCEPTED. Score: -0.1360 (Delta: 0.1296)

[GAI-A] --- Stagnation at Score -0.0002 ---
  [GAI-A] [Evolution] Targeting Chain 0 Layer 0 (Imp: 2.246e-04)...
    [GAI-A] -> Mutating: IDENTITY ===> SQUARE
  [GAI-A] [Result] 'SQUARE' ACCEPTED. Score: -0.0855 (Delta: 0.0104)
[GAI-A] Epoch 1500: Val Loss 0.00000 | Temp 0.3750

[GAI-A] --- Stagnation at Score -0.0000 ---
  [GAI-A] [Evolution] Targeting Chain 0 Layer 0 (Imp: 1.090e-05)...
    [GAI-A] -> Mutating: SQUARE ===> TANH
  [GAI-A] [Result] 'TANH' REJECTED. Score: -0.0989 (Delta: -0.0989)
  [GAI-A] Instant Retry: Triggering evolution again...

[GAI-A] --- Stagnation at Score -0.0000 ---
  [GAI-A] [Evolution] Targeting Chain 0 Layer 0 (Imp: 1.090e-05)...
    [GAI-A] -> Mutating: SQUARE ===> IDENTITY
  [GAI-A] [Result] 'IDENTITY' REJECTED. Score: -0.0990 (Delta: -0.0001)
  [GAI-A] Instant Retry: Triggering evolution again...

[GAI-A] --- Stagnation at Score -0.0000 ---
  [GAI-A] [Evolution] Targeting Chain 0 Layer 0 (Imp: 1.090e-05)...
    [GAI-A] -> Mutating: SQUARE ===> SIN
  [GAI-A] [Result] 'SIN' ACCEPTED. Score: -0.0967 (Delta: 0.0023)
[GAI-A] Epoch 2000: Val Loss 0.09520 | Temp 0.3333

[GAI-A] --- Stagnation at Score -0.0000 ---
  [GAI-A] [Evolution] Targeting Chain 0 Layer 0 (Imp: 2.672e-04)...
    [GAI-A] -> Mutating: SIN ===> RELU
  [GAI-A] [Result] 'RELU' REJECTED. Score: -0.1022 (Delta: -0.0070)
  [GAI-A] Instant Retry: Triggering evolution again...

[GAI-A] --- Stagnation at Score -0.0000 ---
  [GAI-A] [Evolution] Targeting Chain 0 Layer 0 (Imp: 2.672e-04)...
    [GAI-A] -> Mutating: SIN ===> SQUARE
  [GAI-A] [Result] 'SQUARE' ACCEPTED. Score: -0.0951 (Delta: 0.0072)

[GAI-A] --- Stagnation at Score -0.0000 ---
  [GAI-A] [Evolution] Targeting Chain 0 Layer 0 (Imp: 3.396e-05)...
    [GAI-A] -> Mutating: SQUARE ===> SIN
  [GAI-A] [Result] 'SIN' REJECTED. Score: -0.0973 (Delta: -0.0973)
  [GAI-A] Instant Retry: Triggering evolution again...

[GAI-A] --- Stagnation at Score -0.0000 ---
  [GAI-A] [Evolution] Targeting Chain 0 Layer 0 (Imp: 3.396e-05)...
  [GAI-A] [Evolution] Targeting Chain 1 Layer 0 (Imp: 2.376e-04)...
[GAI-A] No mutations possible or supported.
[GAI-A] Restoring Best Ever State (Score: -0.0000)
[GAI-A] Epoch 0: Val Loss 1.06195 | Temp 0.5000
[GAI-A] Epoch 500: Val Loss 0.12175 | Temp 0.4583
[GAI-A] Epoch 1000: Val Loss 0.10248 | Temp 0.4167
[GAI-A] Epoch 1500: Val Loss 0.09763 | Temp 0.3750
[GAI-A] Epoch 2000: Val Loss 0.09584 | Temp 0.3333
[GAI-A] Epoch 2500: Val Loss 0.09505 | Temp 0.2917
[GAI-A] Epoch 3000: Val Loss 0.09468 | Temp 0.2500
[GAI-A] Epoch 3500: Val Loss 0.09450 | Temp 0.2083
[GAI-A] Epoch 4000: Val Loss 0.09442 | Temp 0.1667
[GAI-A] Epoch 4500: Val Loss 0.09438 | Temp 0.1250
[GAI-A] Epoch 5000: Val Loss 0.09438 | Temp 0.0833
[GAI-A] Epoch 5500: Val Loss 0.09437 | Temp 0.0417

[GAI-A] --- Stagnation at Score -0.0944 ---
  [GAI-A] [Evolution] Targeting Chain 1 Layer 0 (Imp: 3.244e-04)...
    [GAI-A] -> Mutating: GAUSSIAN ===> TANH
  [GAI-A] [Result] 'TANH' REJECTED. Score: -0.1586 (Delta: -0.0642)
  [GAI-A] Instant Retry: Triggering evolution again...

[GAI-A] --- Stagnation at Score -0.0944 ---
  [GAI-A] [Evolution] Targeting Chain 1 Layer 0 (Imp: 3.244e-04)...
    [GAI-A] -> Mutating: GAUSSIAN ===> IDENTITY
[GAI-A] Restoring Best Ever State (Score: -0.0944)
[GAI-A] Epoch 0: Val Loss 0.65122 | Temp 0.5000
[GAI-A] Epoch 500: Val Loss 0.05340 | Temp 0.4583
[GAI-A] Epoch 1000: Val Loss 0.05326 | Temp 0.4167

[GAI-A] --- Stagnation at Score -0.0533 ---
  [GAI-A] [Evolution] Targeting Chain 1 Layer 0 (Imp: 3.666e-05)...
    [GAI-A] -> Mutating: RELU ===> SIN
  [GAI-A] [Result] 'SIN' REJECTED. Score: -0.0949 (Delta: -0.0417)
  [GAI-A] Instant Retry: Triggering evolution again...

[GAI-A] --- Stagnation at Score -0.0533 ---
  [GAI-A] [Evolution] Targeting Chain 1 Layer 0 (Imp: 3.666e-05)...
    [GAI-A] -> Mutating: RELU ===> IDENTITY
  [GAI-A] [Result] 'IDENTITY' REJECTED. Score: -0.0953 (Delta: -0.0003)
  [GAI-A] Instant Retry: Triggering evolution again...

[GAI-A] --- Stagnation at Score -0.0533 ---
  [GAI-A] [Evolution] Targeting Chain 1 Layer 0 (Imp: 3.666e-05)...
    [GAI-A] -> Mutating: RELU ===> SQUARE
  [GAI-A] [Result] 'SQUARE' ACCEPTED. Score: -0.0776 (Delta: 0.0177)
[GAI-A] Epoch 1500: Val Loss 0.00000 | Temp 0.3750

[GAI-A] --- Stagnation at Score -0.0000 ---
  [GAI-A] [Evolution] Targeting Chain 1 Layer 0 (Imp: 8.704e-06)...
    [GAI-A] -> Mutating: SQUARE ===> TANH
  [GAI-A] [Result] 'TANH' REJECTED. Score: -0.0987 (Delta: -0.0987)
  [GAI-A] Instant Retry: Triggering evolution again...

[GAI-A] --- Stagnation at Score -0.0000 ---
  [GAI-A] [Evolution] Targeting Chain 1 Layer 0 (Imp: 8.704e-06)...
    [GAI-A] -> Mutating: SQUARE ===> GAUSSIAN
  [GAI-A] [Result] 'GAUSSIAN' REJECTED. Score: -0.1325 (Delta: -0.0338)
  [GAI-A] Instant Retry: Triggering evolution again...

[GAI-A] --- Stagnation at Score -0.0000 ---
  [GAI-A] [Evolution] Targeting Chain 1 Layer 0 (Imp: 8.704e-06)...
    [GAI-A] -> Mutating: SQUARE ===> RELU
  [GAI-A] [Result] 'RELU' ACCEPTED. Score: -0.0946 (Delta: 0.0379)
[GAI-A] Epoch 2000: Val Loss 0.09476 | Temp 0.3333

[GAI-A] --- Stagnation at Score -0.0000 ---
  [GAI-A] [Evolution] Targeting Chain 1 Layer 0 (Imp: 1.525e-04)...
    [GAI-A] -> Mutating: RELU ===> SQUARE
  [GAI-A] [Result] 'SQUARE' ACCEPTED. Score: -0.0823 (Delta: 0.0123)

[GAI-A] --- Stagnation at Score -0.0000 ---
  [GAI-A] [Evolution] Targeting Chain 1 Layer 0 (Imp: 2.726e-05)...
    [GAI-A] -> Mutating: SQUARE ===> RELU
  [GAI-A] [Result] 'RELU' REJECTED. Score: -0.0948 (Delta: -0.0948)
  [GAI-A] Instant Retry: Triggering evolution again...

[GAI-A] --- Stagnation at Score -0.0000 ---
  [GAI-A] [Evolution] Targeting Chain 1 Layer 0 (Imp: 2.726e-05)...
  [GAI-A] [Evolution] Targeting Chain 0 Layer 0 (Imp: 2.163e-04)...
    [GAI-A] -> Mutating: SIN ===> TANH
  [GAI-A] [Result] 'TANH' REJECTED. Score: -0.3278 (Delta: -0.2330)
  [GAI-A] Instant Retry: Triggering evolution again...

[GAI-A] --- Stagnation at Score -0.0000 ---
  [GAI-A] [Evolution] Targeting Chain 1 Layer 0 (Imp: 2.726e-05)...
  [GAI-A] [Evolution] Targeting Chain 0 Layer 0 (Imp: 2.163e-04)...
    [GAI-A] -> Mutating: SIN ===> GAUSSIAN
  [GAI-A] [Result] 'GAUSSIAN' REJECTED. Score: -0.5650 (Delta: -0.2372)
  [GAI-A] Instant Retry: Triggering evolution again...

[GAI-A] --- Stagnation at Score -0.0000 ---
  [GAI-A] [Evolution] Targeting Chain 1 Layer 0 (Imp: 2.726e-05)...
  [GAI-A] [Evolution] Targeting Chain 0 Layer 0 (Imp: 2.163e-04)...
    [GAI-A] -> Mutating: SIN ===> SQUARE
  [GAI-A] [Result] 'SQUARE' ACCEPTED. Score: -0.4100 (Delta: 0.1551)

[GAI-A] --- Stagnation at Score -0.0000 ---
  [GAI-A] [Evolution] Targeting Chain 1 Layer 0 (Imp: 7.401e-04)...
  [GAI-A] [Evolution] Targeting Chain 0 Layer 0 (Imp: 8.495e-04)...
    [GAI-A] -> Mutating: SQUARE ===> IDENTITY
[GAI-A] Epoch 2500: Val Loss 0.85913 | Temp 0.2917
  [GAI-A] [Result] 'IDENTITY' REJECTED. Score: -0.4437 (Delta: -0.2080)
  [GAI-A] Instant Retry: Triggering evolution again...

[GAI-A] --- Stagnation at Score -0.0000 ---
  [GAI-A] [Evolution] Targeting Chain 1 Layer 0 (Imp: 7.401e-04)...
  [GAI-A] [Evolution] Targeting Chain 0 Layer 0 (Imp: 8.495e-04)...
    [GAI-A] -> Mutating: SQUARE ===> RELU
  [GAI-A] [Result] 'RELU' REJECTED. Score: -0.5024 (Delta: -0.0588)
  [GAI-A] Instant Retry: Triggering evolution again...

[GAI-A] --- Stagnation at Score -0.0000 ---
  [GAI-A] [Evolution] Targeting Chain 1 Layer 0 (Imp: 7.401e-04)...
  [GAI-A] [Evolution] Targeting Chain 0 Layer 0 (Imp: 8.495e-04)...
    [GAI-A] -> Mutating: SQUARE ===> SIN
  [GAI-A] [Result] 'SIN' ACCEPTED. Score: -0.3465 (Delta: 0.1559)

[GAI-A] --- Stagnation at Score -0.0000 ---
  [GAI-A] [Evolution] Targeting Chain 1 Layer 0 (Imp: 7.499e-04)...
  [GAI-A] [Evolution] Targeting Chain 0 Layer 0 (Imp: 1.110e-03)...
    [GAI-A] -> Mutating: SIN ===> SQUARE
  [GAI-A] [Result] 'SQUARE' REJECTED. Score: -0.3980 (Delta: -0.1839)
  [GAI-A] Instant Retry: Triggering evolution again...

[GAI-A] --- Stagnation at Score -0.0000 ---
  [GAI-A] [Evolution] Targeting Chain 1 Layer 0 (Imp: 7.499e-04)...
  [GAI-A] [Evolution] Targeting Chain 0 Layer 0 (Imp: 1.110e-03)...
[GAI-A] No mutations possible or supported.
[GAI-A] Restoring Best Ever State (Score: -0.0000)
[GAI-A] Epoch 0: Val Loss 1.20577 | Temp 0.5000
[GAI-A] Epoch 500: Val Loss 0.51488 | Temp 0.4583
[GAI-A] Epoch 1000: Val Loss 0.51372 | Temp 0.4167
[GAI-A] Epoch 1500: Val Loss 0.51338 | Temp 0.3750
[GAI-A] Epoch 2000: Val Loss 0.51325 | Temp 0.3333
[GAI-A] Epoch 2500: Val Loss 0.51321 | Temp 0.2917
[GAI-A] Epoch 3000: Val Loss 0.51320 | Temp 0.2500

[GAI-A] --- Stagnation at Score -0.5132 ---
  [GAI-A] [Evolution] Targeting Chain 0 Layer 0 (Imp: 1.358e-06)...
    [GAI-A] -> Mutating: RELU ===> IDENTITY
  [GAI-A] [Result] 'IDENTITY' ACCEPTED. Score: -0.2292 (Delta: 0.2840)
[GAI-A] Epoch 3500: Val Loss 0.22840 | Temp 0.2083

[GAI-A] --- Stagnation at Score -0.2279 ---
  [GAI-A] [Evolution] Targeting Chain 0 Layer 0 (Imp: 8.587e-04)...
    [GAI-A] -> Mutating: IDENTITY ===> SIN
  [GAI-A] [Result] 'SIN' ACCEPTED. Score: -0.2279 (Delta: 0.0006)
[GAI-A] Epoch 4000: Val Loss 0.21761 | Temp 0.1667

[GAI-A] --- Stagnation at Score -0.0002 ---
  [GAI-A] [Evolution] Targeting Chain 0 Layer 0 (Imp: 6.321e-04)...
    [GAI-A] -> Mutating: SIN ===> SQUARE
  [GAI-A] [Result] 'SQUARE' REJECTED. Score: -0.3995 (Delta: -0.3993)
  [GAI-A] Instant Retry: Triggering evolution again...

[GAI-A] --- Stagnation at Score -0.0002 ---
  [GAI-A] [Evolution] Targeting Chain 0 Layer 0 (Imp: 6.321e-04)...
    [GAI-A] -> Mutating: SIN ===> IDENTITY
  [GAI-A] [Result] 'IDENTITY' ACCEPTED. Score: -0.3464 (Delta: 0.0531)
[GAI-A] Epoch 4500: Val Loss 0.27896 | Temp 0.1250

[GAI-A] --- Stagnation at Score -0.0002 ---
  [GAI-A] [Evolution] Targeting Chain 0 Layer 0 (Imp: 7.514e-04)...
    [GAI-A] -> Mutating: IDENTITY ===> RELU
  [GAI-A] [Result] 'RELU' REJECTED. Score: -0.5012 (Delta: -0.2729)
  [GAI-A] Instant Retry: Triggering evolution again...

[GAI-A] --- Stagnation at Score -0.0002 ---
  [GAI-A] [Evolution] Targeting Chain 0 Layer 0 (Imp: 7.514e-04)...
    [GAI-A] -> Mutating: IDENTITY ===> TANH
  [GAI-A] [Result] 'TANH' ACCEPTED. Score: -0.3380 (Delta: 0.1633)

[GAI-A] --- Stagnation at Score -0.0002 ---
  [GAI-A] [Evolution] Targeting Chain 0 Layer 0 (Imp: 6.914e-04)...
    [GAI-A] -> Mutating: TANH ===> GAUSSIAN
  [GAI-A] [Result] 'GAUSSIAN' REJECTED. Score: -1.0799 (Delta: -0.8660)
  [GAI-A] Instant Retry: Triggering evolution again...

[GAI-A] --- Stagnation at Score -0.0002 ---
  [GAI-A] [Evolution] Targeting Chain 0 Layer 0 (Imp: 6.914e-04)...
    [GAI-A] -> Mutating: TANH ===> IDENTITY
  [GAI-A] [Result] 'IDENTITY' ACCEPTED. Score: -0.3182 (Delta: 0.7617)
[GAI-A] Epoch 5000: Val Loss 0.22834 | Temp 0.0833

[GAI-A] --- Stagnation at Score -0.0002 ---
  [GAI-A] [Evolution] Targeting Chain 0 Layer 0 (Imp: 7.173e-04)...
    [GAI-A] -> Mutating: IDENTITY ===> SIN
  [GAI-A] [Result] 'SIN' REJECTED. Score: -0.2309 (Delta: -0.0026)
  [GAI-A] Instant Retry: Triggering evolution again...

[GAI-A] --- Stagnation at Score -0.0002 ---
  [GAI-A] [Evolution] Targeting Chain 0 Layer 0 (Imp: 7.173e-04)...
    [GAI-A] -> Mutating: IDENTITY ===> TANH
  [GAI-A] [Result] 'TANH' REJECTED. Score: -0.3290 (Delta: -0.0981)
  [GAI-A] Instant Retry: Triggering evolution again...

[GAI-A] --- Stagnation at Score -0.0002 ---
  [GAI-A] [Evolution] Targeting Chain 0 Layer 0 (Imp: 7.173e-04)...
  [GAI-A] [Evolution] Targeting Chain 1 Layer 0 (Imp: 2.267e-03)...
    [GAI-A] -> Mutating: SIN ===> TANH
  [GAI-A] [Result] 'TANH' REJECTED. Score: -0.4943 (Delta: -0.1653)
  [GAI-A] Instant Retry: Triggering evolution again...

[GAI-A] --- Stagnation at Score -0.0002 ---
  [GAI-A] [Evolution] Targeting Chain 0 Layer 0 (Imp: 7.173e-04)...
  [GAI-A] [Evolution] Targeting Chain 1 Layer 0 (Imp: 2.267e-03)...
    [GAI-A] -> Mutating: SIN ===> IDENTITY
  [GAI-A] [Result] 'IDENTITY' ACCEPTED. Score: -0.4876 (Delta: 0.0068)

[GAI-A] --- Stagnation at Score -0.0002 ---
  [GAI-A] [Evolution] Targeting Chain 1 Layer 0 (Imp: 9.657e-04)...
    [GAI-A] -> Mutating: IDENTITY ===> SQUARE
  [GAI-A] [Result] 'SQUARE' ACCEPTED. Score: -0.3253 (Delta: 0.0026)

[GAI-A] --- Stagnation at Score -0.0002 ---
  [GAI-A] [Evolution] Targeting Chain 1 Layer 0 (Imp: 3.732e-04)...
    [GAI-A] -> Mutating: SQUARE ===> GAUSSIAN
[GAI-A] Epoch 5500: Val Loss 1.26474 | Temp 0.0417
  [GAI-A] [Result] 'GAUSSIAN' REJECTED. Score: -1.1114 (Delta: -0.8843)
  [GAI-A] Instant Retry: Triggering evolution again...

[GAI-A] --- Stagnation at Score -0.0002 ---
  [GAI-A] [Evolution] Targeting Chain 1 Layer 0 (Imp: 3.732e-04)...
    [GAI-A] -> Mutating: SQUARE ===> RELU
  [GAI-A] [Result] 'RELU' ACCEPTED. Score: -0.2996 (Delta: 0.8118)

[GAI-A] --- Stagnation at Score -0.0002 ---
  [GAI-A] [Evolution] Targeting Chain 1 Layer 0 (Imp: 5.093e-04)...
    [GAI-A] -> Mutating: RELU ===> SIN
  [GAI-A] [Result] 'SIN' REJECTED. Score: -0.3437 (Delta: -0.1038)
  [GAI-A] Instant Retry: Triggering evolution again...

[GAI-A] --- Stagnation at Score -0.0002 ---
  [GAI-A] [Evolution] Targeting Chain 1 Layer 0 (Imp: 5.093e-04)...
    [GAI-A] -> Mutating: RELU ===> SQUARE
  [GAI-A] [Result] 'SQUARE' ACCEPTED. Score: -0.3269 (Delta: 0.0168)

[GAI-A] --- Stagnation at Score -0.0002 ---
  [GAI-A] [Evolution] Targeting Chain 1 Layer 0 (Imp: 4.503e-04)...
    [GAI-A] -> Mutating: SQUARE ===> RELU
  [GAI-A] [Result] 'RELU' REJECTED. Score: -0.2948 (Delta: -0.0677)
  [GAI-A] Instant Retry: Triggering evolution again...

[GAI-A] --- Stagnation at Score -0.0002 ---
  [GAI-A] [Evolution] Targeting Chain 1 Layer 0 (Imp: 4.503e-04)...
    [GAI-A] -> Mutating: SQUARE ===> IDENTITY
  [GAI-A] [Result] 'IDENTITY' REJECTED. Score: -0.3310 (Delta: -0.0362)
  [GAI-A] Instant Retry: Triggering evolution again...

[GAI-A] --- Stagnation at Score -0.0002 ---
  [GAI-A] [Evolution] Targeting Chain 1 Layer 0 (Imp: 4.503e-04)...
  [GAI-A] [Evolution] Targeting Chain 0 Layer 0 (Imp: 1.646e-03)...
[GAI-A] No mutations possible or supported.
[GAI-A] Restoring Best Ever State (Score: -0.0002)
[GAI-A] Epoch 0: Val Loss 1.83687 | Temp 0.5000
[GAI-A] Epoch 500: Val Loss 0.13802 | Temp 0.4583
[GAI-A] Epoch 1000: Val Loss 0.10837 | Temp 0.4167
[GAI-A] Epoch 1500: Val Loss 0.10203 | Temp 0.3750
[GAI-A] Epoch 2000: Val Loss 0.09958 | Temp 0.3333
[GAI-A] Epoch 2500: Val Loss 0.09830 | Temp 0.2917
[GAI-A] Epoch 3000: Val Loss 0.09755 | Temp 0.2500

[GAI-A] --- Stagnation at Score -0.0972 ---
  [GAI-A] [Evolution] Targeting Chain 0 Layer 0 (Imp: 1.133e-03)...
    [GAI-A] -> Mutating: GAUSSIAN ===> SQUARE
  [GAI-A] [Result] 'SQUARE' REJECTED. Score: -1.5596 (Delta: -1.4621)
  [GAI-A] Instant Retry: Triggering evolution again...

[GAI-A] --- Stagnation at Score -0.0972 ---
  [GAI-A] [Evolution] Targeting Chain 0 Layer 0 (Imp: 1.133e-03)...
    [GAI-A] -> Mutating: GAUSSIAN ===> SIN
  [GAI-A] [Result] 'SIN' ACCEPTED. Score: -0.6593 (Delta: 0.9002)

[GAI-A] --- Stagnation at Score -0.0972 ---
  [GAI-A] [Evolution] Targeting Chain 0 Layer 0 (Imp: 2.786e-03)...
    [GAI-A] -> Mutating: SIN ===> RELU
  [GAI-A] [Result] 'RELU' REJECTED. Score: -0.3512 (Delta: -0.1281)
  [GAI-A] Instant Retry: Triggering evolution again...

[GAI-A] --- Stagnation at Score -0.0972 ---
  [GAI-A] [Evolution] Targeting Chain 0 Layer 0 (Imp: 2.786e-03)...
    [GAI-A] -> Mutating: SIN ===> GAUSSIAN
  [GAI-A] [Result] 'GAUSSIAN' REJECTED. Score: -0.8294 (Delta: -0.4781)
  [GAI-A] Instant Retry: Triggering evolution again...

[GAI-A] --- Stagnation at Score -0.0972 ---
  [GAI-A] [Evolution] Targeting Chain 0 Layer 0 (Imp: 2.786e-03)...
    [GAI-A] -> Mutating: SIN ===> IDENTITY
  [GAI-A] [Result] 'IDENTITY' ACCEPTED. Score: -0.3672 (Delta: 0.4622)
[GAI-A] Epoch 3500: Val Loss 0.22821 | Temp 0.2083

[GAI-A] --- Stagnation at Score -0.0972 ---
  [GAI-A] [Evolution] Targeting Chain 0 Layer 0 (Imp: 1.371e-03)...
    [GAI-A] -> Mutating: IDENTITY ===> SIN
  [GAI-A] [Result] 'SIN' REJECTED. Score: -0.2375 (Delta: -0.0093)
  [GAI-A] Instant Retry: Triggering evolution again...

[GAI-A] --- Stagnation at Score -0.0972 ---
  [GAI-A] [Evolution] Targeting Chain 0 Layer 0 (Imp: 1.371e-03)...
    [GAI-A] -> Mutating: IDENTITY ===> TANH
  [GAI-A] [Result] 'TANH' REJECTED. Score: -0.2533 (Delta: -0.0159)
  [GAI-A] Instant Retry: Triggering evolution again...

[GAI-A] --- Stagnation at Score -0.0972 ---
  [GAI-A] [Evolution] Targeting Chain 0 Layer 0 (Imp: 1.371e-03)...
  [GAI-A] [Evolution] Targeting Chain 1 Layer 0 (Imp: 4.039e-03)...
    [GAI-A] -> Mutating: SIN ===> TANH
  [GAI-A] [Result] 'TANH' REJECTED. Score: -0.9259 (Delta: -0.6726)
  [GAI-A] Instant Retry: Triggering evolution again...

[GAI-A] --- Stagnation at Score -0.0972 ---
  [GAI-A] [Evolution] Targeting Chain 0 Layer 0 (Imp: 1.371e-03)...
  [GAI-A] [Evolution] Targeting Chain 1 Layer 0 (Imp: 4.039e-03)...
    [GAI-A] -> Mutating: SIN ===> SQUARE
  [GAI-A] [Result] 'SQUARE' REJECTED. Score: -2.0577 (Delta: -1.1318)
  [GAI-A] Instant Retry: Triggering evolution again...

[GAI-A] --- Stagnation at Score -0.0972 ---
  [GAI-A] [Evolution] Targeting Chain 0 Layer 0 (Imp: 1.371e-03)...
  [GAI-A] [Evolution] Targeting Chain 1 Layer 0 (Imp: 4.039e-03)...
    [GAI-A] -> Mutating: SIN ===> RELU
  [GAI-A] [Result] 'RELU' ACCEPTED. Score: -2.0571 (Delta: 0.0007)

[GAI-A] --- Stagnation at Score -0.0972 ---
  [GAI-A] [Evolution] Targeting Chain 1 Layer 0 (Imp: 5.107e-07)...
    [GAI-A] -> Mutating: RELU ===> GAUSSIAN
  [GAI-A] [Result] 'GAUSSIAN' REJECTED. Score: -2.2579 (Delta: -1.9300)
  [GAI-A] Instant Retry: Triggering evolution again...

[GAI-A] --- Stagnation at Score -0.0972 ---
  [GAI-A] [Evolution] Targeting Chain 1 Layer 0 (Imp: 5.107e-07)...
    [GAI-A] -> Mutating: RELU ===> SIN
  [GAI-A] [Result] 'SIN' ACCEPTED. Score: -0.3312 (Delta: 1.9267)

[GAI-A] --- Stagnation at Score -0.0972 ---
  [GAI-A] [Evolution] Targeting Chain 1 Layer 0 (Imp: 5.871e-05)...
    [GAI-A] -> Mutating: SIN ===> IDENTITY
[GAI-A] Epoch 4000: Val Loss 0.32836 | Temp 0.1667
  [GAI-A] [Result] 'IDENTITY' REJECTED. Score: -0.3289 (Delta: -0.0009)
  [GAI-A] Instant Retry: Triggering evolution again...

[GAI-A] --- Stagnation at Score -0.0972 ---
  [GAI-A] [Evolution] Targeting Chain 1 Layer 0 (Imp: 5.871e-05)...
    [GAI-A] -> Mutating: SIN ===> RELU
  [GAI-A] [Result] 'RELU' ACCEPTED. Score: -0.2920 (Delta: 0.0369)

[GAI-A] --- Stagnation at Score -0.0972 ---
  [GAI-A] [Evolution] Targeting Chain 1 Layer 0 (Imp: 6.338e-04)...
    [GAI-A] -> Mutating: RELU ===> SIN
  [GAI-A] [Result] 'SIN' REJECTED. Score: -0.3297 (Delta: -0.0891)
  [GAI-A] Instant Retry: Triggering evolution again...

[GAI-A] --- Stagnation at Score -0.0972 ---
  [GAI-A] [Evolution] Targeting Chain 1 Layer 0 (Imp: 6.338e-04)...
  [GAI-A] [Evolution] Targeting Chain 0 Layer 0 (Imp: 1.771e-03)...
[GAI-A] No mutations possible or supported.
[GAI-A] Restoring Best Ever State (Score: -0.0972)
[GAI-A] Epoch 0: Val Loss 0.76186 | Temp 0.5000
[GAI-A] Epoch 500: Val Loss 0.15609 | Temp 0.4583
[GAI-A] Epoch 1000: Val Loss 0.14479 | Temp 0.4167
[GAI-A] Epoch 1500: Val Loss 0.14160 | Temp 0.3750
[GAI-A] Epoch 2000: Val Loss 0.14012 | Temp 0.3333
[GAI-A] Epoch 2500: Val Loss 0.13941 | Temp 0.2917
[GAI-A] Epoch 3000: Val Loss 0.13912 | Temp 0.2500
[GAI-A] Epoch 3500: Val Loss 0.13904 | Temp 0.2083

[GAI-A] --- Stagnation at Score -0.1390 ---
  [GAI-A] [Evolution] Targeting Chain 1 Layer 0 (Imp: 1.918e-04)...
    [GAI-A] -> Mutating: GAUSSIAN ===> TANH
  [GAI-A] [Result] 'TANH' REJECTED. Score: -0.1704 (Delta: -0.0313)
  [GAI-A] Instant Retry: Triggering evolution again...

[GAI-A] --- Stagnation at Score -0.1390 ---
  [GAI-A] [Evolution] Targeting Chain 1 Layer 0 (Imp: 1.918e-04)...
    [GAI-A] -> Mutating: GAUSSIAN ===> IDENTITY
  [GAI-A] [Result] 'IDENTITY' ACCEPTED. Score: -0.1703 (Delta: 0.0001)
[GAI-A] Epoch 4000: Val Loss 0.16109 | Temp 0.1667
[GAI-A] Epoch 4500: Val Loss 0.09998 | Temp 0.1250
[GAI-A] Epoch 5000: Val Loss 0.09658 | Temp 0.0833
[GAI-A] Epoch 5500: Val Loss 0.09588 | Temp 0.0417

[GAI-A] --- Stagnation at Score -0.0958 ---
  [GAI-A] [Evolution] Targeting Chain 1 Layer 0 (Imp: 1.239e-03)...
    [GAI-A] -> Mutating: IDENTITY ===> SQUARE
  [GAI-A] [Result] 'SQUARE' REJECTED. Score: -2.4972 (Delta: -2.4014)
  [GAI-A] Instant Retry: Triggering evolution again...

[GAI-A] --- Stagnation at Score -0.0958 ---
  [GAI-A] [Evolution] Targeting Chain 1 Layer 0 (Imp: 1.239e-03)...
    [GAI-A] -> Mutating: IDENTITY ===> RELU
  [GAI-A] [Result] 'RELU' REJECTED. Score: -2.8073 (Delta: -0.3101)
  [GAI-A] Instant Retry: Triggering evolution again...

[GAI-A] --- Stagnation at Score -0.0958 ---
  [GAI-A] [Evolution] Targeting Chain 1 Layer 0 (Imp: 1.239e-03)...
    [GAI-A] -> Mutating: IDENTITY ===> GAUSSIAN
  [GAI-A] [Result] 'GAUSSIAN' REJECTED. Score: -8.6145 (Delta: -5.8072)
  [GAI-A] Instant Retry: Triggering evolution again...

[GAI-A] --- Stagnation at Score -0.0958 ---
  [GAI-A] [Evolution] Targeting Chain 1 Layer 0 (Imp: 1.239e-03)...
    [GAI-A] -> Mutating: IDENTITY ===> SIN
  [GAI-A] [Result] 'SIN' ACCEPTED. Score: -0.1696 (Delta: 8.4450)

[GAI-A] --- Stagnation at Score -0.0958 ---
  [GAI-A] [Evolution] Targeting Chain 1 Layer 0 (Imp: 1.981e-03)...
    [GAI-A] -> Mutating: SIN ===> IDENTITY
  [GAI-A] [Result] 'IDENTITY' REJECTED. Score: -1.2453 (Delta: -1.1244)
  [GAI-A] Instant Retry: Triggering evolution again...

[GAI-A] --- Stagnation at Score -0.0958 ---
  [GAI-A] [Evolution] Targeting Chain 1 Layer 0 (Imp: 1.981e-03)...
  [GAI-A] [Evolution] Targeting Chain 0 Layer 0 (Imp: 3.398e-03)...
    [GAI-A] -> Mutating: TANH ===> SIN
  [GAI-A] [Result] 'SIN' ACCEPTED. Score: -0.3165 (Delta: 0.9288)
[GAI-A] Restoring Best Ever State (Score: -0.0958)
[GAI-A] Epoch 0: Val Loss 0.73717 | Temp 0.5000
[GAI-A] Epoch 500: Val Loss 0.05421 | Temp 0.4583

[GAI-A] --- Stagnation at Score -0.0533 ---
  [GAI-A] [Evolution] Targeting Chain 0 Layer 0 (Imp: 2.825e-04)...
    [GAI-A] -> Mutating: GAUSSIAN ===> SQUARE
  [GAI-A] [Result] 'SQUARE' REJECTED. Score: -0.3825 (Delta: -0.3290)
  [GAI-A] Instant Retry: Triggering evolution again...

[GAI-A] --- Stagnation at Score -0.0533 ---
  [GAI-A] [Evolution] Targeting Chain 0 Layer 0 (Imp: 2.825e-04)...
    [GAI-A] -> Mutating: GAUSSIAN ===> TANH
  [GAI-A] [Result] 'TANH' ACCEPTED. Score: -0.3284 (Delta: 0.0541)

[GAI-A] --- Stagnation at Score -0.0533 ---
  [GAI-A] [Evolution] Targeting Chain 0 Layer 0 (Imp: 7.253e-04)...
    [GAI-A] -> Mutating: TANH ===> SIN
[GAI-A] Epoch 1000: Val Loss 0.25470 | Temp 0.4167
  [GAI-A] [Result] 'SIN' REJECTED. Score: -0.2461 (Delta: -0.0218)
  [GAI-A] Instant Retry: Triggering evolution again...

[GAI-A] --- Stagnation at Score -0.0533 ---
  [GAI-A] [Evolution] Targeting Chain 0 Layer 0 (Imp: 7.253e-04)...
    [GAI-A] -> Mutating: TANH ===> RELU
  [GAI-A] [Result] 'RELU' REJECTED. Score: -0.2925 (Delta: -0.0463)
  [GAI-A] Instant Retry: Triggering evolution again...

[GAI-A] --- Stagnation at Score -0.0533 ---
  [GAI-A] [Evolution] Targeting Chain 0 Layer 0 (Imp: 7.253e-04)...
    [GAI-A] -> Mutating: TANH ===> GAUSSIAN
  [GAI-A] [Result] 'GAUSSIAN' REJECTED. Score: -0.8751 (Delta: -0.5826)
  [GAI-A] Instant Retry: Triggering evolution again...

[GAI-A] --- Stagnation at Score -0.0533 ---
  [GAI-A] [Evolution] Targeting Chain 0 Layer 0 (Imp: 7.253e-04)...
    [GAI-A] -> Mutating: TANH ===> IDENTITY
  [GAI-A] [Result] 'IDENTITY' ACCEPTED. Score: -0.2918 (Delta: 0.5832)

[GAI-A] --- Stagnation at Score -0.0533 ---
  [GAI-A] [Evolution] Targeting Chain 0 Layer 0 (Imp: 6.685e-04)...
    [GAI-A] -> Mutating: IDENTITY ===> TANH
  [GAI-A] [Result] 'TANH' REJECTED. Score: -0.2800 (Delta: -0.0490)
  [GAI-A] Instant Retry: Triggering evolution again...

[GAI-A] --- Stagnation at Score -0.0533 ---
  [GAI-A] [Evolution] Targeting Chain 0 Layer 0 (Imp: 6.685e-04)...
  [GAI-A] [Evolution] Targeting Chain 1 Layer 0 (Imp: 2.940e-03)...
    [GAI-A] -> Mutating: GAUSSIAN ===> TANH
  [GAI-A] [Result] 'TANH' REJECTED. Score: -0.5434 (Delta: -0.2634)
  [GAI-A] Instant Retry: Triggering evolution again...

[GAI-A] --- Stagnation at Score -0.0533 ---
  [GAI-A] [Evolution] Targeting Chain 0 Layer 0 (Imp: 6.685e-04)...
  [GAI-A] [Evolution] Targeting Chain 1 Layer 0 (Imp: 2.940e-03)...
    [GAI-A] -> Mutating: GAUSSIAN ===> RELU
  [GAI-A] [Result] 'RELU' ACCEPTED. Score: -0.5044 (Delta: 0.0390)

[GAI-A] --- Stagnation at Score -0.0533 ---
  [GAI-A] [Evolution] Targeting Chain 1 Layer 0 (Imp: 1.302e-03)...
    [GAI-A] -> Mutating: RELU ===> GAUSSIAN
  [GAI-A] [Result] 'GAUSSIAN' REJECTED. Score: -0.5544 (Delta: -0.2310)
  [GAI-A] Instant Retry: Triggering evolution again...

[GAI-A] --- Stagnation at Score -0.0533 ---
  [GAI-A] [Evolution] Targeting Chain 1 Layer 0 (Imp: 1.302e-03)...
    [GAI-A] -> Mutating: RELU ===> SIN
[GAI-A] Epoch 1500: Val Loss 0.37944 | Temp 0.3750
  [GAI-A] [Result] 'SIN' ACCEPTED. Score: -0.3422 (Delta: 0.2122)

[GAI-A] --- Stagnation at Score -0.0533 ---
  [GAI-A] [Evolution] Targeting Chain 1 Layer 0 (Imp: 1.082e-03)...
    [GAI-A] -> Mutating: SIN ===> RELU
  [GAI-A] [Result] 'RELU' REJECTED. Score: -0.3595 (Delta: -0.0359)
  [GAI-A] Instant Retry: Triggering evolution again...

[GAI-A] --- Stagnation at Score -0.0533 ---
  [GAI-A] [Evolution] Targeting Chain 1 Layer 0 (Imp: 1.082e-03)...
    [GAI-A] -> Mutating: SIN ===> IDENTITY
  [GAI-A] [Result] 'IDENTITY' ACCEPTED. Score: -0.3405 (Delta: 0.0190)

[GAI-A] --- Stagnation at Score -0.0533 ---
  [GAI-A] [Evolution] Targeting Chain 1 Layer 0 (Imp: 5.794e-04)...
    [GAI-A] -> Mutating: IDENTITY ===> SIN
  [GAI-A] [Result] 'SIN' REJECTED. Score: -0.3318 (Delta: -0.0039)
  [GAI-A] Instant Retry: Triggering evolution again...

[GAI-A] --- Stagnation at Score -0.0533 ---
  [GAI-A] [Evolution] Targeting Chain 1 Layer 0 (Imp: 5.794e-04)...
    [GAI-A] -> Mutating: IDENTITY ===> SQUARE
  [GAI-A] [Result] 'SQUARE' REJECTED. Score: -0.3411 (Delta: -0.0093)
  [GAI-A] Instant Retry: Triggering evolution again...

[GAI-A] --- Stagnation at Score -0.0533 ---
  [GAI-A] [Evolution] Targeting Chain 1 Layer 0 (Imp: 5.794e-04)...
  [GAI-A] [Evolution] Targeting Chain 0 Layer 0 (Imp: 2.190e-03)...
[GAI-A] No mutations possible or supported.
[GAI-A] Restoring Best Ever State (Score: -0.0533)
[GAI-A] Epoch 0: Val Loss 1.36756 | Temp 0.5000
[GAI-A] Epoch 500: Val Loss 0.40307 | Temp 0.4583

[GAI-A] --- Stagnation at Score -0.4031 ---
  [GAI-A] [Evolution] Targeting Chain 0 Layer 0 (Imp: 4.986e-04)...
    [GAI-A] -> Mutating: GAUSSIAN ===> SQUARE
  [GAI-A] [Result] 'SQUARE' REJECTED. Score: -0.5698 (Delta: -0.1668)
  [GAI-A] Instant Retry: Triggering evolution again...

[GAI-A] --- Stagnation at Score -0.4031 ---
  [GAI-A] [Evolution] Targeting Chain 0 Layer 0 (Imp: 4.986e-04)...
    [GAI-A] -> Mutating: GAUSSIAN ===> SIN
  [GAI-A] [Result] 'SIN' ACCEPTED. Score: -0.4585 (Delta: 0.1113)

[GAI-A] --- Stagnation at Score -0.2523 ---
  [GAI-A] [Evolution] Targeting Chain 0 Layer 0 (Imp: 4.872e-04)...
    [GAI-A] -> Mutating: SIN ===> RELU
  [GAI-A] [Result] 'RELU' REJECTED. Score: -0.5982 (Delta: -0.3455)
  [GAI-A] Instant Retry: Triggering evolution again...

[GAI-A] --- Stagnation at Score -0.2523 ---
  [GAI-A] [Evolution] Targeting Chain 0 Layer 0 (Imp: 4.872e-04)...
    [GAI-A] -> Mutating: SIN ===> GAUSSIAN
  [GAI-A] [Result] 'GAUSSIAN' ACCEPTED. Score: -0.5682 (Delta: 0.0300)
[GAI-A] Epoch 1000: Val Loss 0.41276 | Temp 0.4167

[GAI-A] --- Stagnation at Score -0.2523 ---
  [GAI-A] [Evolution] Targeting Chain 1 Layer 0 (Imp: 5.682e-04)...
    [GAI-A] -> Mutating: SIN ===> SQUARE
  [GAI-A] [Result] 'SQUARE' ACCEPTED. Score: -0.2742 (Delta: 0.1314)
[GAI-A] Epoch 1500: Val Loss 0.10705 | Temp 0.3750
[GAI-A] Epoch 2000: Val Loss 0.10027 | Temp 0.3333
[GAI-A] Epoch 2500: Val Loss 0.09856 | Temp 0.2917

[GAI-A] --- Stagnation at Score -0.0980 ---
  [GAI-A] [Evolution] Targeting Chain 1 Layer 0 (Imp: 4.099e-04)...
    [GAI-A] -> Mutating: SQUARE ===> GAUSSIAN
  [GAI-A] [Result] 'GAUSSIAN' REJECTED. Score: -2.3065 (Delta: -2.2085)
  [GAI-A] Instant Retry: Triggering evolution again...

[GAI-A] --- Stagnation at Score -0.0980 ---
  [GAI-A] [Evolution] Targeting Chain 1 Layer 0 (Imp: 4.099e-04)...
    [GAI-A] -> Mutating: SQUARE ===> SIN
  [GAI-A] [Result] 'SIN' ACCEPTED. Score: -0.1378 (Delta: 2.1687)
[GAI-A] Epoch 3000: Val Loss 0.11837 | Temp 0.2500

[GAI-A] --- Stagnation at Score -0.0980 ---
  [GAI-A] [Evolution] Targeting Chain 1 Layer 0 (Imp: 7.847e-04)...
    [GAI-A] -> Mutating: SIN ===> TANH
  [GAI-A] [Result] 'TANH' REJECTED. Score: -0.1886 (Delta: -0.0714)
  [GAI-A] Instant Retry: Triggering evolution again...

[GAI-A] --- Stagnation at Score -0.0980 ---
  [GAI-A] [Evolution] Targeting Chain 1 Layer 0 (Imp: 7.847e-04)...
    [GAI-A] -> Mutating: SIN ===> RELU
  [GAI-A] [Result] 'RELU' ACCEPTED. Score: -0.1677 (Delta: 0.0209)

[GAI-A] --- Stagnation at Score -0.0980 ---
  [GAI-A] [Evolution] Targeting Chain 1 Layer 0 (Imp: 5.979e-04)...
    [GAI-A] -> Mutating: RELU ===> SQUARE
  [GAI-A] [Result] 'SQUARE' REJECTED. Score: -0.2247 (Delta: -0.1136)
  [GAI-A] Instant Retry: Triggering evolution again...

[GAI-A] --- Stagnation at Score -0.0980 ---
  [GAI-A] [Evolution] Targeting Chain 1 Layer 0 (Imp: 5.979e-04)...
    [GAI-A] -> Mutating: RELU ===> SIN
  [GAI-A] [Result] 'SIN' ACCEPTED. Score: -0.1392 (Delta: 0.0855)

[GAI-A] --- Stagnation at Score -0.0980 ---
  [GAI-A] [Evolution] Targeting Chain 1 Layer 0 (Imp: 7.074e-04)...
    [GAI-A] -> Mutating: SIN ===> IDENTITY
  [GAI-A] [Result] 'IDENTITY' REJECTED. Score: -0.1640 (Delta: -0.0452)
  [GAI-A] Instant Retry: Triggering evolution again...

[GAI-A] --- Stagnation at Score -0.0980 ---
  [GAI-A] [Evolution] Targeting Chain 1 Layer 0 (Imp: 7.074e-04)...
    [GAI-A] -> Mutating: SIN ===> RELU
[GAI-A] Epoch 3500: Val Loss 0.55315 | Temp 0.2083
  [GAI-A] [Result] 'RELU' ACCEPTED. Score: -0.1443 (Delta: 0.0197)

[GAI-A] --- Stagnation at Score -0.0980 ---
  [GAI-A] [Evolution] Targeting Chain 1 Layer 0 (Imp: 5.307e-04)...
    [GAI-A] -> Mutating: RELU ===> SIN
  [GAI-A] [Result] 'SIN' REJECTED. Score: -0.1372 (Delta: -0.0240)
  [GAI-A] Instant Retry: Triggering evolution again...

[GAI-A] --- Stagnation at Score -0.0980 ---
  [GAI-A] [Evolution] Targeting Chain 1 Layer 0 (Imp: 5.307e-04)...
  [GAI-A] [Evolution] Targeting Chain 0 Layer 0 (Imp: 1.459e-03)...
    [GAI-A] -> Mutating: GAUSSIAN ===> SIN
  [GAI-A] [Result] 'SIN' REJECTED. Score: -0.3659 (Delta: -0.2287)
  [GAI-A] Instant Retry: Triggering evolution again...

[GAI-A] --- Stagnation at Score -0.0980 ---
  [GAI-A] [Evolution] Targeting Chain 1 Layer 0 (Imp: 5.307e-04)...
  [GAI-A] [Evolution] Targeting Chain 0 Layer 0 (Imp: 1.459e-03)...
    [GAI-A] -> Mutating: GAUSSIAN ===> TANH
  [GAI-A] [Result] 'TANH' REJECTED. Score: -0.3948 (Delta: -0.0289)
  [GAI-A] Instant Retry: Triggering evolution again...

[GAI-A] --- Stagnation at Score -0.0980 ---
  [GAI-A] [Evolution] Targeting Chain 1 Layer 0 (Imp: 5.307e-04)...
  [GAI-A] [Evolution] Targeting Chain 0 Layer 0 (Imp: 1.459e-03)...
    [GAI-A] -> Mutating: GAUSSIAN ===> IDENTITY
  [GAI-A] [Result] 'IDENTITY' REJECTED. Score: -0.4268 (Delta: -0.0319)
  [GAI-A] Instant Retry: Triggering evolution again...

[GAI-A] --- Stagnation at Score -0.0980 ---
  [GAI-A] [Evolution] Targeting Chain 1 Layer 0 (Imp: 5.307e-04)...
  [GAI-A] [Evolution] Targeting Chain 0 Layer 0 (Imp: 1.459e-03)...
[GAI-A] No mutations possible or supported.
[GAI-A] Restoring Best Ever State (Score: -0.0980)
[GAI-A] Epoch 0: Val Loss 1.82050 | Temp 0.5000
[GAI-A] Epoch 500: Val Loss 0.00062 | Temp 0.4583
[GAI-A] Epoch 1000: Val Loss 0.00024 | Temp 0.4167

[GAI-A] --- Stagnation at Score -0.0002 ---
  [GAI-A] [Evolution] Targeting Chain 1 Layer 0 (Imp: 1.997e-04)...
    [GAI-A] -> Mutating: SIN ===> RELU
  [GAI-A] [Result] 'RELU' REJECTED. Score: -0.1068 (Delta: -0.1065)
  [GAI-A] Instant Retry: Triggering evolution again...

[GAI-A] --- Stagnation at Score -0.0002 ---
  [GAI-A] [Evolution] Targeting Chain 1 Layer 0 (Imp: 1.997e-04)...
    [GAI-A] -> Mutating: SIN ===> SQUARE
  [GAI-A] [Result] 'SQUARE' REJECTED. Score: -0.1872 (Delta: -0.0804)
  [GAI-A] Instant Retry: Triggering evolution again...

[GAI-A] --- Stagnation at Score -0.0002 ---
  [GAI-A] [Evolution] Targeting Chain 1 Layer 0 (Imp: 1.997e-04)...
    [GAI-A] -> Mutating: SIN ===> TANH
  [GAI-A] [Result] 'TANH' ACCEPTED. Score: -0.1139 (Delta: 0.0733)

[GAI-A] --- Stagnation at Score -0.0002 ---
  [GAI-A] [Evolution] Targeting Chain 1 Layer 0 (Imp: 3.199e-04)...
    [GAI-A] -> Mutating: TANH ===> SIN
  [GAI-A] [Result] 'SIN' REJECTED. Score: -0.0993 (Delta: -0.0038)
  [GAI-A] Instant Retry: Triggering evolution again...

[GAI-A] --- Stagnation at Score -0.0002 ---
  [GAI-A] [Evolution] Targeting Chain 1 Layer 0 (Imp: 3.199e-04)...
    [GAI-A] -> Mutating: TANH ===> GAUSSIAN
  [GAI-A] [Result] 'GAUSSIAN' REJECTED. Score: -0.1620 (Delta: -0.0627)
  [GAI-A] Instant Retry: Triggering evolution again...

[GAI-A] --- Stagnation at Score -0.0002 ---
  [GAI-A] [Evolution] Targeting Chain 1 Layer 0 (Imp: 3.199e-04)...
    [GAI-A] -> Mutating: TANH ===> IDENTITY
  [GAI-A] [Result] 'IDENTITY' ACCEPTED. Score: -0.0983 (Delta: 0.0637)

[GAI-A] --- Stagnation at Score -0.0002 ---
  [GAI-A] [Evolution] Targeting Chain 1 Layer 0 (Imp: 1.679e-04)...
    [GAI-A] -> Mutating: IDENTITY ===> TANH
[GAI-A] Epoch 1500: Val Loss 0.10946 | Temp 0.3750
  [GAI-A] [Result] 'TANH' ACCEPTED. Score: -0.0951 (Delta: 0.0003)

[GAI-A] --- Stagnation at Score -0.0002 ---
  [GAI-A] [Evolution] Targeting Chain 1 Layer 0 (Imp: 8.871e-05)...
    [GAI-A] -> Mutating: TANH ===> IDENTITY
  [GAI-A] [Result] 'IDENTITY' ACCEPTED. Score: -0.0950 (Delta: 0.0002)

[GAI-A] --- Stagnation at Score -0.0002 ---
  [GAI-A] [Evolution] Targeting Chain 1 Layer 0 (Imp: 4.590e-05)...
    [GAI-A] -> Mutating: IDENTITY ===> TANH
  [GAI-A] [Result] 'TANH' ACCEPTED. Score: -0.0951 (Delta: 0.0001)
[GAI-A] Epoch 2000: Val Loss 0.09525 | Temp 0.3333

[GAI-A] --- Stagnation at Score -0.0002 ---
  [GAI-A] [Evolution] Targeting Chain 1 Layer 0 (Imp: 2.573e-05)...
    [GAI-A] -> Mutating: TANH ===> IDENTITY
  [GAI-A] [Result] 'IDENTITY' ACCEPTED. Score: -0.0950 (Delta: 0.0003)

[GAI-A] --- Stagnation at Score -0.0002 ---
  [GAI-A] [Evolution] Targeting Chain 1 Layer 0 (Imp: 1.544e-05)...
    [GAI-A] -> Mutating: IDENTITY ===> TANH
  [GAI-A] [Result] 'TANH' REJECTED. Score: -0.0955 (Delta: -0.0002)
  [GAI-A] Instant Retry: Triggering evolution again...

[GAI-A] --- Stagnation at Score -0.0002 ---
  [GAI-A] [Evolution] Targeting Chain 1 Layer 0 (Imp: 1.544e-05)...
  [GAI-A] [Evolution] Targeting Chain 0 Layer 0 (Imp: 6.375e-04)...
    [GAI-A] -> Mutating: SIN ===> TANH
  [GAI-A] [Result] 'TANH' REJECTED. Score: -0.3858 (Delta: -0.2904)
  [GAI-A] Instant Retry: Triggering evolution again...

[GAI-A] --- Stagnation at Score -0.0002 ---
  [GAI-A] [Evolution] Targeting Chain 1 Layer 0 (Imp: 1.544e-05)...
  [GAI-A] [Evolution] Targeting Chain 0 Layer 0 (Imp: 6.375e-04)...
    [GAI-A] -> Mutating: SIN ===> IDENTITY
  [GAI-A] [Result] 'IDENTITY' ACCEPTED. Score: -0.3552 (Delta: 0.0307)

[GAI-A] --- Stagnation at Score -0.0002 ---
  [GAI-A] [Evolution] Targeting Chain 1 Layer 0 (Imp: 3.839e-04)...
  [GAI-A] [Evolution] Targeting Chain 0 Layer 0 (Imp: 4.004e-04)...
    [GAI-A] -> Mutating: IDENTITY ===> SIN
  [GAI-A] [Result] 'SIN' REJECTED. Score: -0.3299 (Delta: -0.0019)
  [GAI-A] Instant Retry: Triggering evolution again...

[GAI-A] --- Stagnation at Score -0.0002 ---
  [GAI-A] [Evolution] Targeting Chain 1 Layer 0 (Imp: 3.839e-04)...
  [GAI-A] [Evolution] Targeting Chain 0 Layer 0 (Imp: 4.004e-04)...
    [GAI-A] -> Mutating: IDENTITY ===> GAUSSIAN
  [GAI-A] [Result] 'GAUSSIAN' REJECTED. Score: -0.5770 (Delta: -0.2472)
  [GAI-A] Instant Retry: Triggering evolution again...

[GAI-A] --- Stagnation at Score -0.0002 ---
  [GAI-A] [Evolution] Targeting Chain 1 Layer 0 (Imp: 3.839e-04)...
  [GAI-A] [Evolution] Targeting Chain 0 Layer 0 (Imp: 4.004e-04)...
    [GAI-A] -> Mutating: IDENTITY ===> SQUARE
[GAI-A] Epoch 2500: Val Loss 0.33249 | Temp 0.2917
  [GAI-A] [Result] 'SQUARE' ACCEPTED. Score: -0.3350 (Delta: 0.2420)

[GAI-A] --- Stagnation at Score -0.0002 ---
  [GAI-A] [Evolution] Targeting Chain 0 Layer 0 (Imp: 1.108e-04)...
    [GAI-A] -> Mutating: SQUARE ===> IDENTITY
  [GAI-A] [Result] 'IDENTITY' REJECTED. Score: -0.3288 (Delta: -0.0012)
  [GAI-A] Instant Retry: Triggering evolution again...

[GAI-A] --- Stagnation at Score -0.0002 ---
  [GAI-A] [Evolution] Targeting Chain 0 Layer 0 (Imp: 1.108e-04)...
    [GAI-A] -> Mutating: SQUARE ===> RELU
  [GAI-A] [Result] 'RELU' ACCEPTED. Score: -0.3084 (Delta: 0.0204)

[GAI-A] --- Stagnation at Score -0.0002 ---
  [GAI-A] [Evolution] Targeting Chain 0 Layer 0 (Imp: 1.035e-04)...
    [GAI-A] -> Mutating: RELU ===> SQUARE
  [GAI-A] [Result] 'SQUARE' REJECTED. Score: -0.3268 (Delta: -0.0746)
  [GAI-A] Instant Retry: Triggering evolution again...

[GAI-A] --- Stagnation at Score -0.0002 ---
  [GAI-A] [Evolution] Targeting Chain 0 Layer 0 (Imp: 1.035e-04)...
  [GAI-A] [Evolution] Targeting Chain 1 Layer 0 (Imp: 9.353e-04)...
[GAI-A] No mutations possible or supported.
[GAI-A] Restoring Best Ever State (Score: -0.0002)
[GAI-A] Epoch 0: Val Loss 0.91398 | Temp 0.5000
[GAI-A] Epoch 500: Val Loss 0.27013 | Temp 0.4583
[GAI-A] Epoch 1000: Val Loss 0.21862 | Temp 0.4167
[GAI-A] Epoch 1500: Val Loss 0.13447 | Temp 0.3750
[GAI-A] Epoch 2000: Val Loss 0.13418 | Temp 0.3333
[GAI-A] Epoch 2500: Val Loss 0.13389 | Temp 0.2917
[GAI-A] Epoch 3000: Val Loss 0.13331 | Temp 0.2500
[GAI-A] Epoch 3500: Val Loss 0.13202 | Temp 0.2083
[GAI-A] Epoch 4000: Val Loss 0.12923 | Temp 0.1667
[GAI-A] Epoch 4500: Val Loss 0.12459 | Temp 0.1250
[GAI-A] Epoch 5000: Val Loss 0.12072 | Temp 0.0833
[GAI-A] Epoch 5500: Val Loss 0.11774 | Temp 0.0417
[GAI-A] Restoring Best Ever State (Score: -0.1158)
[GAI-A] Epoch 0: Val Loss 0.84782 | Temp 0.5000
[GAI-A] Epoch 500: Val Loss 0.18186 | Temp 0.4583
[GAI-A] Epoch 1000: Val Loss 0.13558 | Temp 0.4167
[GAI-A] Epoch 1500: Val Loss 0.12624 | Temp 0.3750
[GAI-A] Epoch 2000: Val Loss 0.12308 | Temp 0.3333
[GAI-A] Epoch 2500: Val Loss 0.12163 | Temp 0.2917
[GAI-A] Epoch 3000: Val Loss 0.12097 | Temp 0.2500
[GAI-A] Epoch 3500: Val Loss 0.12063 | Temp 0.2083
[GAI-A] Epoch 4000: Val Loss 0.12046 | Temp 0.1667
[GAI-A] Epoch 4500: Val Loss 0.12039 | Temp 0.1250
[GAI-A] Epoch 5000: Val Loss 0.12037 | Temp 0.0833
[GAI-A] Epoch 5500: Val Loss 0.12036 | Temp 0.0417

[GAI-A] --- Stagnation at Score -0.1203 ---
  [GAI-A] [Evolution] Targeting Chain 0 Layer 0 (Imp: 1.317e-04)...
    [GAI-A] -> Mutating: RELU ===> IDENTITY
  [GAI-A] [Result] 'IDENTITY' REJECTED. Score: -0.1535 (Delta: -0.0331)
  [GAI-A] Instant Retry: Triggering evolution again...

[GAI-A] --- Stagnation at Score -0.1203 ---
  [GAI-A] [Evolution] Targeting Chain 0 Layer 0 (Imp: 1.317e-04)...
    [GAI-A] -> Mutating: RELU ===> GAUSSIAN
  [GAI-A] [Result] 'GAUSSIAN' REJECTED. Score: -0.2304 (Delta: -0.0769)
  [GAI-A] Instant Retry: Triggering evolution again...

[GAI-A] --- Stagnation at Score -0.1203 ---
  [GAI-A] [Evolution] Targeting Chain 0 Layer 0 (Imp: 1.317e-04)...
    [GAI-A] -> Mutating: RELU ===> TANH
  [GAI-A] [Result] 'TANH' ACCEPTED. Score: -0.1572 (Delta: 0.0732)

[GAI-A] --- Stagnation at Score -0.1203 ---
  [GAI-A] [Evolution] Targeting Chain 0 Layer 0 (Imp: 3.547e-04)...
    [GAI-A] -> Mutating: TANH ===> SQUARE
[GAI-A] Restoring Best Ever State (Score: -0.1203)
[GAI-A] Epoch 0: Val Loss 2.54117 | Temp 0.5000
[GAI-A] Epoch 500: Val Loss 0.14322 | Temp 0.4583
[GAI-A] Epoch 1000: Val Loss 0.05717 | Temp 0.4167
[GAI-A] Epoch 1500: Val Loss 0.05145 | Temp 0.3750

[GAI-A] --- Stagnation at Score -0.0514 ---
  [GAI-A] [Evolution] Targeting Chain 1 Layer 0 (Imp: 3.171e-04)...
    [GAI-A] -> Mutating: GAUSSIAN ===> SIN
  [GAI-A] [Result] 'SIN' REJECTED. Score: -0.2440 (Delta: -0.1925)
  [GAI-A] Instant Retry: Triggering evolution again...

[GAI-A] --- Stagnation at Score -0.0514 ---
  [GAI-A] [Evolution] Targeting Chain 1 Layer 0 (Imp: 3.171e-04)...
    [GAI-A] -> Mutating: GAUSSIAN ===> TANH
  [GAI-A] [Result] 'TANH' REJECTED. Score: -0.3635 (Delta: -0.1195)
  [GAI-A] Instant Retry: Triggering evolution again...

[GAI-A] --- Stagnation at Score -0.0514 ---
  [GAI-A] [Evolution] Targeting Chain 1 Layer 0 (Imp: 3.171e-04)...
    [GAI-A] -> Mutating: GAUSSIAN ===> RELU
  [GAI-A] [Result] 'RELU' REJECTED. Score: -0.3640 (Delta: -0.0005)
  [GAI-A] Instant Retry: Triggering evolution again...

[GAI-A] --- Stagnation at Score -0.0514 ---
  [GAI-A] [Evolution] Targeting Chain 1 Layer 0 (Imp: 3.171e-04)...
    [GAI-A] -> Mutating: GAUSSIAN ===> SQUARE
  [GAI-A] [Result] 'SQUARE' REJECTED. Score: -0.4254 (Delta: -0.0613)
  [GAI-A] Instant Retry: Triggering evolution again...

[GAI-A] --- Stagnation at Score -0.0514 ---
  [GAI-A] [Evolution] Targeting Chain 1 Layer 0 (Imp: 3.171e-04)...
    [GAI-A] -> Mutating: GAUSSIAN ===> IDENTITY
  [GAI-A] [Result] 'IDENTITY' ACCEPTED. Score: -0.3378 (Delta: 0.0876)

[GAI-A] --- Stagnation at Score -0.0514 ---
  [GAI-A] [Evolution] Targeting Chain 1 Layer 0 (Imp: 8.272e-04)...
    [GAI-A] -> Mutating: IDENTITY ===> GAUSSIAN
  [GAI-A] [Result] 'GAUSSIAN' REJECTED. Score: -1.2174 (Delta: -0.9891)
  [GAI-A] Instant Retry: Triggering evolution again...

[GAI-A] --- Stagnation at Score -0.0514 ---
  [GAI-A] [Evolution] Targeting Chain 1 Layer 0 (Imp: 8.272e-04)...
  [GAI-A] [Evolution] Targeting Chain 0 Layer 0 (Imp: 2.559e-03)...
    [GAI-A] -> Mutating: SIN ===> SQUARE
  [GAI-A] [Result] 'SQUARE' ACCEPTED. Score: -0.6002 (Delta: 0.6171)
[GAI-A] Epoch 2000: Val Loss 0.32586 | Temp 0.3333

[GAI-A] --- Stagnation at Score -0.0514 ---
  [GAI-A] [Evolution] Targeting Chain 0 Layer 0 (Imp: 6.812e-04)...
    [GAI-A] -> Mutating: SQUARE ===> GAUSSIAN
  [GAI-A] [Result] 'GAUSSIAN' REJECTED. Score: -0.7273 (Delta: -0.3996)
  [GAI-A] Instant Retry: Triggering evolution again...

[GAI-A] --- Stagnation at Score -0.0514 ---
  [GAI-A] [Evolution] Targeting Chain 0 Layer 0 (Imp: 6.812e-04)...
    [GAI-A] -> Mutating: SQUARE ===> TANH
  [GAI-A] [Result] 'TANH' ACCEPTED. Score: -0.3333 (Delta: 0.3940)

[GAI-A] --- Stagnation at Score -0.0514 ---
  [GAI-A] [Evolution] Targeting Chain 0 Layer 0 (Imp: 3.711e-04)...
    [GAI-A] -> Mutating: TANH ===> SIN
  [GAI-A] [Result] 'SIN' REJECTED. Score: -0.3279 (Delta: -0.0025)
  [GAI-A] Instant Retry: Triggering evolution again...

[GAI-A] --- Stagnation at Score -0.0514 ---
  [GAI-A] [Evolution] Targeting Chain 0 Layer 0 (Imp: 3.711e-04)...
    [GAI-A] -> Mutating: TANH ===> IDENTITY
  [GAI-A] [Result] 'IDENTITY' ACCEPTED. Score: -0.3272 (Delta: 0.0007)

[GAI-A] --- Stagnation at Score -0.0514 ---
  [GAI-A] [Evolution] Targeting Chain 0 Layer 0 (Imp: 3.170e-04)...
    [GAI-A] -> Mutating: IDENTITY ===> TANH
[GAI-A] Epoch 2500: Val Loss 0.33064 | Temp 0.2917
  [GAI-A] [Result] 'TANH' REJECTED. Score: -0.3283 (Delta: -0.0003)
  [GAI-A] Instant Retry: Triggering evolution again...

[GAI-A] --- Stagnation at Score -0.0514 ---
  [GAI-A] [Evolution] Targeting Chain 0 Layer 0 (Imp: 3.170e-04)...
    [GAI-A] -> Mutating: IDENTITY ===> RELU
  [GAI-A] [Result] 'RELU' ACCEPTED. Score: -0.3057 (Delta: 0.0226)

[GAI-A] --- Stagnation at Score -0.0514 ---
  [GAI-A] [Evolution] Targeting Chain 0 Layer 0 (Imp: 1.054e-03)...
    [GAI-A] -> Mutating: RELU ===> IDENTITY
  [GAI-A] [Result] 'IDENTITY' REJECTED. Score: -0.4061 (Delta: -0.1445)
  [GAI-A] Instant Retry: Triggering evolution again...

[GAI-A] --- Stagnation at Score -0.0514 ---
  [GAI-A] [Evolution] Targeting Chain 0 Layer 0 (Imp: 1.054e-03)...
    [GAI-A] -> Mutating: RELU ===> SQUARE
  [GAI-A] [Result] 'SQUARE' REJECTED. Score: -0.4700 (Delta: -0.0639)
  [GAI-A] Instant Retry: Triggering evolution again...

[GAI-A] --- Stagnation at Score -0.0514 ---
  [GAI-A] [Evolution] Targeting Chain 0 Layer 0 (Imp: 1.054e-03)...
  [GAI-A] [Evolution] Targeting Chain 1 Layer 0 (Imp: 1.683e-03)...
[GAI-A] No mutations possible or supported.
[GAI-A] Restoring Best Ever State (Score: -0.0514)
[GAI-A] Epoch 0: Val Loss 2.22078 | Temp 0.5000

[GAI-A] --- Stagnation at Score -0.5349 ---
  [GAI-A] [Evolution] Targeting Chain 0 Layer 0 (Imp: 6.025e-04)...
    [GAI-A] -> Mutating: GAUSSIAN ===> TANH
[GAI-A] Epoch 500: Val Loss 0.17236 | Temp 0.4583
[GAI-A] Epoch 1000: Val Loss 0.10448 | Temp 0.4167
[GAI-A] Epoch 1500: Val Loss 0.09026 | Temp 0.3750
[GAI-A] Epoch 2000: Val Loss 0.08576 | Temp 0.3333
[GAI-A] Epoch 2500: Val Loss 0.08383 | Temp 0.2917
  [GAI-A] [Result] 'TANH' ACCEPTED. Score: -0.0829 (Delta: 0.4641)
[GAI-A] Epoch 3000: Val Loss 0.08294 | Temp 0.2500
[GAI-A] Epoch 3500: Val Loss 0.08247 | Temp 0.2083
[GAI-A] Epoch 4000: Val Loss 0.08222 | Temp 0.1667

[GAI-A] --- Stagnation at Score -0.0822 ---
  [GAI-A] [Evolution] Targeting Chain 1 Layer 0 (Imp: 3.655e-04)...
    [GAI-A] -> Mutating: SIN ===> SQUARE
  [GAI-A] [Result] 'SQUARE' REJECTED. Score: -0.1887 (Delta: -0.1065)
  [GAI-A] Instant Retry: Triggering evolution again...

[GAI-A] --- Stagnation at Score -0.0822 ---
  [GAI-A] [Evolution] Targeting Chain 1 Layer 0 (Imp: 3.655e-04)...
    [GAI-A] -> Mutating: SIN ===> RELU
  [GAI-A] [Result] 'RELU' ACCEPTED. Score: -0.1819 (Delta: 0.0068)

[GAI-A] --- Stagnation at Score -0.0822 ---
  [GAI-A] [Evolution] Targeting Chain 1 Layer 0 (Imp: 2.616e-04)...
    [GAI-A] -> Mutating: RELU ===> SIN
  [GAI-A] [Result] 'SIN' REJECTED. Score: -0.1543 (Delta: -0.0108)
  [GAI-A] Instant Retry: Triggering evolution again...

[GAI-A] --- Stagnation at Score -0.0822 ---
  [GAI-A] [Evolution] Targeting Chain 1 Layer 0 (Imp: 2.616e-04)...
    [GAI-A] -> Mutating: RELU ===> IDENTITY
  [GAI-A] [Result] 'IDENTITY' REJECTED. Score: -0.1655 (Delta: -0.0111)
  [GAI-A] Instant Retry: Triggering evolution again...

[GAI-A] --- Stagnation at Score -0.0822 ---
  [GAI-A] [Evolution] Targeting Chain 1 Layer 0 (Imp: 2.616e-04)...
    [GAI-A] -> Mutating: RELU ===> GAUSSIAN
  [GAI-A] [Result] 'GAUSSIAN' REJECTED. Score: -0.1712 (Delta: -0.0058)
  [GAI-A] Instant Retry: Triggering evolution again...

[GAI-A] --- Stagnation at Score -0.0822 ---
  [GAI-A] [Evolution] Targeting Chain 1 Layer 0 (Imp: 2.616e-04)...
    [GAI-A] -> Mutating: RELU ===> TANH
  [GAI-A] [Result] 'TANH' ACCEPTED. Score: -0.1660 (Delta: 0.0052)
[GAI-A] Epoch 4500: Val Loss 0.13658 | Temp 0.1250

[GAI-A] --- Stagnation at Score -0.0822 ---
  [GAI-A] [Evolution] Targeting Chain 1 Layer 0 (Imp: 2.605e-04)...
    [GAI-A] -> Mutating: TANH ===> RELU
  [GAI-A] [Result] 'RELU' REJECTED. Score: -0.1679 (Delta: -0.0317)
  [GAI-A] Instant Retry: Triggering evolution again...

[GAI-A] --- Stagnation at Score -0.0822 ---
  [GAI-A] [Evolution] Targeting Chain 1 Layer 0 (Imp: 2.605e-04)...
  [GAI-A] [Evolution] Targeting Chain 0 Layer 0 (Imp: 9.843e-04)...
    [GAI-A] -> Mutating: TANH ===> GAUSSIAN
  [GAI-A] [Result] 'GAUSSIAN' REJECTED. Score: -0.9194 (Delta: -0.7515)
  [GAI-A] Instant Retry: Triggering evolution again...

[GAI-A] --- Stagnation at Score -0.0822 ---
  [GAI-A] [Evolution] Targeting Chain 1 Layer 0 (Imp: 2.605e-04)...
  [GAI-A] [Evolution] Targeting Chain 0 Layer 0 (Imp: 9.843e-04)...
    [GAI-A] -> Mutating: TANH ===> RELU
  [GAI-A] [Result] 'RELU' ACCEPTED. Score: -0.6578 (Delta: 0.2616)

[GAI-A] --- Stagnation at Score -0.0822 ---
  [GAI-A] [Evolution] Targeting Chain 0 Layer 0 (Imp: 7.369e-04)...
    [GAI-A] -> Mutating: RELU ===> TANH
  [GAI-A] [Result] 'TANH' REJECTED. Score: -0.3496 (Delta: -0.0692)
  [GAI-A] Instant Retry: Triggering evolution again...

[GAI-A] --- Stagnation at Score -0.0822 ---
  [GAI-A] [Evolution] Targeting Chain 0 Layer 0 (Imp: 7.369e-04)...
    [GAI-A] -> Mutating: RELU ===> SQUARE
  [GAI-A] [Result] 'SQUARE' REJECTED. Score: -0.3789 (Delta: -0.0292)
  [GAI-A] Instant Retry: Triggering evolution again...

[GAI-A] --- Stagnation at Score -0.0822 ---
  [GAI-A] [Evolution] Targeting Chain 0 Layer 0 (Imp: 7.369e-04)...
    [GAI-A] -> Mutating: RELU ===> SIN
  [GAI-A] [Result] 'SIN' ACCEPTED. Score: -0.3289 (Delta: 0.0500)

[GAI-A] --- Stagnation at Score -0.0822 ---
  [GAI-A] [Evolution] Targeting Chain 0 Layer 0 (Imp: 9.081e-04)...
    [GAI-A] -> Mutating: SIN ===> RELU
  [GAI-A] [Result] 'RELU' REJECTED. Score: -0.3761 (Delta: -0.1278)
  [GAI-A] Instant Retry: Triggering evolution again...

[GAI-A] --- Stagnation at Score -0.0822 ---
  [GAI-A] [Evolution] Targeting Chain 0 Layer 0 (Imp: 9.081e-04)...
    [GAI-A] -> Mutating: SIN ===> IDENTITY
[GAI-A] Epoch 5000: Val Loss 0.49482 | Temp 0.0833
  [GAI-A] [Result] 'IDENTITY' ACCEPTED. Score: -0.3399 (Delta: 0.0362)

[GAI-A] --- Stagnation at Score -0.0822 ---
  [GAI-A] [Evolution] Targeting Chain 0 Layer 0 (Imp: 6.580e-04)...
    [GAI-A] -> Mutating: IDENTITY ===> SIN
  [GAI-A] [Result] 'SIN' REJECTED. Score: -0.2647 (Delta: -0.0143)
  [GAI-A] Instant Retry: Triggering evolution again...

[GAI-A] --- Stagnation at Score -0.0822 ---
  [GAI-A] [Evolution] Targeting Chain 0 Layer 0 (Imp: 6.580e-04)...
  [GAI-A] [Evolution] Targeting Chain 1 Layer 0 (Imp: 1.402e-03)...
[GAI-A] No mutations possible or supported.
[GAI-A] Restoring Best Ever State (Score: -0.0822)
[GAI-A] Epoch 0: Val Loss 0.64495 | Temp 0.5000
[GAI-A] Epoch 500: Val Loss 0.14090 | Temp 0.4583
[GAI-A] Epoch 1000: Val Loss 0.13824 | Temp 0.4167
[GAI-A] Epoch 1500: Val Loss 0.13769 | Temp 0.3750
[GAI-A] Epoch 2000: Val Loss 0.13561 | Temp 0.3333

[GAI-A] --- Stagnation at Score -0.1356 ---
  [GAI-A] [Evolution] Targeting Chain 0 Layer 0 (Imp: 4.562e-04)...
    [GAI-A] -> Mutating: RELU ===> IDENTITY
  [GAI-A] [Result] 'IDENTITY' REJECTED. Score: -0.3842 (Delta: -0.2485)
  [GAI-A] Instant Retry: Triggering evolution again...

[GAI-A] --- Stagnation at Score -0.1356 ---
  [GAI-A] [Evolution] Targeting Chain 0 Layer 0 (Imp: 4.562e-04)...
    [GAI-A] -> Mutating: RELU ===> GAUSSIAN
  [GAI-A] [Result] 'GAUSSIAN' REJECTED. Score: -0.4460 (Delta: -0.0618)
  [GAI-A] Instant Retry: Triggering evolution again...

[GAI-A] --- Stagnation at Score -0.1356 ---
  [GAI-A] [Evolution] Targeting Chain 0 Layer 0 (Imp: 4.562e-04)...
    [GAI-A] -> Mutating: RELU ===> TANH
  [GAI-A] [Result] 'TANH' ACCEPTED. Score: -0.3846 (Delta: 0.0614)

[GAI-A] --- Stagnation at Score -0.1356 ---
  [GAI-A] [Evolution] Targeting Chain 0 Layer 0 (Imp: 4.724e-04)...
    [GAI-A] -> Mutating: TANH ===> SIN
  [GAI-A] [Result] 'SIN' REJECTED. Score: -0.1570 (Delta: -0.0119)
  [GAI-A] Instant Retry: Triggering evolution again...

[GAI-A] --- Stagnation at Score -0.1356 ---
  [GAI-A] [Evolution] Targeting Chain 0 Layer 0 (Imp: 4.724e-04)...
    [GAI-A] -> Mutating: TANH ===> SQUARE
  [GAI-A] [Result] 'SQUARE' REJECTED. Score: -0.1842 (Delta: -0.0272)
  [GAI-A] Instant Retry: Triggering evolution again...

[GAI-A] --- Stagnation at Score -0.1356 ---
  [GAI-A] [Evolution] Targeting Chain 0 Layer 0 (Imp: 4.724e-04)...
    [GAI-A] -> Mutating: TANH ===> RELU
  [GAI-A] [Result] 'RELU' ACCEPTED. Score: -0.1772 (Delta: 0.0070)
[GAI-A] Epoch 2500: Val Loss 0.15279 | Temp 0.2917

[GAI-A] --- Stagnation at Score -0.1356 ---
  [GAI-A] [Evolution] Targeting Chain 0 Layer 0 (Imp: 3.192e-04)...
    [GAI-A] -> Mutating: RELU ===> TANH
  [GAI-A] [Result] 'TANH' REJECTED. Score: -0.1671 (Delta: -0.0241)
  [GAI-A] Instant Retry: Triggering evolution again...

[GAI-A] --- Stagnation at Score -0.1356 ---
  [GAI-A] [Evolution] Targeting Chain 0 Layer 0 (Imp: 3.192e-04)...
  [GAI-A] [Evolution] Targeting Chain 1 Layer 0 (Imp: 9.899e-04)...
    [GAI-A] -> Mutating: TANH ===> SIN
  [GAI-A] [Result] 'SIN' REJECTED. Score: -0.3755 (Delta: -0.2084)
  [GAI-A] Instant Retry: Triggering evolution again...

[GAI-A] --- Stagnation at Score -0.1356 ---
  [GAI-A] [Evolution] Targeting Chain 0 Layer 0 (Imp: 3.192e-04)...
  [GAI-A] [Evolution] Targeting Chain 1 Layer 0 (Imp: 9.899e-04)...
    [GAI-A] -> Mutating: TANH ===> SQUARE
  [GAI-A] [Result] 'SQUARE' REJECTED. Score: -0.6633 (Delta: -0.2878)
  [GAI-A] Instant Retry: Triggering evolution again...

[GAI-A] --- Stagnation at Score -0.1356 ---
  [GAI-A] [Evolution] Targeting Chain 0 Layer 0 (Imp: 3.192e-04)...
  [GAI-A] [Evolution] Targeting Chain 1 Layer 0 (Imp: 9.899e-04)...
    [GAI-A] -> Mutating: TANH ===> GAUSSIAN
  [GAI-A] [Result] 'GAUSSIAN' REJECTED. Score: -0.7058 (Delta: -0.0425)
  [GAI-A] Instant Retry: Triggering evolution again...

[GAI-A] --- Stagnation at Score -0.1356 ---
  [GAI-A] [Evolution] Targeting Chain 0 Layer 0 (Imp: 3.192e-04)...
  [GAI-A] [Evolution] Targeting Chain 1 Layer 0 (Imp: 9.899e-04)...
    [GAI-A] -> Mutating: TANH ===> RELU
  [GAI-A] [Result] 'RELU' REJECTED. Score: -0.7533 (Delta: -0.0475)
  [GAI-A] Instant Retry: Triggering evolution again...

[GAI-A] --- Stagnation at Score -0.1356 ---
  [GAI-A] [Evolution] Targeting Chain 0 Layer 0 (Imp: 3.192e-04)...
  [GAI-A] [Evolution] Targeting Chain 1 Layer 0 (Imp: 9.899e-04)...
    [GAI-A] -> Mutating: TANH ===> IDENTITY
  [GAI-A] [Result] 'IDENTITY' ACCEPTED. Score: -0.6134 (Delta: 0.1399)

[GAI-A] --- Stagnation at Score -0.1356 ---
  [GAI-A] [Evolution] Targeting Chain 1 Layer 0 (Imp: 5.400e-04)...
    [GAI-A] -> Mutating: IDENTITY ===> TANH
  [GAI-A] [Result] 'TANH' ACCEPTED. Score: -0.2991 (Delta: 0.0138)
[GAI-A] Epoch 3000: Val Loss 0.28694 | Temp 0.2500

[GAI-A] --- Stagnation at Score -0.1356 ---
  [GAI-A] [Evolution] Targeting Chain 1 Layer 0 (Imp: 2.356e-04)...
    [GAI-A] -> Mutating: TANH ===> IDENTITY
  [GAI-A] [Result] 'IDENTITY' ACCEPTED. Score: -0.2806 (Delta: 0.0025)

[GAI-A] --- Stagnation at Score -0.1356 ---
  [GAI-A] [Evolution] Targeting Chain 1 Layer 0 (Imp: 6.369e-04)...
    [GAI-A] -> Mutating: IDENTITY ===> TANH
  [GAI-A] [Result] 'TANH' REJECTED. Score: -0.3217 (Delta: -0.0669)
  [GAI-A] Instant Retry: Triggering evolution again...

[GAI-A] --- Stagnation at Score -0.1356 ---
  [GAI-A] [Evolution] Targeting Chain 1 Layer 0 (Imp: 6.369e-04)...
  [GAI-A] [Evolution] Targeting Chain 0 Layer 0 (Imp: 1.659e-03)...
[GAI-A] No mutations possible or supported.
[GAI-A] Restoring Best Ever State (Score: -0.1356)
[GAI-A] Epoch 0: Val Loss 1.64435 | Temp 0.5000
[GAI-A] Epoch 500: Val Loss 0.21431 | Temp 0.4583
[GAI-A] Epoch 1000: Val Loss 0.15517 | Temp 0.4167
[GAI-A] Epoch 1500: Val Loss 0.14883 | Temp 0.3750
[GAI-A] Epoch 2000: Val Loss 0.14690 | Temp 0.3333
[GAI-A] Epoch 2500: Val Loss 0.14614 | Temp 0.2917
[GAI-A] Epoch 3000: Val Loss 0.14580 | Temp 0.2500
[GAI-A] Epoch 3500: Val Loss 0.14564 | Temp 0.2083
[GAI-A] Epoch 4000: Val Loss 0.14557 | Temp 0.1667
[GAI-A] Epoch 4500: Val Loss 0.14553 | Temp 0.1250
[GAI-A] Epoch 5000: Val Loss 0.14552 | Temp 0.0833
[GAI-A] Epoch 5500: Val Loss 0.14552 | Temp 0.0417
[GAI-A] Restoring Best Ever State (Score: -0.1455)
[GAI-A] Epoch 0: Val Loss 1.85535 | Temp 0.5000
[GAI-A] Epoch 500: Val Loss 0.18847 | Temp 0.4583
[GAI-A] Epoch 1000: Val Loss 0.18728 | Temp 0.4167
[GAI-A] Epoch 1500: Val Loss 0.18632 | Temp 0.3750
[GAI-A] Epoch 2000: Val Loss 0.18559 | Temp 0.3333
[GAI-A] Epoch 2500: Val Loss 0.18505 | Temp 0.2917
[GAI-A] Epoch 3000: Val Loss 0.18463 | Temp 0.2500
[GAI-A] Epoch 3500: Val Loss 0.18429 | Temp 0.2083
[GAI-A] Epoch 4000: Val Loss 0.18403 | Temp 0.1667
[GAI-A] Epoch 4500: Val Loss 0.18381 | Temp 0.1250
[GAI-A] Epoch 5000: Val Loss 0.18363 | Temp 0.0833
[GAI-A] Epoch 5500: Val Loss 0.18343 | Temp 0.0417
[GAI-A] Restoring Best Ever State (Score: -0.1833)
[GAI-A] Epoch 0: Val Loss 1.27159 | Temp 0.5000
[GAI-A] Epoch 500: Val Loss 0.10021 | Temp 0.4583
[GAI-A] Epoch 1000: Val Loss 0.09773 | Temp 0.4167
[GAI-A] Epoch 1500: Val Loss 0.09751 | Temp 0.3750
[GAI-A] Epoch 2000: Val Loss 0.09749 | Temp 0.3333
[GAI-A] Epoch 2500: Val Loss 0.09749 | Temp 0.2917

[GAI-A] --- Stagnation at Score -0.0975 ---
  [GAI-A] [Evolution] Targeting Chain 0 Layer 0 (Imp: 1.093e-04)...
    [GAI-A] -> Mutating: RELU ===> IDENTITY
  [GAI-A] [Result] 'IDENTITY' REJECTED. Score: -0.1370 (Delta: -0.0395)
  [GAI-A] Instant Retry: Triggering evolution again...

[GAI-A] --- Stagnation at Score -0.0975 ---
  [GAI-A] [Evolution] Targeting Chain 0 Layer 0 (Imp: 1.093e-04)...
    [GAI-A] -> Mutating: RELU ===> TANH
  [GAI-A] [Result] 'TANH' REJECTED. Score: -0.1382 (Delta: -0.0013)
  [GAI-A] Instant Retry: Triggering evolution again...

[GAI-A] --- Stagnation at Score -0.0975 ---
  [GAI-A] [Evolution] Targeting Chain 0 Layer 0 (Imp: 1.093e-04)...
    [GAI-A] -> Mutating: RELU ===> SQUARE
  [GAI-A] [Result] 'SQUARE' ACCEPTED. Score: -0.1174 (Delta: 0.0208)

[GAI-A] --- Stagnation at Score -0.0425 ---
  [GAI-A] [Evolution] Targeting Chain 0 Layer 0 (Imp: 1.651e-04)...
    [GAI-A] -> Mutating: SQUARE ===> RELU
[GAI-A] Epoch 3000: Val Loss 0.14088 | Temp 0.2500
  [GAI-A] [Result] 'RELU' REJECTED. Score: -0.1321 (Delta: -0.0894)
  [GAI-A] Instant Retry: Triggering evolution again...

[GAI-A] --- Stagnation at Score -0.0425 ---
  [GAI-A] [Evolution] Targeting Chain 0 Layer 0 (Imp: 1.651e-04)...
    [GAI-A] -> Mutating: SQUARE ===> SIN
  [GAI-A] [Result] 'SIN' REJECTED. Score: -0.1420 (Delta: -0.0099)
  [GAI-A] Instant Retry: Triggering evolution again...

[GAI-A] --- Stagnation at Score -0.0425 ---
  [GAI-A] [Evolution] Targeting Chain 0 Layer 0 (Imp: 1.651e-04)...
    [GAI-A] -> Mutating: SQUARE ===> GAUSSIAN
  [GAI-A] [Result] 'GAUSSIAN' REJECTED. Score: -0.6249 (Delta: -0.4829)
  [GAI-A] Instant Retry: Triggering evolution again...

[GAI-A] --- Stagnation at Score -0.0425 ---
  [GAI-A] [Evolution] Targeting Chain 0 Layer 0 (Imp: 1.651e-04)...
  [GAI-A] [Evolution] Targeting Chain 1 Layer 0 (Imp: 3.081e-04)...
    [GAI-A] -> Mutating: GAUSSIAN ===> RELU
  [GAI-A] [Result] 'RELU' ACCEPTED. Score: -0.3524 (Delta: 0.2726)

[GAI-A] --- Stagnation at Score -0.0425 ---
  [GAI-A] [Evolution] Targeting Chain 0 Layer 0 (Imp: 6.326e-04)...
  [GAI-A] [Evolution] Targeting Chain 1 Layer 0 (Imp: 8.752e-04)...
    [GAI-A] -> Mutating: RELU ===> SQUARE
  [GAI-A] [Result] 'SQUARE' REJECTED. Score: -0.3563 (Delta: -0.1634)
  [GAI-A] Instant Retry: Triggering evolution again...

[GAI-A] --- Stagnation at Score -0.0425 ---
  [GAI-A] [Evolution] Targeting Chain 0 Layer 0 (Imp: 6.326e-04)...
  [GAI-A] [Evolution] Targeting Chain 1 Layer 0 (Imp: 8.752e-04)...
    [GAI-A] -> Mutating: RELU ===> IDENTITY
  [GAI-A] [Result] 'IDENTITY' ACCEPTED. Score: -0.2598 (Delta: 0.0965)

[GAI-A] --- Stagnation at Score -0.0425 ---
  [GAI-A] [Evolution] Targeting Chain 0 Layer 0 (Imp: 6.512e-04)...
  [GAI-A] [Evolution] Targeting Chain 1 Layer 0 (Imp: 8.298e-04)...
    [GAI-A] -> Mutating: IDENTITY ===> RELU
  [GAI-A] [Result] 'RELU' REJECTED. Score: -0.4498 (Delta: -0.2227)
  [GAI-A] Instant Retry: Triggering evolution again...

[GAI-A] --- Stagnation at Score -0.0425 ---
  [GAI-A] [Evolution] Targeting Chain 0 Layer 0 (Imp: 6.512e-04)...
  [GAI-A] [Evolution] Targeting Chain 1 Layer 0 (Imp: 8.298e-04)...
    [GAI-A] -> Mutating: IDENTITY ===> GAUSSIAN
  [GAI-A] [Result] 'GAUSSIAN' REJECTED. Score: -1.2199 (Delta: -0.7700)
  [GAI-A] Instant Retry: Triggering evolution again...

[GAI-A] --- Stagnation at Score -0.0425 ---
  [GAI-A] [Evolution] Targeting Chain 0 Layer 0 (Imp: 6.512e-04)...
  [GAI-A] [Evolution] Targeting Chain 1 Layer 0 (Imp: 8.298e-04)...
    [GAI-A] -> Mutating: IDENTITY ===> SIN
[GAI-A] Epoch 3500: Val Loss 0.62645 | Temp 0.2083
  [GAI-A] [Result] 'SIN' ACCEPTED. Score: -0.2434 (Delta: 0.9765)

[GAI-A] --- Stagnation at Score -0.0425 ---
  [GAI-A] [Evolution] Targeting Chain 0 Layer 0 (Imp: 5.460e-04)...
  [GAI-A] [Evolution] Targeting Chain 1 Layer 0 (Imp: 8.576e-04)...
    [GAI-A] -> Mutating: SIN ===> TANH
  [GAI-A] [Result] 'TANH' REJECTED. Score: -0.2902 (Delta: -0.0692)
  [GAI-A] Instant Retry: Triggering evolution again...

[GAI-A] --- Stagnation at Score -0.0425 ---
  [GAI-A] [Evolution] Targeting Chain 0 Layer 0 (Imp: 5.460e-04)...
  [GAI-A] [Evolution] Targeting Chain 1 Layer 0 (Imp: 8.576e-04)...
    [GAI-A] -> Mutating: SIN ===> IDENTITY
  [GAI-A] [Result] 'IDENTITY' ACCEPTED. Score: -0.2820 (Delta: 0.0082)

[GAI-A] --- Stagnation at Score -0.0425 ---
  [GAI-A] [Evolution] Targeting Chain 0 Layer 0 (Imp: 7.573e-04)...
  [GAI-A] [Evolution] Targeting Chain 1 Layer 0 (Imp: 7.935e-04)...
    [GAI-A] -> Mutating: IDENTITY ===> SIN
  [GAI-A] [Result] 'SIN' REJECTED. Score: -0.2414 (Delta: -0.0142)
  [GAI-A] Instant Retry: Triggering evolution again...

[GAI-A] --- Stagnation at Score -0.0425 ---
  [GAI-A] [Evolution] Targeting Chain 0 Layer 0 (Imp: 7.573e-04)...
  [GAI-A] [Evolution] Targeting Chain 1 Layer 0 (Imp: 7.935e-04)...
[GAI-A] No mutations possible or supported.
[GAI-A] Restoring Best Ever State (Score: -0.0425)
[GAI-A] Epoch 0: Val Loss 0.84115 | Temp 0.5000

[GAI-A] --- Stagnation at Score -0.2875 ---
  [GAI-A] [Evolution] Targeting Chain 0 Layer 0 (Imp: 5.621e-05)...
    [GAI-A] -> Mutating: RELU ===> IDENTITY
  [GAI-A] [Result] 'IDENTITY' REJECTED. Score: -0.2936 (Delta: -0.0057)
  [GAI-A] Instant Retry: Triggering evolution again...

[GAI-A] --- Stagnation at Score -0.2875 ---
  [GAI-A] [Evolution] Targeting Chain 0 Layer 0 (Imp: 5.621e-05)...
    [GAI-A] -> Mutating: RELU ===> SIN
  [GAI-A] [Result] 'SIN' REJECTED. Score: -0.2946 (Delta: -0.0010)
  [GAI-A] Instant Retry: Triggering evolution again...

[GAI-A] --- Stagnation at Score -0.2875 ---
  [GAI-A] [Evolution] Targeting Chain 0 Layer 0 (Imp: 5.621e-05)...
    [GAI-A] -> Mutating: RELU ===> GAUSSIAN
  [GAI-A] [Result] 'GAUSSIAN' REJECTED. Score: -0.3267 (Delta: -0.0321)
  [GAI-A] Instant Retry: Triggering evolution again...

[GAI-A] --- Stagnation at Score -0.2875 ---
  [GAI-A] [Evolution] Targeting Chain 0 Layer 0 (Imp: 5.621e-05)...
    [GAI-A] -> Mutating: RELU ===> TANH
  [GAI-A] [Result] 'TANH' ACCEPTED. Score: -0.2948 (Delta: 0.0319)
[GAI-A] Epoch 500: Val Loss 0.29240 | Temp 0.4583

[GAI-A] --- Stagnation at Score -0.1339 ---
  [GAI-A] [Evolution] Targeting Chain 0 Layer 0 (Imp: 1.293e-03)...
    [GAI-A] -> Mutating: TANH ===> RELU
  [GAI-A] [Result] 'RELU' REJECTED. Score: -1.2407 (Delta: -1.1066)
  [GAI-A] Instant Retry: Triggering evolution again...

[GAI-A] --- Stagnation at Score -0.1339 ---
  [GAI-A] [Evolution] Targeting Chain 0 Layer 0 (Imp: 1.293e-03)...
    [GAI-A] -> Mutating: TANH ===> SQUARE
  [GAI-A] [Result] 'SQUARE' REJECTED. Score: -1.9409 (Delta: -0.7001)
  [GAI-A] Instant Retry: Triggering evolution again...

[GAI-A] --- Stagnation at Score -0.1339 ---
  [GAI-A] [Evolution] Targeting Chain 0 Layer 0 (Imp: 1.293e-03)...
  [GAI-A] [Evolution] Targeting Chain 1 Layer 0 (Imp: 1.481e-03)...
    [GAI-A] -> Mutating: RELU ===> SIN
  [GAI-A] [Result] 'SIN' ACCEPTED. Score: -0.4302 (Delta: 1.5107)
[GAI-A] Epoch 1000: Val Loss 0.31627 | Temp 0.4167

[GAI-A] --- Stagnation at Score -0.1339 ---
  [GAI-A] [Evolution] Targeting Chain 1 Layer 0 (Imp: 1.468e-03)...
    [GAI-A] -> Mutating: SIN ===> GAUSSIAN
  [GAI-A] [Result] 'GAUSSIAN' REJECTED. Score: -1.5555 (Delta: -1.2758)
  [GAI-A] Instant Retry: Triggering evolution again...

[GAI-A] --- Stagnation at Score -0.1339 ---
  [GAI-A] [Evolution] Targeting Chain 1 Layer 0 (Imp: 1.468e-03)...
    [GAI-A] -> Mutating: SIN ===> RELU
  [GAI-A] [Result] 'RELU' ACCEPTED. Score: -0.4144 (Delta: 1.1411)

[GAI-A] --- Stagnation at Score -0.1339 ---
  [GAI-A] [Evolution] Targeting Chain 1 Layer 0 (Imp: 9.047e-04)...
    [GAI-A] -> Mutating: RELU ===> SQUARE
  [GAI-A] [Result] 'SQUARE' REJECTED. Score: -0.5769 (Delta: -0.3821)
  [GAI-A] Instant Retry: Triggering evolution again...

[GAI-A] --- Stagnation at Score -0.1339 ---
  [GAI-A] [Evolution] Targeting Chain 1 Layer 0 (Imp: 9.047e-04)...
    [GAI-A] -> Mutating: RELU ===> IDENTITY
  [GAI-A] [Result] 'IDENTITY' ACCEPTED. Score: -0.3839 (Delta: 0.1930)
[GAI-A] Epoch 1500: Val Loss 0.27671 | Temp 0.3750

[GAI-A] --- Stagnation at Score -0.1339 ---
  [GAI-A] [Evolution] Targeting Chain 1 Layer 0 (Imp: 9.371e-04)...
    [GAI-A] -> Mutating: IDENTITY ===> SIN
  [GAI-A] [Result] 'SIN' REJECTED. Score: -0.3023 (Delta: -0.0283)
  [GAI-A] Instant Retry: Triggering evolution again...

[GAI-A] --- Stagnation at Score -0.1339 ---
  [GAI-A] [Evolution] Targeting Chain 1 Layer 0 (Imp: 9.371e-04)...
    [GAI-A] -> Mutating: IDENTITY ===> RELU
  [GAI-A] [Result] 'RELU' REJECTED. Score: -0.3758 (Delta: -0.0735)
  [GAI-A] Instant Retry: Triggering evolution again...

[GAI-A] --- Stagnation at Score -0.1339 ---
  [GAI-A] [Evolution] Targeting Chain 1 Layer 0 (Imp: 9.371e-04)...
    [GAI-A] -> Mutating: IDENTITY ===> TANH
  [GAI-A] [Result] 'TANH' REJECTED. Score: -0.3937 (Delta: -0.0179)
  [GAI-A] Instant Retry: Triggering evolution again...

[GAI-A] --- Stagnation at Score -0.1339 ---
  [GAI-A] [Evolution] Targeting Chain 1 Layer 0 (Imp: 9.371e-04)...
  [GAI-A] [Evolution] Targeting Chain 0 Layer 0 (Imp: 4.499e-03)...
[GAI-A] No mutations possible or supported.
[GAI-A] Restoring Best Ever State (Score: -0.1339)
[GAI-A] Epoch 0: Val Loss 1.91798 | Temp 0.5000
[GAI-A] Epoch 500: Val Loss 0.10228 | Temp 0.4583
[GAI-A] Epoch 1000: Val Loss 0.08841 | Temp 0.4167
[GAI-A] Epoch 1500: Val Loss 0.08463 | Temp 0.3750
[GAI-A] Epoch 2000: Val Loss 0.08318 | Temp 0.3333
[GAI-A] Epoch 2500: Val Loss 0.08254 | Temp 0.2917
[GAI-A] Epoch 3000: Val Loss 0.08223 | Temp 0.2500
[GAI-A] Epoch 3500: Val Loss 0.08209 | Temp 0.2083
[GAI-A] Epoch 4000: Val Loss 0.08202 | Temp 0.1667

[GAI-A] --- Stagnation at Score -0.0820 ---
  [GAI-A] [Evolution] Targeting Chain 0 Layer 0 (Imp: 3.377e-04)...
    [GAI-A] -> Mutating: SIN ===> RELU
  [GAI-A] [Result] 'RELU' REJECTED. Score: -0.1862 (Delta: -0.1042)
  [GAI-A] Instant Retry: Triggering evolution again...

[GAI-A] --- Stagnation at Score -0.0820 ---
  [GAI-A] [Evolution] Targeting Chain 0 Layer 0 (Imp: 3.377e-04)...
    [GAI-A] -> Mutating: SIN ===> GAUSSIAN
  [GAI-A] [Result] 'GAUSSIAN' REJECTED. Score: -0.5129 (Delta: -0.3267)
  [GAI-A] Instant Retry: Triggering evolution again...

[GAI-A] --- Stagnation at Score -0.0820 ---
  [GAI-A] [Evolution] Targeting Chain 0 Layer 0 (Imp: 3.377e-04)...
    [GAI-A] -> Mutating: SIN ===> IDENTITY
  [GAI-A] [Result] 'IDENTITY' ACCEPTED. Score: -0.1569 (Delta: 0.3560)

[GAI-A] --- Stagnation at Score -0.0820 ---
  [GAI-A] [Evolution] Targeting Chain 0 Layer 0 (Imp: 4.367e-04)...
    [GAI-A] -> Mutating: IDENTITY ===> TANH
  [GAI-A] [Result] 'TANH' REJECTED. Score: -0.2569 (Delta: -0.1434)
  [GAI-A] Instant Retry: Triggering evolution again...

[GAI-A] --- Stagnation at Score -0.0820 ---
  [GAI-A] [Evolution] Targeting Chain 0 Layer 0 (Imp: 4.367e-04)...
    [GAI-A] -> Mutating: IDENTITY ===> SQUARE
  [GAI-A] [Result] 'SQUARE' REJECTED. Score: -0.3414 (Delta: -0.0845)
  [GAI-A] Instant Retry: Triggering evolution again...

[GAI-A] --- Stagnation at Score -0.0820 ---
  [GAI-A] [Evolution] Targeting Chain 0 Layer 0 (Imp: 4.367e-04)...
    [GAI-A] -> Mutating: IDENTITY ===> SIN
  [GAI-A] [Result] 'SIN' ACCEPTED. Score: -0.1272 (Delta: 0.2143)
[GAI-A] Epoch 4500: Val Loss 0.12165 | Temp 0.1250

[GAI-A] --- Stagnation at Score -0.0820 ---
  [GAI-A] [Evolution] Targeting Chain 0 Layer 0 (Imp: 5.662e-04)...
    [GAI-A] -> Mutating: SIN ===> IDENTITY
  [GAI-A] [Result] 'IDENTITY' REJECTED. Score: -0.2305 (Delta: -0.1103)
  [GAI-A] Instant Retry: Triggering evolution again...

[GAI-A] --- Stagnation at Score -0.0820 ---
  [GAI-A] [Evolution] Targeting Chain 0 Layer 0 (Imp: 5.662e-04)...
  [GAI-A] [Evolution] Targeting Chain 1 Layer 0 (Imp: 1.331e-03)...
    [GAI-A] -> Mutating: TANH ===> SQUARE
  [GAI-A] [Result] 'SQUARE' REJECTED. Score: -0.5162 (Delta: -0.2857)
  [GAI-A] Instant Retry: Triggering evolution again...

[GAI-A] --- Stagnation at Score -0.0820 ---
  [GAI-A] [Evolution] Targeting Chain 0 Layer 0 (Imp: 5.662e-04)...
  [GAI-A] [Evolution] Targeting Chain 1 Layer 0 (Imp: 1.331e-03)...
    [GAI-A] -> Mutating: TANH ===> RELU
  [GAI-A] [Result] 'RELU' ACCEPTED. Score: -0.4665 (Delta: 0.0497)

[GAI-A] --- Stagnation at Score -0.0820 ---
  [GAI-A] [Evolution] Targeting Chain 1 Layer 0 (Imp: 6.472e-04)...
    [GAI-A] -> Mutating: RELU ===> IDENTITY
  [GAI-A] [Result] 'IDENTITY' REJECTED. Score: -0.3329 (Delta: -0.0277)
  [GAI-A] Instant Retry: Triggering evolution again...

[GAI-A] --- Stagnation at Score -0.0820 ---
  [GAI-A] [Evolution] Targeting Chain 1 Layer 0 (Imp: 6.472e-04)...
    [GAI-A] -> Mutating: RELU ===> TANH
  [GAI-A] [Result] 'TANH' REJECTED. Score: -0.3339 (Delta: -0.0010)
  [GAI-A] Instant Retry: Triggering evolution again...

[GAI-A] --- Stagnation at Score -0.0820 ---
  [GAI-A] [Evolution] Targeting Chain 1 Layer 0 (Imp: 6.472e-04)...
    [GAI-A] -> Mutating: RELU ===> GAUSSIAN
  [GAI-A] [Result] 'GAUSSIAN' REJECTED. Score: -0.4409 (Delta: -0.1070)
  [GAI-A] Instant Retry: Triggering evolution again...

[GAI-A] --- Stagnation at Score -0.0820 ---
  [GAI-A] [Evolution] Targeting Chain 1 Layer 0 (Imp: 6.472e-04)...
    [GAI-A] -> Mutating: RELU ===> SIN
  [GAI-A] [Result] 'SIN' ACCEPTED. Score: -0.3234 (Delta: 0.1175)
[GAI-A] Epoch 5000: Val Loss 0.29906 | Temp 0.0833

[GAI-A] --- Stagnation at Score -0.0820 ---
  [GAI-A] [Evolution] Targeting Chain 1 Layer 0 (Imp: 6.415e-04)...
    [GAI-A] -> Mutating: SIN ===> RELU
  [GAI-A] [Result] 'RELU' REJECTED. Score: -0.3621 (Delta: -0.0933)
  [GAI-A] Instant Retry: Triggering evolution again...

[GAI-A] --- Stagnation at Score -0.0820 ---
  [GAI-A] [Evolution] Targeting Chain 1 Layer 0 (Imp: 6.415e-04)...
  [GAI-A] [Evolution] Targeting Chain 0 Layer 0 (Imp: 1.061e-03)...
[GAI-A] No mutations possible or supported.
[GAI-A] Restoring Best Ever State (Score: -0.0820)
[GAI-A] Epoch 0: Val Loss 0.79335 | Temp 0.5000
[GAI-A] Epoch 500: Val Loss 0.19441 | Temp 0.4583
[GAI-A] Epoch 1000: Val Loss 0.18942 | Temp 0.4167
[GAI-A] Epoch 1500: Val Loss 0.18761 | Temp 0.3750
[GAI-A] Epoch 2000: Val Loss 0.18666 | Temp 0.3333
[GAI-A] Epoch 2500: Val Loss 0.18600 | Temp 0.2917

[GAI-A] --- Stagnation at Score -0.1856 ---
  [GAI-A] [Evolution] Targeting Chain 1 Layer 0 (Imp: 9.622e-04)...
    [GAI-A] -> Mutating: RELU ===> SQUARE
  [GAI-A] [Result] 'SQUARE' REJECTED. Score: -0.3903 (Delta: -0.2046)
  [GAI-A] Instant Retry: Triggering evolution again...

[GAI-A] --- Stagnation at Score -0.1856 ---
  [GAI-A] [Evolution] Targeting Chain 1 Layer 0 (Imp: 9.622e-04)...
    [GAI-A] -> Mutating: RELU ===> IDENTITY
  [GAI-A] [Result] 'IDENTITY' ACCEPTED. Score: -0.3502 (Delta: 0.0402)

[GAI-A] --- Stagnation at Score -0.1856 ---
  [GAI-A] [Evolution] Targeting Chain 1 Layer 0 (Imp: 7.149e-04)...
    [GAI-A] -> Mutating: IDENTITY ===> RELU
  [GAI-A] [Result] 'RELU' REJECTED. Score: -0.5296 (Delta: -0.2979)
  [GAI-A] Instant Retry: Triggering evolution again...

[GAI-A] --- Stagnation at Score -0.1856 ---
  [GAI-A] [Evolution] Targeting Chain 1 Layer 0 (Imp: 7.149e-04)...
    [GAI-A] -> Mutating: IDENTITY ===> GAUSSIAN
[GAI-A] Epoch 3000: Val Loss 3.16738 | Temp 0.2500
  [GAI-A] [Result] 'GAUSSIAN' REJECTED. Score: -0.7836 (Delta: -0.2540)
  [GAI-A] Instant Retry: Triggering evolution again...

[GAI-A] --- Stagnation at Score -0.1856 ---
  [GAI-A] [Evolution] Targeting Chain 1 Layer 0 (Imp: 7.149e-04)...
    [GAI-A] -> Mutating: IDENTITY ===> SIN
  [GAI-A] [Result] 'SIN' ACCEPTED. Score: -0.2438 (Delta: 0.5398)

[GAI-A] --- Stagnation at Score -0.1856 ---
  [GAI-A] [Evolution] Targeting Chain 1 Layer 0 (Imp: 7.883e-04)...
    [GAI-A] -> Mutating: SIN ===> IDENTITY
  [GAI-A] [Result] 'IDENTITY' REJECTED. Score: -0.3026 (Delta: -0.0753)
  [GAI-A] Instant Retry: Triggering evolution again...

[GAI-A] --- Stagnation at Score -0.1856 ---
  [GAI-A] [Evolution] Targeting Chain 1 Layer 0 (Imp: 7.883e-04)...
    [GAI-A] -> Mutating: SIN ===> TANH
  [GAI-A] [Result] 'TANH' ACCEPTED. Score: -0.2904 (Delta: 0.0122)

[GAI-A] --- Stagnation at Score -0.1856 ---
  [GAI-A] [Evolution] Targeting Chain 1 Layer 0 (Imp: 6.746e-04)...
    [GAI-A] -> Mutating: TANH ===> SIN
  [GAI-A] [Result] 'SIN' REJECTED. Score: -0.2500 (Delta: -0.0276)
  [GAI-A] Instant Retry: Triggering evolution again...

[GAI-A] --- Stagnation at Score -0.1856 ---
  [GAI-A] [Evolution] Targeting Chain 1 Layer 0 (Imp: 6.746e-04)...
  [GAI-A] [Evolution] Targeting Chain 0 Layer 0 (Imp: 2.626e-03)...
    [GAI-A] -> Mutating: GAUSSIAN ===> SIN
  [GAI-A] [Result] 'SIN' REJECTED. Score: -0.3550 (Delta: -0.1050)
  [GAI-A] Instant Retry: Triggering evolution again...

[GAI-A] --- Stagnation at Score -0.1856 ---
  [GAI-A] [Evolution] Targeting Chain 1 Layer 0 (Imp: 6.746e-04)...
  [GAI-A] [Evolution] Targeting Chain 0 Layer 0 (Imp: 2.626e-03)...
    [GAI-A] -> Mutating: GAUSSIAN ===> IDENTITY
  [GAI-A] [Result] 'IDENTITY' REJECTED. Score: -0.5037 (Delta: -0.1487)
  [GAI-A] Instant Retry: Triggering evolution again...

[GAI-A] --- Stagnation at Score -0.1856 ---
  [GAI-A] [Evolution] Targeting Chain 1 Layer 0 (Imp: 6.746e-04)...
  [GAI-A] [Evolution] Targeting Chain 0 Layer 0 (Imp: 2.626e-03)...
    [GAI-A] -> Mutating: GAUSSIAN ===> SQUARE
[GAI-A] Epoch 3500: Val Loss 1.53582 | Temp 0.2083
  [GAI-A] [Result] 'SQUARE' REJECTED. Score: -0.8599 (Delta: -0.3562)
  [GAI-A] Instant Retry: Triggering evolution again...

[GAI-A] --- Stagnation at Score -0.1856 ---
  [GAI-A] [Evolution] Targeting Chain 1 Layer 0 (Imp: 6.746e-04)...
  [GAI-A] [Evolution] Targeting Chain 0 Layer 0 (Imp: 2.626e-03)...
    [GAI-A] -> Mutating: GAUSSIAN ===> TANH
  [GAI-A] [Result] 'TANH' ACCEPTED. Score: -0.5219 (Delta: 0.3380)

[GAI-A] --- Stagnation at Score -0.1856 ---
  [GAI-A] [Evolution] Targeting Chain 0 Layer 0 (Imp: 1.193e-03)...
    [GAI-A] -> Mutating: TANH ===> GAUSSIAN
  [GAI-A] [Result] 'GAUSSIAN' REJECTED. Score: -0.5181 (Delta: -0.1935)
  [GAI-A] Instant Retry: Triggering evolution again...

[GAI-A] --- Stagnation at Score -0.1856 ---
  [GAI-A] [Evolution] Targeting Chain 0 Layer 0 (Imp: 1.193e-03)...
    [GAI-A] -> Mutating: TANH ===> RELU
  [GAI-A] [Result] 'RELU' ACCEPTED. Score: -0.3538 (Delta: 0.1643)

[GAI-A] --- Stagnation at Score -0.1856 ---
  [GAI-A] [Evolution] Targeting Chain 0 Layer 0 (Imp: 7.773e-04)...
    [GAI-A] -> Mutating: RELU ===> TANH
  [GAI-A] [Result] 'TANH' REJECTED. Score: -0.3299 (Delta: -0.0072)
  [GAI-A] Instant Retry: Triggering evolution again...

[GAI-A] --- Stagnation at Score -0.1856 ---
  [GAI-A] [Evolution] Targeting Chain 0 Layer 0 (Imp: 7.773e-04)...
  [GAI-A] [Evolution] Targeting Chain 1 Layer 0 (Imp: 1.548e-03)...
[GAI-A] No mutations possible or supported.
[GAI-A] Restoring Best Ever State (Score: -0.1856)
[GAI-A] Epoch 0: Val Loss 1.89664 | Temp 0.5000
[GAI-A] Epoch 500: Val Loss 0.16496 | Temp 0.4583
[GAI-A] Epoch 1000: Val Loss 0.15366 | Temp 0.4167
[GAI-A] Epoch 1500: Val Loss 0.15120 | Temp 0.3750
[GAI-A] Epoch 2000: Val Loss 0.14897 | Temp 0.3333
[GAI-A] Epoch 2500: Val Loss 0.14678 | Temp 0.2917
[GAI-A] Epoch 3000: Val Loss 0.14511 | Temp 0.2500
[GAI-A] Epoch 3500: Val Loss 0.14407 | Temp 0.2083
[GAI-A] Epoch 4000: Val Loss 0.14351 | Temp 0.1667
[GAI-A] Epoch 4500: Val Loss 0.14324 | Temp 0.1250
[GAI-A] Epoch 5000: Val Loss 0.14314 | Temp 0.0833
[GAI-A] Epoch 5500: Val Loss 0.14310 | Temp 0.0417
[GAI-A] Restoring Best Ever State (Score: -0.1431)
[GAI-A] Epoch 0: Val Loss 1.25405 | Temp 0.5000

[GAI-A] --- Stagnation at Score -0.2778 ---
  [GAI-A] [Evolution] Targeting Chain 1 Layer 0 (Imp: 5.110e-05)...
    [GAI-A] -> Mutating: RELU ===> IDENTITY
[GAI-A] Epoch 500: Val Loss 0.25102 | Temp 0.4583
  [GAI-A] [Result] 'IDENTITY' ACCEPTED. Score: -0.2512 (Delta: 0.0268)

[GAI-A] --- Stagnation at Score -0.2509 ---
  [GAI-A] [Evolution] Targeting Chain 1 Layer 0 (Imp: 2.149e-03)...
    [GAI-A] -> Mutating: IDENTITY ===> RELU
  [GAI-A] [Result] 'RELU' REJECTED. Score: -1.9757 (Delta: -1.7235)
  [GAI-A] Instant Retry: Triggering evolution again...

[GAI-A] --- Stagnation at Score -0.2509 ---
  [GAI-A] [Evolution] Targeting Chain 1 Layer 0 (Imp: 2.149e-03)...
    [GAI-A] -> Mutating: IDENTITY ===> TANH
  [GAI-A] [Result] 'TANH' ACCEPTED. Score: -1.2084 (Delta: 0.7673)

[GAI-A] --- Stagnation at Score -0.2509 ---
  [GAI-A] [Evolution] Targeting Chain 1 Layer 0 (Imp: 1.064e-03)...
    [GAI-A] -> Mutating: TANH ===> GAUSSIAN
  [GAI-A] [Result] 'GAUSSIAN' REJECTED. Score: -0.8169 (Delta: -0.5247)
  [GAI-A] Instant Retry: Triggering evolution again...

[GAI-A] --- Stagnation at Score -0.2509 ---
  [GAI-A] [Evolution] Targeting Chain 1 Layer 0 (Imp: 1.064e-03)...
    [GAI-A] -> Mutating: TANH ===> IDENTITY
  [GAI-A] [Result] 'IDENTITY' ACCEPTED. Score: -0.3264 (Delta: 0.4906)
[GAI-A] Epoch 1000: Val Loss 0.26634 | Temp 0.4167

[GAI-A] --- Stagnation at Score -0.2509 ---
  [GAI-A] [Evolution] Targeting Chain 1 Layer 0 (Imp: 3.584e-04)...
    [GAI-A] -> Mutating: IDENTITY ===> SQUARE
  [GAI-A] [Result] 'SQUARE' REJECTED. Score: -0.2945 (Delta: -0.0292)
  [GAI-A] Instant Retry: Triggering evolution again...

[GAI-A] --- Stagnation at Score -0.2509 ---
  [GAI-A] [Evolution] Targeting Chain 1 Layer 0 (Imp: 3.584e-04)...
    [GAI-A] -> Mutating: IDENTITY ===> SIN
  [GAI-A] [Result] 'SIN' ACCEPTED. Score: -0.2711 (Delta: 0.0233)

[GAI-A] --- Stagnation at Score -0.2509 ---
  [GAI-A] [Evolution] Targeting Chain 1 Layer 0 (Imp: 4.298e-04)...
    [GAI-A] -> Mutating: SIN ===> IDENTITY
  [GAI-A] [Result] 'IDENTITY' REJECTED. Score: -0.2709 (Delta: -0.0080)
  [GAI-A] Instant Retry: Triggering evolution again...

[GAI-A] --- Stagnation at Score -0.2509 ---
  [GAI-A] [Evolution] Targeting Chain 1 Layer 0 (Imp: 4.298e-04)...
    [GAI-A] -> Mutating: SIN ===> TANH
  [GAI-A] [Result] 'TANH' REJECTED. Score: -0.2717 (Delta: -0.0008)
  [GAI-A] Instant Retry: Triggering evolution again...

[GAI-A] --- Stagnation at Score -0.2509 ---
  [GAI-A] [Evolution] Targeting Chain 1 Layer 0 (Imp: 4.298e-04)...
  [GAI-A] [Evolution] Targeting Chain 0 Layer 0 (Imp: 1.785e-03)...
    [GAI-A] -> Mutating: RELU ===> IDENTITY
  [GAI-A] [Result] 'IDENTITY' REJECTED. Score: -0.3709 (Delta: -0.0992)
  [GAI-A] Instant Retry: Triggering evolution again...

[GAI-A] --- Stagnation at Score -0.2509 ---
  [GAI-A] [Evolution] Targeting Chain 1 Layer 0 (Imp: 4.298e-04)...
  [GAI-A] [Evolution] Targeting Chain 0 Layer 0 (Imp: 1.785e-03)...
    [GAI-A] -> Mutating: RELU ===> TANH
  [GAI-A] [Result] 'TANH' REJECTED. Score: -0.3727 (Delta: -0.0018)
  [GAI-A] Instant Retry: Triggering evolution again...

[GAI-A] --- Stagnation at Score -0.2509 ---
  [GAI-A] [Evolution] Targeting Chain 1 Layer 0 (Imp: 4.298e-04)...
  [GAI-A] [Evolution] Targeting Chain 0 Layer 0 (Imp: 1.785e-03)...
    [GAI-A] -> Mutating: RELU ===> SQUARE
  [GAI-A] [Result] 'SQUARE' REJECTED. Score: -0.3820 (Delta: -0.0093)
  [GAI-A] Instant Retry: Triggering evolution again...

[GAI-A] --- Stagnation at Score -0.2509 ---
  [GAI-A] [Evolution] Targeting Chain 1 Layer 0 (Imp: 4.298e-04)...
  [GAI-A] [Evolution] Targeting Chain 0 Layer 0 (Imp: 1.785e-03)...
    [GAI-A] -> Mutating: RELU ===> GAUSSIAN
  [GAI-A] [Result] 'GAUSSIAN' ACCEPTED. Score: -0.3489 (Delta: 0.0331)
[GAI-A] Epoch 1500: Val Loss 0.22419 | Temp 0.3750

[GAI-A] --- Stagnation at Score -0.2242 ---
  [GAI-A] [Evolution] Targeting Chain 1 Layer 0 (Imp: 7.692e-04)...
  [GAI-A] [Evolution] Targeting Chain 0 Layer 0 (Imp: 2.080e-03)...
    [GAI-A] -> Mutating: GAUSSIAN ===> RELU
  [GAI-A] [Result] 'RELU' REJECTED. Score: -0.3835 (Delta: -0.1575)
  [GAI-A] Instant Retry: Triggering evolution again...

[GAI-A] --- Stagnation at Score -0.2242 ---
  [GAI-A] [Evolution] Targeting Chain 1 Layer 0 (Imp: 7.692e-04)...
  [GAI-A] [Evolution] Targeting Chain 0 Layer 0 (Imp: 2.080e-03)...
    [GAI-A] -> Mutating: GAUSSIAN ===> SIN
  [GAI-A] [Result] 'SIN' ACCEPTED. Score: -0.3489 (Delta: 0.0346)

[GAI-A] --- Stagnation at Score -0.2242 ---
  [GAI-A] [Evolution] Targeting Chain 0 Layer 0 (Imp: 1.146e-03)...
    [GAI-A] -> Mutating: SIN ===> GAUSSIAN
  [GAI-A] [Result] 'GAUSSIAN' REJECTED. Score: -0.3832 (Delta: -0.1479)
  [GAI-A] Instant Retry: Triggering evolution again...

[GAI-A] --- Stagnation at Score -0.2242 ---
  [GAI-A] [Evolution] Targeting Chain 0 Layer 0 (Imp: 1.146e-03)...
  [GAI-A] [Evolution] Targeting Chain 1 Layer 0 (Imp: 1.348e-03)...
[GAI-A] No mutations possible or supported.
[GAI-A] Restoring Best Ever State (Score: -0.2242)
[GAI-A] Epoch 0: Val Loss 1.02535 | Temp 0.5000
[GAI-A] Epoch 500: Val Loss 0.04288 | Temp 0.4583

[GAI-A] --- Stagnation at Score -0.0427 ---
  [GAI-A] [Evolution] Targeting Chain 0 Layer 0 (Imp: 3.365e-04)...
    [GAI-A] -> Mutating: GAUSSIAN ===> SQUARE
  [GAI-A] [Result] 'SQUARE' REJECTED. Score: -0.3932 (Delta: -0.3503)
  [GAI-A] Instant Retry: Triggering evolution again...

[GAI-A] --- Stagnation at Score -0.0427 ---
  [GAI-A] [Evolution] Targeting Chain 0 Layer 0 (Imp: 3.365e-04)...
    [GAI-A] -> Mutating: GAUSSIAN ===> SIN
  [GAI-A] [Result] 'SIN' ACCEPTED. Score: -0.2265 (Delta: 0.1667)

[GAI-A] --- Stagnation at Score -0.0427 ---
  [GAI-A] [Evolution] Targeting Chain 0 Layer 0 (Imp: 9.204e-04)...
    [GAI-A] -> Mutating: SIN ===> RELU
  [GAI-A] [Result] 'RELU' REJECTED. Score: -0.3049 (Delta: -0.0860)
  [GAI-A] Instant Retry: Triggering evolution again...

[GAI-A] --- Stagnation at Score -0.0427 ---
  [GAI-A] [Evolution] Targeting Chain 0 Layer 0 (Imp: 9.204e-04)...
    [GAI-A] -> Mutating: SIN ===> GAUSSIAN
  [GAI-A] [Result] 'GAUSSIAN' REJECTED. Score: -0.7112 (Delta: -0.4063)
  [GAI-A] Instant Retry: Triggering evolution again...

[GAI-A] --- Stagnation at Score -0.0427 ---
  [GAI-A] [Evolution] Targeting Chain 0 Layer 0 (Imp: 9.204e-04)...
    [GAI-A] -> Mutating: SIN ===> IDENTITY
[GAI-A] Epoch 1000: Val Loss 0.50006 | Temp 0.4167
  [GAI-A] [Result] 'IDENTITY' ACCEPTED. Score: -0.3526 (Delta: 0.3586)

[GAI-A] --- Stagnation at Score -0.0427 ---
  [GAI-A] [Evolution] Targeting Chain 0 Layer 0 (Imp: 7.537e-04)...
    [GAI-A] -> Mutating: IDENTITY ===> SIN
  [GAI-A] [Result] 'SIN' REJECTED. Score: -0.2347 (Delta: -0.0058)
  [GAI-A] Instant Retry: Triggering evolution again...

[GAI-A] --- Stagnation at Score -0.0427 ---
  [GAI-A] [Evolution] Targeting Chain 0 Layer 0 (Imp: 7.537e-04)...
    [GAI-A] -> Mutating: IDENTITY ===> TANH
  [GAI-A] [Result] 'TANH' REJECTED. Score: -0.3093 (Delta: -0.0746)
  [GAI-A] Instant Retry: Triggering evolution again...

[GAI-A] --- Stagnation at Score -0.0427 ---
  [GAI-A] [Evolution] Targeting Chain 0 Layer 0 (Imp: 7.537e-04)...
  [GAI-A] [Evolution] Targeting Chain 1 Layer 0 (Imp: 1.837e-03)...
    [GAI-A] -> Mutating: SIN ===> TANH
  [GAI-A] [Result] 'TANH' REJECTED. Score: -0.3860 (Delta: -0.0767)
  [GAI-A] Instant Retry: Triggering evolution again...

[GAI-A] --- Stagnation at Score -0.0427 ---
  [GAI-A] [Evolution] Targeting Chain 0 Layer 0 (Imp: 7.537e-04)...
  [GAI-A] [Evolution] Targeting Chain 1 Layer 0 (Imp: 1.837e-03)...
    [GAI-A] -> Mutating: SIN ===> RELU
  [GAI-A] [Result] 'RELU' REJECTED. Score: -0.6879 (Delta: -0.3019)
  [GAI-A] Instant Retry: Triggering evolution again...

[GAI-A] --- Stagnation at Score -0.0427 ---
  [GAI-A] [Evolution] Targeting Chain 0 Layer 0 (Imp: 7.537e-04)...
  [GAI-A] [Evolution] Targeting Chain 1 Layer 0 (Imp: 1.837e-03)...
    [GAI-A] -> Mutating: SIN ===> IDENTITY
  [GAI-A] [Result] 'IDENTITY' ACCEPTED. Score: -0.3838 (Delta: 0.3041)

[GAI-A] --- Stagnation at Score -0.0427 ---
  [GAI-A] [Evolution] Targeting Chain 1 Layer 0 (Imp: 7.075e-04)...
    [GAI-A] -> Mutating: IDENTITY ===> SIN
  [GAI-A] [Result] 'SIN' REJECTED. Score: -0.3360 (Delta: -0.0081)
  [GAI-A] Instant Retry: Triggering evolution again...

[GAI-A] --- Stagnation at Score -0.0427 ---
  [GAI-A] [Evolution] Targeting Chain 1 Layer 0 (Imp: 7.075e-04)...
    [GAI-A] -> Mutating: IDENTITY ===> SQUARE
[GAI-A] Epoch 1500: Val Loss 0.32802 | Temp 0.3750
  [GAI-A] [Result] 'SQUARE' ACCEPTED. Score: -0.3283 (Delta: 0.0078)

[GAI-A] --- Stagnation at Score -0.0427 ---
  [GAI-A] [Evolution] Targeting Chain 1 Layer 0 (Imp: 3.680e-04)...
    [GAI-A] -> Mutating: SQUARE ===> GAUSSIAN
  [GAI-A] [Result] 'GAUSSIAN' REJECTED. Score: -0.7842 (Delta: -0.5571)
  [GAI-A] Instant Retry: Triggering evolution again...

[GAI-A] --- Stagnation at Score -0.0427 ---
  [GAI-A] [Evolution] Targeting Chain 1 Layer 0 (Imp: 3.680e-04)...
    [GAI-A] -> Mutating: SQUARE ===> IDENTITY
  [GAI-A] [Result] 'IDENTITY' ACCEPTED. Score: -0.3276 (Delta: 0.4566)

[GAI-A] --- Stagnation at Score -0.0427 ---
  [GAI-A] [Evolution] Targeting Chain 1 Layer 0 (Imp: 2.121e-04)...
    [GAI-A] -> Mutating: IDENTITY ===> SQUARE
  [GAI-A] [Result] 'SQUARE' ACCEPTED. Score: -0.3066 (Delta: 0.0213)
[GAI-A] Epoch 2000: Val Loss 0.22714 | Temp 0.3333

[GAI-A] --- Stagnation at Score -0.0427 ---
  [GAI-A] [Evolution] Targeting Chain 1 Layer 0 (Imp: 4.141e-04)...
    [GAI-A] -> Mutating: SQUARE ===> IDENTITY
  [GAI-A] [Result] 'IDENTITY' REJECTED. Score: -0.3287 (Delta: -0.1016)
  [GAI-A] Instant Retry: Triggering evolution again...

[GAI-A] --- Stagnation at Score -0.0427 ---
  [GAI-A] [Evolution] Targeting Chain 1 Layer 0 (Imp: 4.141e-04)...
  [GAI-A] [Evolution] Targeting Chain 0 Layer 0 (Imp: 1.164e-03)...
[GAI-A] No mutations possible or supported.
[GAI-A] Restoring Best Ever State (Score: -0.0427)
GAI-A      legacy     6000    3/28       8.387e-02    7.647e-16  gaussian,gaussian; sin,square; tanh,tanh
[GAI-A] Epoch 0: Val Loss 1.61939 | Temp 0.5000
[GAI-A] Epoch 500: Val Loss 0.14362 | Temp 0.4583

[GAI-A] --- Stagnation at Score -0.1425 ---
  [GAI-A] [Evolution] Targeting Chain 0 Layer 0 (Imp: 2.738e-04)...
    [GAI-A] -> Mutating: GAUSSIAN ===> SQUARE
  [GAI-A] [Result] 'SQUARE' REJECTED. Score: -0.1425 (Delta: 0.0000)
  [GAI-A] Instant Retry: Triggering evolution again...
[GAI-A] Epoch 1000: Val Loss 0.14458 | Temp 0.4167

[GAI-A] --- Stagnation at Score -0.1425 ---
  [GAI-A] [Evolution] Targeting Chain 0 Layer 0 (Imp: 2.893e-04)...
    [GAI-A] -> Mutating: GAUSSIAN ===> TANH
  [GAI-A] [Result] 'TANH' ACCEPTED. Score: -0.1444 (Delta: 0.0000)

[GAI-A] --- Stagnation at Score -0.1425 ---
  [GAI-A] [Evolution] Targeting Chain 1 Layer 0 (Imp: 3.066e-04)...
    [GAI-A] -> Mutating: GAUSSIAN ===> IDENTITY
  [GAI-A] [Result] 'IDENTITY' ACCEPTED. Score: -0.1695 (Delta: 0.0000)

[GAI-A] --- Stagnation at Score -0.1425 ---
  [GAI-A] [Evolution] Targeting Chain 1 Layer 0 (Imp: 3.384e-04)...
    [GAI-A] -> Mutating: IDENTITY ===> SIN
  [GAI-A] [Result] 'SIN' ACCEPTED. Score: -0.0963 (Delta: 0.1782)
[GAI-A] Epoch 1500: Val Loss 0.09731 | Temp 0.3750

[GAI-A] --- Stagnation at Score -0.0963 ---
  [GAI-A] [Evolution] Targeting Chain 1 Layer 0 (Imp: 3.379e-04)...
    [GAI-A] -> Mutating: SIN ===> TANH
  [GAI-A] [Result] 'TANH' ACCEPTED. Score: -0.0973 (Delta: 0.0000)

[GAI-A] --- Stagnation at Score -0.0963 ---
  [GAI-A] [Evolution] Targeting Chain 1 Layer 0 (Imp: 3.435e-04)...
    [GAI-A] -> Mutating: TANH ===> SIN
  [GAI-A] [Result] 'SIN' ACCEPTED. Score: -0.2104 (Delta: 0.0001)

[GAI-A] --- Stagnation at Score -0.0963 ---
  [GAI-A] [Evolution] Targeting Chain 1 Layer 0 (Imp: 3.433e-04)...
    [GAI-A] -> Mutating: SIN ===> SQUARE
  [GAI-A] [Result] 'SQUARE' REJECTED. Score: -0.0979 (Delta: 0.0000)
  [GAI-A] Instant Retry: Triggering evolution again...
[GAI-A] Epoch 2000: Val Loss 0.09970 | Temp 0.3333

[GAI-A] --- Stagnation at Score -0.0963 ---
  [GAI-A] [Evolution] Targeting Chain 1 Layer 0 (Imp: 3.415e-04)...
    [GAI-A] -> Mutating: SIN ===> RELU
  [GAI-A] [Result] 'RELU' ACCEPTED. Score: -0.0978 (Delta: 0.0000)

[GAI-A] --- Stagnation at Score -0.0963 ---
  [GAI-A] [Evolution] Targeting Chain 1 Layer 0 (Imp: 3.407e-04)...
    [GAI-A] -> Mutating: RELU ===> TANH
  [GAI-A] [Result] 'TANH' ACCEPTED. Score: -0.2154 (Delta: 0.0001)
[GAI-A] Epoch 2500: Val Loss 0.18611 | Temp 0.2917

[GAI-A] --- Stagnation at Score -0.0963 ---
  [GAI-A] [Evolution] Targeting Chain 1 Layer 0 (Imp: 3.351e-04)...
    [GAI-A] -> Mutating: TANH ===> RELU
  [GAI-A] [Result] 'RELU' ACCEPTED. Score: -0.1631 (Delta: 0.0121)

[GAI-A] --- Stagnation at Score -0.0963 ---
  [GAI-A] [Evolution] Targeting Chain 1 Layer 0 (Imp: 3.443e-04)...
    [GAI-A] -> Mutating: RELU ===> IDENTITY
  [GAI-A] [Result] 'IDENTITY' ACCEPTED. Score: -0.1281 (Delta: 0.0044)

[GAI-A] --- Stagnation at Score -0.0963 ---
  [GAI-A] [Evolution] Targeting Chain 1 Layer 0 (Imp: 3.719e-04)...
    [GAI-A] -> Mutating: IDENTITY ===> RELU
  [GAI-A] [Result] 'RELU' ACCEPTED. Score: -0.1155 (Delta: 0.0000)
[GAI-A] Epoch 3000: Val Loss 0.11763 | Temp 0.2500

[GAI-A] --- Stagnation at Score -0.0963 ---
  [GAI-A] [Evolution] Targeting Chain 1 Layer 0 (Imp: 4.090e-04)...
    [GAI-A] -> Mutating: RELU ===> SIN
  [GAI-A] [Result] 'SIN' ACCEPTED. Score: -0.1164 (Delta: 0.0000)

[GAI-A] --- Stagnation at Score -0.0963 ---
  [GAI-A] [Evolution] Targeting Chain 1 Layer 0 (Imp: 4.148e-04)...
    [GAI-A] -> Mutating: SIN ===> IDENTITY
  [GAI-A] [Result] 'IDENTITY' ACCEPTED. Score: -0.0964 (Delta: 0.0000)

[GAI-A] --- Stagnation at Score -0.0963 ---
  [GAI-A] [Evolution] Targeting Chain 1 Layer 0 (Imp: 4.394e-04)...
    [GAI-A] -> Mutating: IDENTITY ===> GAUSSIAN
[GAI-A] Epoch 3500: Val Loss 0.39865 | Temp 0.2083
  [GAI-A] [Result] 'GAUSSIAN' ACCEPTED. Score: -0.1222 (Delta: 0.0001)

[GAI-A] --- Stagnation at Score -0.0963 ---
  [GAI-A] [Evolution] Targeting Chain 1 Layer 0 (Imp: 4.396e-04)...
    [GAI-A] -> Mutating: GAUSSIAN ===> SIN
  [GAI-A] [Result] 'SIN' ACCEPTED. Score: -0.1077 (Delta: 0.0002)
[GAI-A] Epoch 4000: Val Loss 0.08510 | Temp 0.1667
[GAI-A] Epoch 4500: Val Loss 0.08334 | Temp 0.1250
[GAI-A] Epoch 5000: Val Loss 0.08261 | Temp 0.0833
[GAI-A] Epoch 5500: Val Loss 0.08228 | Temp 0.0417

[GAI-A] --- Stagnation at Score -0.0823 ---
  [GAI-A] [Evolution] Targeting Chain 1 Layer 0 (Imp: 3.899e-04)...
    [GAI-A] -> Mutating: SIN ===> IDENTITY
  [GAI-A] [Result] 'IDENTITY' ACCEPTED. Score: -0.0822 (Delta: 0.0000)

[GAI-A] --- Stagnation at Score -0.0822 ---
  [GAI-A] [Evolution] Targeting Chain 1 Layer 0 (Imp: 3.979e-04)...
    [GAI-A] -> Mutating: IDENTITY ===> SIN
  [GAI-A] [Result] 'SIN' ACCEPTED. Score: -0.1299 (Delta: 0.0001)

[GAI-A] --- Stagnation at Score -0.0822 ---
  [GAI-A] [Evolution] Targeting Chain 1 Layer 0 (Imp: 4.033e-04)...
    [GAI-A] -> Mutating: SIN ===> GAUSSIAN
  [GAI-A] [Result] 'GAUSSIAN' ACCEPTED. Score: -0.1278 (Delta: 0.0001)
[GAI-A] Restoring Best Ever State (Score: -0.0822)
[GAI-A] Epoch 0: Val Loss 0.60286 | Temp 0.5000
[GAI-A] Epoch 500: Val Loss 0.17144 | Temp 0.4583
[GAI-A] Epoch 1000: Val Loss 0.14859 | Temp 0.4167
[GAI-A] Epoch 1500: Val Loss 0.14579 | Temp 0.3750

[GAI-A] --- Stagnation at Score -0.1452 ---
  [GAI-A] [Evolution] Targeting Chain 0 Layer 0 (Imp: 1.390e-04)...
    [GAI-A] -> Mutating: RELU ===> IDENTITY
  [GAI-A] [Result] 'IDENTITY' ACCEPTED. Score: -0.1452 (Delta: 0.0000)
[GAI-A] Epoch 2000: Val Loss 0.24574 | Temp 0.3333
[GAI-A] Epoch 2500: Val Loss 0.10727 | Temp 0.2917
[GAI-A] Epoch 3000: Val Loss 0.09773 | Temp 0.2500
[GAI-A] Epoch 3500: Val Loss 0.09627 | Temp 0.2083
[GAI-A] Epoch 4000: Val Loss 0.09578 | Temp 0.1667

[GAI-A] --- Stagnation at Score -0.0957 ---
  [GAI-A] [Evolution] Targeting Chain 0 Layer 0 (Imp: 8.555e-04)...
    [GAI-A] -> Mutating: IDENTITY ===> TANH
  [GAI-A] [Result] 'TANH' ACCEPTED. Score: -0.0957 (Delta: 0.0000)

[GAI-A] --- Stagnation at Score -0.0957 ---
  [GAI-A] [Evolution] Targeting Chain 0 Layer 0 (Imp: 9.248e-04)...
    [GAI-A] -> Mutating: TANH ===> GAUSSIAN
  [GAI-A] [Result] 'GAUSSIAN' ACCEPTED. Score: -0.1108 (Delta: 0.0000)

[GAI-A] --- Stagnation at Score -0.0957 ---
  [GAI-A] [Evolution] Targeting Chain 0 Layer 0 (Imp: 9.532e-04)...
    [GAI-A] -> Mutating: GAUSSIAN ===> SIN
  [GAI-A] [Result] 'SIN' ACCEPTED. Score: -0.1175 (Delta: 0.0499)
[GAI-A] Epoch 4500: Val Loss 0.14122 | Temp 0.1250

[GAI-A] --- Stagnation at Score -0.0957 ---
  [GAI-A] [Evolution] Targeting Chain 0 Layer 0 (Imp: 9.312e-04)...
    [GAI-A] -> Mutating: SIN ===> GAUSSIAN
  [GAI-A] [Result] 'GAUSSIAN' REJECTED. Score: -0.0974 (Delta: 0.0000)
  [GAI-A] Instant Retry: Triggering evolution again...

[GAI-A] --- Stagnation at Score -0.0957 ---
  [GAI-A] [Evolution] Targeting Chain 0 Layer 0 (Imp: 9.091e-04)...
    [GAI-A] -> Mutating: SIN ===> TANH
  [GAI-A] [Result] 'TANH' ACCEPTED. Score: -0.0975 (Delta: 0.0000)
[GAI-A] Epoch 5000: Val Loss 0.13706 | Temp 0.0833

[GAI-A] --- Stagnation at Score -0.0957 ---
  [GAI-A] [Evolution] Targeting Chain 0 Layer 0 (Imp: 9.092e-04)...
    [GAI-A] -> Mutating: TANH ===> SQUARE
  [GAI-A] [Result] 'SQUARE' ACCEPTED. Score: -0.1354 (Delta: 0.0000)
[GAI-A] Epoch 5500: Val Loss 0.08410 | Temp 0.0417
[GAI-A] Restoring Best Ever State (Score: -0.0816)
[GAI-A] Epoch 0: Val Loss 0.70634 | Temp 0.5000
[GAI-A] Epoch 500: Val Loss 0.12463 | Temp 0.4583
[GAI-A] Epoch 1000: Val Loss 0.11582 | Temp 0.4167
[GAI-A] Epoch 1500: Val Loss 0.11378 | Temp 0.3750
[GAI-A] Epoch 2000: Val Loss 0.11261 | Temp 0.3333
[GAI-A] Epoch 2500: Val Loss 0.11187 | Temp 0.2917

[GAI-A] --- Stagnation at Score -0.1114 ---
  [GAI-A] [Evolution] Targeting Chain 0 Layer 0 (Imp: 1.294e-03)...
    [GAI-A] -> Mutating: TANH ===> GAUSSIAN
  [GAI-A] [Result] 'GAUSSIAN' ACCEPTED. Score: -0.1114 (Delta: 0.0000)
[GAI-A] Epoch 3000: Val Loss 0.21387 | Temp 0.2500

[GAI-A] --- Stagnation at Score -0.1114 ---
  [GAI-A] [Evolution] Targeting Chain 0 Layer 0 (Imp: 1.287e-03)...
    [GAI-A] -> Mutating: GAUSSIAN ===> IDENTITY
  [GAI-A] [Result] 'IDENTITY' ACCEPTED. Score: -0.1230 (Delta: 0.0326)
[GAI-A] Epoch 3500: Val Loss 0.10191 | Temp 0.2083
[GAI-A] Epoch 4000: Val Loss 0.09787 | Temp 0.1667
[GAI-A] Epoch 4500: Val Loss 0.09659 | Temp 0.1250

[GAI-A] --- Stagnation at Score -0.0959 ---
  [GAI-A] [Evolution] Targeting Chain 0 Layer 0 (Imp: 1.306e-03)...
    [GAI-A] -> Mutating: IDENTITY ===> GAUSSIAN
  [GAI-A] [Result] 'GAUSSIAN' ACCEPTED. Score: -0.0961 (Delta: 0.0000)
[GAI-A] Epoch 5000: Val Loss 0.29425 | Temp 0.0833

[GAI-A] --- Stagnation at Score -0.0959 ---
  [GAI-A] [Evolution] Targeting Chain 0 Layer 0 (Imp: 1.317e-03)...
    [GAI-A] -> Mutating: GAUSSIAN ===> SIN
  [GAI-A] [Result] 'SIN' ACCEPTED. Score: -0.1528 (Delta: 0.0292)

[GAI-A] --- Stagnation at Score -0.0959 ---
  [GAI-A] [Evolution] Targeting Chain 0 Layer 0 (Imp: 1.287e-03)...
    [GAI-A] -> Mutating: SIN ===> IDENTITY
  [GAI-A] [Result] 'IDENTITY' REJECTED. Score: -0.0972 (Delta: 0.0000)
  [GAI-A] Instant Retry: Triggering evolution again...
[GAI-A] Epoch 5500: Val Loss 0.09726 | Temp 0.0417

[GAI-A] --- Stagnation at Score -0.0959 ---
  [GAI-A] [Evolution] Targeting Chain 0 Layer 0 (Imp: 1.252e-03)...
    [GAI-A] -> Mutating: SIN ===> SQUARE
  [GAI-A] [Result] 'SQUARE' ACCEPTED. Score: -0.0973 (Delta: 0.0000)

[GAI-A] --- Stagnation at Score -0.0959 ---
  [GAI-A] [Evolution] Targeting Chain 0 Layer 0 (Imp: 1.231e-03)...
    [GAI-A] -> Mutating: SQUARE ===> SIN
  [GAI-A] [Result] 'SIN' ACCEPTED. Score: -0.2285 (Delta: 0.0013)
[GAI-A] Restoring Best Ever State (Score: -0.0875)
[GAI-A] Epoch 0: Val Loss 0.65159 | Temp 0.5000

[GAI-A] --- Stagnation at Score -0.2779 ---
  [GAI-A] [Evolution] Targeting Chain 1 Layer 0 (Imp: 1.756e-05)...
    [GAI-A] -> Mutating: RELU ===> IDENTITY
  [GAI-A] [Result] 'IDENTITY' ACCEPTED. Score: -0.2780 (Delta: 0.0000)
[GAI-A] Epoch 500: Val Loss 0.25876 | Temp 0.4583

[GAI-A] --- Stagnation at Score -0.2508 ---
  [GAI-A] [Evolution] Targeting Chain 1 Layer 0 (Imp: 1.364e-03)...
    [GAI-A] -> Mutating: IDENTITY ===> TANH
  [GAI-A] [Result] 'TANH' REJECTED. Score: -0.2512 (Delta: 0.0000)
  [GAI-A] Instant Retry: Triggering evolution again...
[GAI-A] Epoch 1000: Val Loss 0.25771 | Temp 0.4167

[GAI-A] --- Stagnation at Score -0.2508 ---
  [GAI-A] [Evolution] Targeting Chain 1 Layer 0 (Imp: 1.618e-03)...
    [GAI-A] -> Mutating: IDENTITY ===> RELU
  [GAI-A] [Result] 'RELU' REJECTED. Score: -0.2510 (Delta: 0.0000)
  [GAI-A] Instant Retry: Triggering evolution again...
[GAI-A] Epoch 1500: Val Loss 0.25101 | Temp 0.3750

[GAI-A] --- Stagnation at Score -0.2508 ---
  [GAI-A] [Evolution] Targeting Chain 1 Layer 0 (Imp: 1.889e-03)...
    [GAI-A] -> Mutating: IDENTITY ===> SIN
  [GAI-A] [Result] 'SIN' ACCEPTED. Score: -0.1023 (Delta: 0.1488)
[GAI-A] Epoch 2000: Val Loss 0.09575 | Temp 0.3333
[GAI-A] Epoch 2500: Val Loss 0.09508 | Temp 0.2917

[GAI-A] --- Stagnation at Score -0.0951 ---
  [GAI-A] [Evolution] Targeting Chain 1 Layer 0 (Imp: 1.322e-03)...
    [GAI-A] -> Mutating: SIN ===> SQUARE
  [GAI-A] [Result] 'SQUARE' ACCEPTED. Score: -0.0951 (Delta: 0.0000)

[GAI-A] --- Stagnation at Score -0.0951 ---
  [GAI-A] [Evolution] Targeting Chain 1 Layer 0 (Imp: 1.327e-03)...
    [GAI-A] -> Mutating: SQUARE ===> IDENTITY
  [GAI-A] [Result] 'IDENTITY' ACCEPTED. Score: -0.3283 (Delta: 0.0000)

[GAI-A] --- Stagnation at Score -0.0951 ---
  [GAI-A] [Evolution] Targeting Chain 1 Layer 0 (Imp: 1.404e-03)...
    [GAI-A] -> Mutating: IDENTITY ===> SQUARE
  [GAI-A] [Result] 'SQUARE' ACCEPTED. Score: -0.3278 (Delta: 0.0000)
[GAI-A] Epoch 3000: Val Loss 0.31895 | Temp 0.2500

[GAI-A] --- Stagnation at Score -0.0951 ---
  [GAI-A] [Evolution] Targeting Chain 1 Layer 0 (Imp: 1.379e-03)...
    [GAI-A] -> Mutating: SQUARE ===> SIN
  [GAI-A] [Result] 'SIN' ACCEPTED. Score: -0.3062 (Delta: 0.0041)

[GAI-A] --- Stagnation at Score -0.0951 ---
  [GAI-A] [Evolution] Targeting Chain 1 Layer 0 (Imp: 1.326e-03)...
    [GAI-A] -> Mutating: SIN ===> GAUSSIAN
  [GAI-A] [Result] 'GAUSSIAN' REJECTED. Score: -0.1891 (Delta: 0.0000)
  [GAI-A] Instant Retry: Triggering evolution again...

[GAI-A] --- Stagnation at Score -0.0951 ---
  [GAI-A] [Evolution] Targeting Chain 1 Layer 0 (Imp: 1.281e-03)...
    [GAI-A] -> Mutating: SIN ===> IDENTITY
  [GAI-A] [Result] 'IDENTITY' ACCEPTED. Score: -0.1887 (Delta: 0.0000)
[GAI-A] Epoch 3500: Val Loss 0.27318 | Temp 0.2083

[GAI-A] --- Stagnation at Score -0.0951 ---
  [GAI-A] [Evolution] Targeting Chain 1 Layer 0 (Imp: 1.268e-03)...
    [GAI-A] -> Mutating: IDENTITY ===> SQUARE
  [GAI-A] [Result] 'SQUARE' ACCEPTED. Score: -0.2683 (Delta: 0.0000)

[GAI-A] --- Stagnation at Score -0.0951 ---
  [GAI-A] [Evolution] Targeting Chain 1 Layer 0 (Imp: 1.237e-03)...
    [GAI-A] -> Mutating: SQUARE ===> SIN
  [GAI-A] [Result] 'SIN' ACCEPTED. Score: -0.2849 (Delta: 0.0008)

[GAI-A] --- Stagnation at Score -0.0951 ---
  [GAI-A] [Evolution] Targeting Chain 1 Layer 0 (Imp: 1.190e-03)...
    [GAI-A] -> Mutating: SIN ===> IDENTITY
  [GAI-A] [Result] 'IDENTITY' ACCEPTED. Score: -0.2717 (Delta: 0.0000)
[GAI-A] Epoch 4000: Val Loss 0.28694 | Temp 0.1667

[GAI-A] --- Stagnation at Score -0.0951 ---
  [GAI-A] [Evolution] Targeting Chain 1 Layer 0 (Imp: 1.172e-03)...
    [GAI-A] -> Mutating: IDENTITY ===> SIN
  [GAI-A] [Result] 'SIN' ACCEPTED. Score: -0.2585 (Delta: 0.0138)
[GAI-A] Epoch 4500: Val Loss 0.10238 | Temp 0.1250
[GAI-A] Epoch 5000: Val Loss 0.09797 | Temp 0.0833
[GAI-A] Epoch 5500: Val Loss 0.09686 | Temp 0.0417
[GAI-A] Restoring Best Ever State (Score: -0.0951)
[GAI-A] Epoch 0: Val Loss 1.65944 | Temp 0.5000
[GAI-A] Epoch 500: Val Loss 0.19011 | Temp 0.4583
[GAI-A] Epoch 1000: Val Loss 0.18731 | Temp 0.4167
[GAI-A] Epoch 1500: Val Loss 0.18602 | Temp 0.3750
[GAI-A] Epoch 2000: Val Loss 0.18528 | Temp 0.3333

[GAI-A] --- Stagnation at Score -0.1851 ---
  [GAI-A] [Evolution] Targeting Chain 1 Layer 0 (Imp: 4.265e-04)...
    [GAI-A] -> Mutating: SIN ===> IDENTITY
  [GAI-A] [Result] 'IDENTITY' REJECTED. Score: -0.1851 (Delta: 0.0000)
  [GAI-A] Instant Retry: Triggering evolution again...

[GAI-A] --- Stagnation at Score -0.1839 ---
  [GAI-A] [Evolution] Targeting Chain 1 Layer 0 (Imp: 4.308e-04)...
    [GAI-A] -> Mutating: SIN ===> SQUARE
  [GAI-A] [Result] 'SQUARE' REJECTED. Score: -0.1849 (Delta: 0.0000)
  [GAI-A] Instant Retry: Triggering evolution again...
[GAI-A] Epoch 2500: Val Loss 0.18487 | Temp 0.2917

[GAI-A] --- Stagnation at Score -0.1839 ---
  [GAI-A] [Evolution] Targeting Chain 1 Layer 0 (Imp: 4.366e-04)...
    [GAI-A] -> Mutating: SIN ===> GAUSSIAN
  [GAI-A] [Result] 'GAUSSIAN' REJECTED. Score: -0.1848 (Delta: 0.0000)
  [GAI-A] Instant Retry: Triggering evolution again...

[GAI-A] --- Stagnation at Score -0.1839 ---
  [GAI-A] [Evolution] Targeting Chain 1 Layer 0 (Imp: 4.420e-04)...
    [GAI-A] -> Mutating: SIN ===> TANH
  [GAI-A] [Result] 'TANH' ACCEPTED. Score: -0.1847 (Delta: 0.0000)

[GAI-A] --- Stagnation at Score -0.1839 ---
  [GAI-A] [Evolution] Targeting Chain 1 Layer 0 (Imp: 4.558e-04)...
    [GAI-A] -> Mutating: TANH ===> SIN
  [GAI-A] [Result] 'SIN' ACCEPTED. Score: -0.2489 (Delta: 0.0011)
[GAI-A] Epoch 3000: Val Loss 0.33881 | Temp 0.2500

[GAI-A] --- Stagnation at Score -0.1839 ---
  [GAI-A] [Evolution] Targeting Chain 1 Layer 0 (Imp: 4.524e-04)...
    [GAI-A] -> Mutating: SIN ===> RELU
  [GAI-A] [Result] 'RELU' ACCEPTED. Score: -0.2427 (Delta: 0.0000)

[GAI-A] --- Stagnation at Score -0.1839 ---
  [GAI-A] [Evolution] Targeting Chain 1 Layer 0 (Imp: 4.562e-04)...
    [GAI-A] -> Mutating: RELU ===> SIN
  [GAI-A] [Result] 'SIN' ACCEPTED. Score: -0.3002 (Delta: 0.0001)
[GAI-A] Epoch 3500: Val Loss 0.14556 | Temp 0.2083
[GAI-A] Epoch 4000: Val Loss 0.09679 | Temp 0.1667
[GAI-A] Epoch 4500: Val Loss 0.09585 | Temp 0.1250

[GAI-A] --- Stagnation at Score -0.0958 ---
  [GAI-A] [Evolution] Targeting Chain 1 Layer 0 (Imp: 4.402e-04)...
    [GAI-A] -> Mutating: SIN ===> RELU
  [GAI-A] [Result] 'RELU' REJECTED. Score: -0.0959 (Delta: 0.0000)
  [GAI-A] Instant Retry: Triggering evolution again...

[GAI-A] --- Stagnation at Score -0.0944 ---
  [GAI-A] [Evolution] Targeting Chain 1 Layer 0 (Imp: 4.426e-04)...
    [GAI-A] -> Mutating: SIN ===> TANH
  [GAI-A] [Result] 'TANH' ACCEPTED. Score: -0.0951 (Delta: 0.0000)
[GAI-A] Epoch 5000: Val Loss 0.28135 | Temp 0.0833

[GAI-A] --- Stagnation at Score -0.0944 ---
  [GAI-A] [Evolution] Targeting Chain 1 Layer 0 (Imp: 4.653e-04)...
    [GAI-A] -> Mutating: TANH ===> SIN
  [GAI-A] [Result] 'SIN' ACCEPTED. Score: -0.2161 (Delta: 0.0648)

[GAI-A] --- Stagnation at Score -0.0944 ---
  [GAI-A] [Evolution] Targeting Chain 1 Layer 0 (Imp: 4.676e-04)...
    [GAI-A] -> Mutating: SIN ===> TANH
  [GAI-A] [Result] 'TANH' ACCEPTED. Score: -0.1852 (Delta: 0.0000)

[GAI-A] --- Stagnation at Score -0.0944 ---
  [GAI-A] [Evolution] Targeting Chain 1 Layer 0 (Imp: 4.802e-04)...
    [GAI-A] -> Mutating: TANH ===> SIN
  [GAI-A] [Result] 'SIN' ACCEPTED. Score: -0.2452 (Delta: 0.0002)
[GAI-A] Epoch 5500: Val Loss 0.24545 | Temp 0.0417

[GAI-A] --- Stagnation at Score -0.0944 ---
  [GAI-A] [Evolution] Targeting Chain 1 Layer 0 (Imp: 4.791e-04)...
    [GAI-A] -> Mutating: SIN ===> TANH
  [GAI-A] [Result] 'TANH' ACCEPTED. Score: -0.2412 (Delta: 0.0027)

[GAI-A] --- Stagnation at Score -0.0944 ---
  [GAI-A] [Evolution] Targeting Chain 1 Layer 0 (Imp: 4.750e-04)...
    [GAI-A] -> Mutating: TANH ===> SIN
  [GAI-A] [Result] 'SIN' ACCEPTED. Score: -0.2524 (Delta: 0.0000)

[GAI-A] --- Stagnation at Score -0.0944 ---
  [GAI-A] [Evolution] Targeting Chain 1 Layer 0 (Imp: 4.699e-04)...
    [GAI-A] -> Mutating: SIN ===> TANH
  [GAI-A] [Result] 'TANH' ACCEPTED. Score: -0.2411 (Delta: 0.0016)
[GAI-A] Restoring Best Ever State (Score: -0.0944)
[GAI-A] Epoch 0: Val Loss 0.74096 | Temp 0.5000

[GAI-A] --- Stagnation at Score -0.0002 ---
  [GAI-A] [Evolution] Targeting Chain 1 Layer 0 (Imp: 1.252e-04)...
    [GAI-A] -> Mutating: SIN ===> TANH
  [GAI-A] [Result] 'TANH' REJECTED. Score: -0.0002 (Delta: 0.0000)
  [GAI-A] Instant Retry: Triggering evolution again...
[GAI-A] Epoch 500: Val Loss 0.00040 | Temp 0.4583

[GAI-A] --- Stagnation at Score -0.0002 ---
  [GAI-A] [Evolution] Targeting Chain 1 Layer 0 (Imp: 9.752e-05)...
    [GAI-A] -> Mutating: SIN ===> RELU
  [GAI-A] [Result] 'RELU' REJECTED. Score: -0.0002 (Delta: 0.0000)
  [GAI-A] Instant Retry: Triggering evolution again...

[GAI-A] --- Stagnation at Score -0.0002 ---
  [GAI-A] [Evolution] Targeting Chain 1 Layer 0 (Imp: 8.332e-05)...
    [GAI-A] -> Mutating: SIN ===> SQUARE
  [GAI-A] [Result] 'SQUARE' REJECTED. Score: -0.0002 (Delta: 0.0000)
  [GAI-A] Instant Retry: Triggering evolution again...
[GAI-A] Epoch 1000: Val Loss 0.00090 | Temp 0.4167

[GAI-A] --- Stagnation at Score -0.0002 ---
  [GAI-A] [Evolution] Targeting Chain 1 Layer 0 (Imp: 7.476e-05)...
    [GAI-A] -> Mutating: SIN ===> IDENTITY
  [GAI-A] [Result] 'IDENTITY' ACCEPTED. Score: -0.0002 (Delta: 0.0000)

[GAI-A] --- Stagnation at Score -0.0002 ---
  [GAI-A] [Evolution] Targeting Chain 0 Layer 0 (Imp: 1.426e-04)...
    [GAI-A] -> Mutating: SIN ===> TANH
  [GAI-A] [Result] 'TANH' REJECTED. Score: -0.0951 (Delta: 0.0000)
  [GAI-A] Instant Retry: Triggering evolution again...
[GAI-A] Epoch 1500: Val Loss 0.09510 | Temp 0.3750

[GAI-A] --- Stagnation at Score -0.0002 ---
  [GAI-A] [Evolution] Targeting Chain 0 Layer 0 (Imp: 2.019e-04)...
    [GAI-A] -> Mutating: SIN ===> GAUSSIAN
  [GAI-A] [Result] 'GAUSSIAN' REJECTED. Score: -0.0952 (Delta: 0.0000)
  [GAI-A] Instant Retry: Triggering evolution again...

[GAI-A] --- Stagnation at Score -0.0002 ---
  [GAI-A] [Evolution] Targeting Chain 0 Layer 0 (Imp: 2.437e-04)...
    [GAI-A] -> Mutating: SIN ===> RELU
  [GAI-A] [Result] 'RELU' REJECTED. Score: -0.0952 (Delta: 0.0000)
  [GAI-A] Instant Retry: Triggering evolution again...
[GAI-A] Epoch 2000: Val Loss 0.09532 | Temp 0.3333

[GAI-A] --- Stagnation at Score -0.0002 ---
  [GAI-A] [Evolution] Targeting Chain 0 Layer 0 (Imp: 2.882e-04)...
    [GAI-A] -> Mutating: SIN ===> IDENTITY
  [GAI-A] [Result] 'IDENTITY' ACCEPTED. Score: -0.0953 (Delta: 0.0000)

[GAI-A] --- Stagnation at Score -0.0002 ---
  [GAI-A] [Evolution] Targeting Chain 0 Layer 0 (Imp: 3.685e-04)...
    [GAI-A] -> Mutating: IDENTITY ===> SIN
  [GAI-A] [Result] 'SIN' ACCEPTED. Score: -0.1213 (Delta: 0.2066)

[GAI-A] --- Stagnation at Score -0.0002 ---
  [GAI-A] [Evolution] Targeting Chain 0 Layer 0 (Imp: 3.958e-04)...
    [GAI-A] -> Mutating: SIN ===> IDENTITY
  [GAI-A] [Result] 'IDENTITY' REJECTED. Score: -0.0951 (Delta: 0.0000)
  [GAI-A] Instant Retry: Triggering evolution again...
[GAI-A] Epoch 2500: Val Loss 0.09532 | Temp 0.2917

[GAI-A] --- Stagnation at Score -0.0002 ---
  [GAI-A] [Evolution] Targeting Chain 0 Layer 0 (Imp: 4.155e-04)...
    [GAI-A] -> Mutating: SIN ===> SQUARE
  [GAI-A] [Result] 'SQUARE' REJECTED. Score: -0.0953 (Delta: 0.0000)
  [GAI-A] Instant Retry: Triggering evolution again...

[GAI-A] --- Stagnation at Score -0.0002 ---
  [GAI-A] [Evolution] Targeting Chain 0 Layer 0 (Imp: 4.330e-04)...
  [GAI-A] [Evolution] Targeting Chain 1 Layer 0 (Imp: 4.666e-04)...
    [GAI-A] -> Mutating: IDENTITY ===> SIN
  [GAI-A] [Result] 'SIN' ACCEPTED. Score: -0.0002 (Delta: 0.0950)
[GAI-A] Epoch 3000: Val Loss 0.00024 | Temp 0.2500

[GAI-A] --- Stagnation at Score -0.0002 ---
  [GAI-A] [Evolution] Targeting Chain 0 Layer 0 (Imp: 4.002e-04)...
  [GAI-A] [Evolution] Targeting Chain 1 Layer 0 (Imp: 4.312e-04)...
    [GAI-A] -> Mutating: SIN ===> IDENTITY
  [GAI-A] [Result] 'IDENTITY' ACCEPTED. Score: -0.0002 (Delta: 0.0000)

[GAI-A] --- Stagnation at Score -0.0002 ---
  [GAI-A] [Evolution] Targeting Chain 0 Layer 0 (Imp: 4.086e-04)...
  [GAI-A] [Evolution] Targeting Chain 1 Layer 0 (Imp: 4.468e-04)...
    [GAI-A] -> Mutating: IDENTITY ===> GAUSSIAN
  [GAI-A] [Result] 'GAUSSIAN' REJECTED. Score: -0.0951 (Delta: 0.0000)
  [GAI-A] Instant Retry: Triggering evolution again...
[GAI-A] Epoch 3500: Val Loss 0.09505 | Temp 0.2083

[GAI-A] --- Stagnation at Score -0.0002 ---
  [GAI-A] [Evolution] Targeting Chain 0 Layer 0 (Imp: 4.170e-04)...
  [GAI-A] [Evolution] Targeting Chain 1 Layer 0 (Imp: 4.618e-04)...
    [GAI-A] -> Mutating: IDENTITY ===> SIN
  [GAI-A] [Result] 'SIN' REJECTED. Score: -0.0950 (Delta: 0.0000)
  [GAI-A] Instant Retry: Triggering evolution again...

[GAI-A] --- Stagnation at Score -0.0002 ---
  [GAI-A] [Evolution] Targeting Chain 0 Layer 0 (Imp: 4.266e-04)...
  [GAI-A] [Evolution] Targeting Chain 1 Layer 0 (Imp: 4.772e-04)...
[GAI-A] No mutations possible or supported.
[GAI-A] No mutations left; continuing to train with the structure frozen.
[GAI-A] Epoch 4000: Val Loss 0.09517 | Temp 0.1667
[GAI-A] Epoch 4500: Val Loss 0.09521 | Temp 0.1250
[GAI-A] Epoch 5000: Val Loss 0.09525 | Temp 0.0833
[GAI-A] Epoch 5500: Val Loss 0.09527 | Temp 0.0417
[GAI-A] Restoring Best Ever State (Score: -0.0002)
[GAI-A] Epoch 0: Val Loss 1.06195 | Temp 0.5000
[GAI-A] Epoch 500: Val Loss 0.12175 | Temp 0.4583
[GAI-A] Epoch 1000: Val Loss 0.10248 | Temp 0.4167
[GAI-A] Epoch 1500: Val Loss 0.09763 | Temp 0.3750
[GAI-A] Epoch 2000: Val Loss 0.09584 | Temp 0.3333
[GAI-A] Epoch 2500: Val Loss 0.09505 | Temp 0.2917

[GAI-A] --- Stagnation at Score -0.0947 ---
  [GAI-A] [Evolution] Targeting Chain 1 Layer 0 (Imp: 3.445e-04)...
    [GAI-A] -> Mutating: GAUSSIAN ===> TANH
  [GAI-A] [Result] 'TANH' ACCEPTED. Score: -0.0947 (Delta: 0.0000)
[GAI-A] Epoch 3000: Val Loss 0.13772 | Temp 0.2500

[GAI-A] --- Stagnation at Score -0.0947 ---
  [GAI-A] [Evolution] Targeting Chain 1 Layer 0 (Imp: 3.616e-04)...
    [GAI-A] -> Mutating: TANH ===> GAUSSIAN
  [GAI-A] [Result] 'GAUSSIAN' ACCEPTED. Score: -0.1230 (Delta: 0.0000)

[GAI-A] --- Stagnation at Score -0.0947 ---
  [GAI-A] [Evolution] Targeting Chain 1 Layer 0 (Imp: 3.531e-04)...
    [GAI-A] -> Mutating: GAUSSIAN ===> SQUARE
  [GAI-A] [Result] 'SQUARE' ACCEPTED. Score: -0.1111 (Delta: 0.0003)

[GAI-A] --- Stagnation at Score -0.0947 ---
  [GAI-A] [Evolution] Targeting Chain 1 Layer 0 (Imp: 3.520e-04)...
    [GAI-A] -> Mutating: SQUARE ===> RELU
[GAI-A] Epoch 3500: Val Loss 0.13924 | Temp 0.2083
  [GAI-A] [Result] 'RELU' ACCEPTED. Score: -0.1376 (Delta: 0.0006)

[GAI-A] --- Stagnation at Score -0.0947 ---
  [GAI-A] [Evolution] Targeting Chain 1 Layer 0 (Imp: 3.380e-04)...
    [GAI-A] -> Mutating: RELU ===> GAUSSIAN
  [GAI-A] [Result] 'GAUSSIAN' ACCEPTED. Score: -0.1757 (Delta: 0.0000)

[GAI-A] --- Stagnation at Score -0.0947 ---
  [GAI-A] [Evolution] Targeting Chain 1 Layer 0 (Imp: 3.311e-04)...
    [GAI-A] -> Mutating: GAUSSIAN ===> IDENTITY
  [GAI-A] [Result] 'IDENTITY' ACCEPTED. Score: -0.1475 (Delta: 0.0000)
[GAI-A] Epoch 4000: Val Loss 0.18769 | Temp 0.1667

[GAI-A] --- Stagnation at Score -0.0947 ---
  [GAI-A] [Evolution] Targeting Chain 1 Layer 0 (Imp: 3.407e-04)...
    [GAI-A] -> Mutating: IDENTITY ===> RELU
  [GAI-A] [Result] 'RELU' ACCEPTED. Score: -0.1557 (Delta: 0.0032)

[GAI-A] --- Stagnation at Score -0.0947 ---
  [GAI-A] [Evolution] Targeting Chain 1 Layer 0 (Imp: 3.288e-04)...
    [GAI-A] -> Mutating: RELU ===> TANH
  [GAI-A] [Result] 'TANH' ACCEPTED. Score: -0.1665 (Delta: 0.0085)

[GAI-A] --- Stagnation at Score -0.0947 ---
  [GAI-A] [Evolution] Targeting Chain 1 Layer 0 (Imp: 3.462e-04)...
    [GAI-A] -> Mutating: TANH ===> SIN
  [GAI-A] [Result] 'SIN' ACCEPTED. Score: -0.1242 (Delta: 0.0141)
[GAI-A] Epoch 4500: Val Loss 0.10006 | Temp 0.1250

[GAI-A] --- Stagnation at Score -0.0947 ---
  [GAI-A] [Evolution] Targeting Chain 1 Layer 0 (Imp: 3.473e-04)...
    [GAI-A] -> Mutating: SIN ===> RELU
  [GAI-A] [Result] 'RELU' ACCEPTED. Score: -0.0989 (Delta: 0.0000)

[GAI-A] --- Stagnation at Score -0.0947 ---
  [GAI-A] [Evolution] Targeting Chain 1 Layer 0 (Imp: 3.378e-04)...
    [GAI-A] -> Mutating: RELU ===> SIN
  [GAI-A] [Result] 'SIN' ACCEPTED. Score: -0.1009 (Delta: 0.0347)

[GAI-A] --- Stagnation at Score -0.0947 ---
  [GAI-A] [Evolution] Targeting Chain 1 Layer 0 (Imp: 3.367e-04)...
    [GAI-A] -> Mutating: SIN ===> GAUSSIAN
  [GAI-A] [Result] 'GAUSSIAN' ACCEPTED. Score: -0.0999 (Delta: 0.0000)
[GAI-A] Epoch 5000: Val Loss 0.14419 | Temp 0.0833

[GAI-A] --- Stagnation at Score -0.0947 ---
  [GAI-A] [Evolution] Targeting Chain 1 Layer 0 (Imp: 3.389e-04)...
    [GAI-A] -> Mutating: GAUSSIAN ===> SIN
  [GAI-A] [Result] 'SIN' ACCEPTED. Score: -0.1197 (Delta: 0.0245)

[GAI-A] --- Stagnation at Score -0.0947 ---
  [GAI-A] [Evolution] Targeting Chain 1 Layer 0 (Imp: 3.393e-04)...
    [GAI-A] -> Mutating: SIN ===> SQUARE
  [GAI-A] [Result] 'SQUARE' ACCEPTED. Score: -0.0972 (Delta: 0.0000)

[GAI-A] --- Stagnation at Score -0.0947 ---
  [GAI-A] [Evolution] Targeting Chain 1 Layer 0 (Imp: 3.407e-04)...
    [GAI-A] -> Mutating: SQUARE ===> IDENTITY
  [GAI-A] [Result] 'IDENTITY' ACCEPTED. Score: -0.1758 (Delta: 0.0002)
[GAI-A] Epoch 5500: Val Loss 0.15540 | Temp 0.0417

[GAI-A] --- Stagnation at Score -0.0947 ---
  [GAI-A] [Evolution] Targeting Chain 1 Layer 0 (Imp: 3.395e-04)...
    [GAI-A] -> Mutating: IDENTITY ===> SQUARE
  [GAI-A] [Result] 'SQUARE' ACCEPTED. Score: -0.1241 (Delta: 0.0001)

[GAI-A] --- Stagnation at Score -0.0947 ---
  [GAI-A] [Evolution] Targeting Chain 1 Layer 0 (Imp: 3.426e-04)...
    [GAI-A] -> Mutating: SQUARE ===> TANH
  [GAI-A] [Result] 'TANH' ACCEPTED. Score: -0.1295 (Delta: 0.0001)

[GAI-A] --- Stagnation at Score -0.0947 ---
  [GAI-A] [Evolution] Targeting Chain 1 Layer 0 (Imp: 3.558e-04)...
    [GAI-A] -> Mutating: TANH ===> SQUARE
  [GAI-A] [Result] 'SQUARE' ACCEPTED. Score: -0.1255 (Delta: 0.0072)
[GAI-A] Restoring Best Ever State (Score: -0.0947)
[GAI-A] Epoch 0: Val Loss 0.65122 | Temp 0.5000
[GAI-A] Epoch 500: Val Loss 0.05340 | Temp 0.4583

[GAI-A] --- Stagnation at Score -0.0533 ---
  [GAI-A] [Evolution] Targeting Chain 1 Layer 0 (Imp: 5.274e-05)...
    [GAI-A] -> Mutating: RELU ===> SIN
  [GAI-A] [Result] 'SIN' ACCEPTED. Score: -0.0002 (Delta: 0.0530)
[GAI-A] Epoch 1000: Val Loss 0.00024 | Temp 0.4167

[GAI-A] --- Stagnation at Score -0.0002 ---
  [GAI-A] [Evolution] Targeting Chain 1 Layer 0 (Imp: 5.367e-05)...
    [GAI-A] -> Mutating: SIN ===> IDENTITY
  [GAI-A] [Result] 'IDENTITY' ACCEPTED. Score: -0.0002 (Delta: 0.0000)

[GAI-A] --- Stagnation at Score -0.0002 ---
  [GAI-A] [Evolution] Targeting Chain 1 Layer 0 (Imp: 1.587e-04)...
    [GAI-A] -> Mutating: IDENTITY ===> SQUARE
  [GAI-A] [Result] 'SQUARE' REJECTED. Score: -0.0950 (Delta: 0.0000)
  [GAI-A] Instant Retry: Triggering evolution again...

[GAI-A] --- Stagnation at Score -0.0002 ---
  [GAI-A] [Evolution] Targeting Chain 1 Layer 0 (Imp: 2.069e-04)...
    [GAI-A] -> Mutating: IDENTITY ===> GAUSSIAN
  [GAI-A] [Result] 'GAUSSIAN' REJECTED. Score: -0.0951 (Delta: 0.0000)
  [GAI-A] Instant Retry: Triggering evolution again...
[GAI-A] Epoch 1500: Val Loss 0.09529 | Temp 0.3750

[GAI-A] --- Stagnation at Score -0.0002 ---
  [GAI-A] [Evolution] Targeting Chain 1 Layer 0 (Imp: 2.373e-04)...
    [GAI-A] -> Mutating: IDENTITY ===> RELU
  [GAI-A] [Result] 'RELU' ACCEPTED. Score: -0.0951 (Delta: 0.0000)

[GAI-A] --- Stagnation at Score -0.0002 ---
  [GAI-A] [Evolution] Targeting Chain 1 Layer 0 (Imp: 2.178e-04)...
    [GAI-A] -> Mutating: RELU ===> TANH
  [GAI-A] [Result] 'TANH' REJECTED. Score: -0.0957 (Delta: 0.0000)
  [GAI-A] Instant Retry: Triggering evolution again...
[GAI-A] Epoch 2000: Val Loss 0.09570 | Temp 0.3333

[GAI-A] --- Stagnation at Score -0.0002 ---
  [GAI-A] [Evolution] Targeting Chain 1 Layer 0 (Imp: 1.977e-04)...
    [GAI-A] -> Mutating: RELU ===> IDENTITY
  [GAI-A] [Result] 'IDENTITY' REJECTED. Score: -0.0957 (Delta: 0.0000)
  [GAI-A] Instant Retry: Triggering evolution again...

[GAI-A] --- Stagnation at Score -0.0002 ---
  [GAI-A] [Evolution] Targeting Chain 1 Layer 0 (Imp: 1.811e-04)...
    [GAI-A] -> Mutating: RELU ===> SIN
  [GAI-A] [Result] 'SIN' REJECTED. Score: -0.0957 (Delta: 0.0000)
  [GAI-A] Instant Retry: Triggering evolution again...
[GAI-A] Epoch 2500: Val Loss 0.05452 | Temp 0.2917
[GAI-A] Epoch 3000: Val Loss 0.05346 | Temp 0.2500

[GAI-A] --- Stagnation at Score -0.0002 ---
  [GAI-A] [Evolution] Targeting Chain 1 Layer 0 (Imp: 1.253e-04)...
  [GAI-A] [Evolution] Targeting Chain 0 Layer 0 (Imp: 4.795e-04)...
    [GAI-A] -> Mutating: SIN ===> TANH
  [GAI-A] [Result] 'TANH' ACCEPTED. Score: -0.0533 (Delta: 0.0000)

[GAI-A] --- Stagnation at Score -0.0002 ---
  [GAI-A] [Evolution] Targeting Chain 1 Layer 0 (Imp: 1.248e-04)...
  [GAI-A] [Evolution] Targeting Chain 0 Layer 0 (Imp: 4.946e-04)...
    [GAI-A] -> Mutating: TANH ===> GAUSSIAN
[GAI-A] Epoch 3500: Val Loss 0.29514 | Temp 0.2083
  [GAI-A] [Result] 'GAUSSIAN' ACCEPTED. Score: -0.1289 (Delta: 0.0014)

[GAI-A] --- Stagnation at Score -0.0002 ---
  [GAI-A] [Evolution] Targeting Chain 1 Layer 0 (Imp: 1.223e-04)...
  [GAI-A] [Evolution] Targeting Chain 0 Layer 0 (Imp: 4.963e-04)...
    [GAI-A] -> Mutating: GAUSSIAN ===> TANH
  [GAI-A] [Result] 'TANH' ACCEPTED. Score: -0.0999 (Delta: 0.0000)

[GAI-A] --- Stagnation at Score -0.0002 ---
  [GAI-A] [Evolution] Targeting Chain 1 Layer 0 (Imp: 1.239e-04)...
  [GAI-A] [Evolution] Targeting Chain 0 Layer 0 (Imp: 5.156e-04)...
    [GAI-A] -> Mutating: TANH ===> IDENTITY
  [GAI-A] [Result] 'IDENTITY' ACCEPTED. Score: -0.1395 (Delta: 0.0001)
[GAI-A] Epoch 4000: Val Loss 0.25816 | Temp 0.1667

[GAI-A] --- Stagnation at Score -0.0002 ---
  [GAI-A] [Evolution] Targeting Chain 1 Layer 0 (Imp: 1.300e-04)...
  [GAI-A] [Evolution] Targeting Chain 0 Layer 0 (Imp: 5.359e-04)...
    [GAI-A] -> Mutating: IDENTITY ===> GAUSSIAN
  [GAI-A] [Result] 'GAUSSIAN' ACCEPTED. Score: -0.2498 (Delta: 0.0067)

[GAI-A] --- Stagnation at Score -0.0002 ---
  [GAI-A] [Evolution] Targeting Chain 1 Layer 0 (Imp: 1.306e-04)...
  [GAI-A] [Evolution] Targeting Chain 0 Layer 0 (Imp: 5.331e-04)...
    [GAI-A] -> Mutating: GAUSSIAN ===> IDENTITY
  [GAI-A] [Result] 'IDENTITY' ACCEPTED. Score: -0.1036 (Delta: 0.0001)

[GAI-A] --- Stagnation at Score -0.0002 ---
  [GAI-A] [Evolution] Targeting Chain 1 Layer 0 (Imp: 1.460e-04)...
  [GAI-A] [Evolution] Targeting Chain 0 Layer 0 (Imp: 5.572e-04)...
    [GAI-A] -> Mutating: IDENTITY ===> SQUARE
  [GAI-A] [Result] 'SQUARE' REJECTED. Score: -0.2390 (Delta: 0.0000)
  [GAI-A] Instant Retry: Triggering evolution again...
[GAI-A] Epoch 4500: Val Loss 0.23976 | Temp 0.1250

[GAI-A] --- Stagnation at Score -0.0002 ---
  [GAI-A] [Evolution] Targeting Chain 1 Layer 0 (Imp: 1.676e-04)...
  [GAI-A] [Evolution] Targeting Chain 0 Layer 0 (Imp: 5.751e-04)...
    [GAI-A] -> Mutating: IDENTITY ===> TANH
[GAI-A] Epoch 5000: Val Loss 0.14105 | Temp 0.0833
[GAI-A] Epoch 5500: Val Loss 0.12650 | Temp 0.0417
  [GAI-A] [Result] 'TANH' ACCEPTED. Score: -0.1232 (Delta: 0.1168)
[GAI-A] Restoring Best Ever State (Score: -0.0002)
[GAI-A] Epoch 0: Val Loss 1.20577 | Temp 0.5000
[GAI-A] Epoch 500: Val Loss 0.51488 | Temp 0.4583

[GAI-A] --- Stagnation at Score -0.5141 ---
  [GAI-A] [Evolution] Targeting Chain 0 Layer 0 (Imp: 5.569e-06)...
    [GAI-A] -> Mutating: RELU ===> IDENTITY
  [GAI-A] [Result] 'IDENTITY' ACCEPTED. Score: -0.2284 (Delta: 0.2857)

[GAI-A] --- Stagnation at Score -0.2284 ---
  [GAI-A] [Evolution] Targeting Chain 0 Layer 0 (Imp: 1.650e-04)...
    [GAI-A] -> Mutating: IDENTITY ===> SIN
[GAI-A] Epoch 1000: Val Loss 0.01048 | Temp 0.4167
  [GAI-A] [Result] 'SIN' ACCEPTED. Score: -0.0002 (Delta: 0.2302)

[GAI-A] --- Stagnation at Score -0.0002 ---
  [GAI-A] [Evolution] Targeting Chain 0 Layer 0 (Imp: 1.467e-04)...
    [GAI-A] -> Mutating: SIN ===> SQUARE
  [GAI-A] [Result] 'SQUARE' ACCEPTED. Score: -0.0002 (Delta: 0.0000)

[GAI-A] --- Stagnation at Score -0.0002 ---
  [GAI-A] [Evolution] Targeting Chain 0 Layer 0 (Imp: 3.066e-04)...
    [GAI-A] -> Mutating: SQUARE ===> IDENTITY
  [GAI-A] [Result] 'IDENTITY' ACCEPTED. Score: -0.2249 (Delta: 0.0090)
[GAI-A] Epoch 1500: Val Loss 0.22767 | Temp 0.3750

[GAI-A] --- Stagnation at Score -0.0002 ---
  [GAI-A] [Evolution] Targeting Chain 0 Layer 0 (Imp: 5.111e-04)...
    [GAI-A] -> Mutating: IDENTITY ===> RELU
  [GAI-A] [Result] 'RELU' REJECTED. Score: -0.2288 (Delta: 0.0000)
  [GAI-A] Instant Retry: Triggering evolution again...

[GAI-A] --- Stagnation at Score -0.0002 ---
  [GAI-A] [Evolution] Targeting Chain 0 Layer 0 (Imp: 6.548e-04)...
    [GAI-A] -> Mutating: IDENTITY ===> GAUSSIAN
  [GAI-A] [Result] 'GAUSSIAN' ACCEPTED. Score: -0.2247 (Delta: 0.0041)
[GAI-A] Epoch 2000: Val Loss 0.05879 | Temp 0.3333
[GAI-A] Epoch 2500: Val Loss 0.05472 | Temp 0.2917
[GAI-A] Epoch 3000: Val Loss 0.05399 | Temp 0.2500
[GAI-A] Epoch 3500: Val Loss 0.05375 | Temp 0.2083

[GAI-A] --- Stagnation at Score -0.0002 ---
  [GAI-A] [Evolution] Targeting Chain 0 Layer 0 (Imp: 3.600e-04)...
    [GAI-A] -> Mutating: GAUSSIAN ===> IDENTITY
  [GAI-A] [Result] 'IDENTITY' ACCEPTED. Score: -0.0537 (Delta: 0.0000)

[GAI-A] --- Stagnation at Score -0.0002 ---
  [GAI-A] [Evolution] Targeting Chain 0 Layer 0 (Imp: 4.056e-04)...
    [GAI-A] -> Mutating: IDENTITY ===> SIN
  [GAI-A] [Result] 'SIN' ACCEPTED. Score: -0.0981 (Delta: 0.0000)

[GAI-A] --- Stagnation at Score -0.0002 ---
  [GAI-A] [Evolution] Targeting Chain 0 Layer 0 (Imp: 4.210e-04)...
    [GAI-A] -> Mutating: SIN ===> IDENTITY
  [GAI-A] [Result] 'IDENTITY' ACCEPTED. Score: -0.0998 (Delta: 0.0000)
[GAI-A] Epoch 4000: Val Loss 0.09714 | Temp 0.1667

[GAI-A] --- Stagnation at Score -0.0002 ---
  [GAI-A] [Evolution] Targeting Chain 0 Layer 0 (Imp: 4.590e-04)...
    [GAI-A] -> Mutating: IDENTITY ===> SIN
  [GAI-A] [Result] 'SIN' ACCEPTED. Score: -0.0964 (Delta: 0.0000)

[GAI-A] --- Stagnation at Score -0.0002 ---
  [GAI-A] [Evolution] Targeting Chain 0 Layer 0 (Imp: 4.713e-04)...
    [GAI-A] -> Mutating: SIN ===> TANH
  [GAI-A] [Result] 'TANH' ACCEPTED. Score: -0.0988 (Delta: 0.0001)

[GAI-A] --- Stagnation at Score -0.0002 ---
  [GAI-A] [Evolution] Targeting Chain 0 Layer 0 (Imp: 4.900e-04)...
    [GAI-A] -> Mutating: TANH ===> GAUSSIAN
  [GAI-A] [Result] 'GAUSSIAN' ACCEPTED. Score: -0.0957 (Delta: 0.0000)
[GAI-A] Epoch 4500: Val Loss 0.11213 | Temp 0.1250

[GAI-A] --- Stagnation at Score -0.0002 ---
  [GAI-A] [Evolution] Targeting Chain 0 Layer 0 (Imp: 4.748e-04)...
    [GAI-A] -> Mutating: GAUSSIAN ===> TANH
  [GAI-A] [Result] 'TANH' ACCEPTED. Score: -0.0956 (Delta: 0.0000)

[GAI-A] --- Stagnation at Score -0.0002 ---
  [GAI-A] [Evolution] Targeting Chain 0 Layer 0 (Imp: 4.902e-04)...
    [GAI-A] -> Mutating: TANH ===> SQUARE
  [GAI-A] [Result] 'SQUARE' ACCEPTED. Score: -0.0957 (Delta: 0.0000)

[GAI-A] --- Stagnation at Score -0.0002 ---
  [GAI-A] [Evolution] Targeting Chain 0 Layer 0 (Imp: 5.298e-04)...
    [GAI-A] -> Mutating: SQUARE ===> TANH
[GAI-A] Epoch 5000: Val Loss 0.10052 | Temp 0.0833
  [GAI-A] [Result] 'TANH' ACCEPTED. Score: -0.0974 (Delta: 0.0000)

[GAI-A] --- Stagnation at Score -0.0002 ---
  [GAI-A] [Evolution] Targeting Chain 0 Layer 0 (Imp: 5.473e-04)...
    [GAI-A] -> Mutating: TANH ===> SQUARE
  [GAI-A] [Result] 'SQUARE' REJECTED. Score: -0.0956 (Delta: 0.0000)
  [GAI-A] Instant Retry: Triggering evolution again...

[GAI-A] --- Stagnation at Score -0.0002 ---
  [GAI-A] [Evolution] Targeting Chain 0 Layer 0 (Imp: 5.613e-04)...
    [GAI-A] -> Mutating: TANH ===> IDENTITY
  [GAI-A] [Result] 'IDENTITY' REJECTED. Score: -0.0957 (Delta: 0.0000)
  [GAI-A] Instant Retry: Triggering evolution again...
[GAI-A] Epoch 5500: Val Loss 0.09570 | Temp 0.0417

[GAI-A] --- Stagnation at Score -0.0002 ---
  [GAI-A] [Evolution] Targeting Chain 0 Layer 0 (Imp: 5.747e-04)...
    [GAI-A] -> Mutating: TANH ===> GAUSSIAN
  [GAI-A] [Result] 'GAUSSIAN' ACCEPTED. Score: -0.0957 (Delta: 0.0000)
[GAI-A] Restoring Best Ever State (Score: -0.0002)
[GAI-A] Epoch 0: Val Loss 1.83687 | Temp 0.5000
[GAI-A] Epoch 500: Val Loss 0.13802 | Temp 0.4583
[GAI-A] Epoch 1000: Val Loss 0.10837 | Temp 0.4167
[GAI-A] Epoch 1500: Val Loss 0.10203 | Temp 0.3750
[GAI-A] Epoch 2000: Val Loss 0.09958 | Temp 0.3333
[GAI-A] Epoch 2500: Val Loss 0.09830 | Temp 0.2917
[GAI-A] Epoch 3000: Val Loss 0.09755 | Temp 0.2500

[GAI-A] --- Stagnation at Score -0.0972 ---
  [GAI-A] [Evolution] Targeting Chain 0 Layer 0 (Imp: 1.133e-03)...
    [GAI-A] -> Mutating: GAUSSIAN ===> SQUARE
  [GAI-A] [Result] 'SQUARE' ACCEPTED. Score: -0.0974 (Delta: 0.0000)

[GAI-A] --- Stagnation at Score -0.0972 ---
  [GAI-A] [Evolution] Targeting Chain 0 Layer 0 (Imp: 1.115e-03)...
    [GAI-A] -> Mutating: SQUARE ===> TANH
  [GAI-A] [Result] 'TANH' ACCEPTED. Score: -0.2261 (Delta: 0.0002)

[GAI-A] --- Stagnation at Score -0.0972 ---
  [GAI-A] [Evolution] Targeting Chain 0 Layer 0 (Imp: 1.171e-03)...
    [GAI-A] -> Mutating: TANH ===> RELU
  [GAI-A] [Result] 'RELU' ACCEPTED. Score: -0.2247 (Delta: 0.0081)
[GAI-A] Epoch 3500: Val Loss 0.25180 | Temp 0.2083

[GAI-A] --- Stagnation at Score -0.0972 ---
  [GAI-A] [Evolution] Targeting Chain 0 Layer 0 (Imp: 1.133e-03)...
    [GAI-A] -> Mutating: RELU ===> SIN
  [GAI-A] [Result] 'SIN' ACCEPTED. Score: -0.2487 (Delta: 0.0013)

[GAI-A] --- Stagnation at Score -0.0972 ---
  [GAI-A] [Evolution] Targeting Chain 0 Layer 0 (Imp: 1.175e-03)...
    [GAI-A] -> Mutating: SIN ===> IDENTITY
  [GAI-A] [Result] 'IDENTITY' ACCEPTED. Score: -0.2286 (Delta: 0.0001)

[GAI-A] --- Stagnation at Score -0.0972 ---
  [GAI-A] [Evolution] Targeting Chain 0 Layer 0 (Imp: 1.215e-03)...
    [GAI-A] -> Mutating: IDENTITY ===> RELU
  [GAI-A] [Result] 'RELU' ACCEPTED. Score: -0.2336 (Delta: 0.0001)
[GAI-A] Epoch 4000: Val Loss 0.28693 | Temp 0.1667

[GAI-A] --- Stagnation at Score -0.0972 ---
  [GAI-A] [Evolution] Targeting Chain 0 Layer 0 (Imp: 1.190e-03)...
    [GAI-A] -> Mutating: RELU ===> GAUSSIAN
  [GAI-A] [Result] 'GAUSSIAN' REJECTED. Score: -0.2436 (Delta: 0.0000)
  [GAI-A] Instant Retry: Triggering evolution again...

[GAI-A] --- Stagnation at Score -0.0972 ---
  [GAI-A] [Evolution] Targeting Chain 0 Layer 0 (Imp: 1.163e-03)...
    [GAI-A] -> Mutating: RELU ===> SQUARE
  [GAI-A] [Result] 'SQUARE' ACCEPTED. Score: -0.2247 (Delta: 0.0190)
[GAI-A] Epoch 4500: Val Loss 0.22684 | Temp 0.1250

[GAI-A] --- Stagnation at Score -0.0972 ---
  [GAI-A] [Evolution] Targeting Chain 0 Layer 0 (Imp: 1.134e-03)...
    [GAI-A] -> Mutating: SQUARE ===> TANH
  [GAI-A] [Result] 'TANH' ACCEPTED. Score: -0.2267 (Delta: 0.0000)

[GAI-A] --- Stagnation at Score -0.0972 ---
  [GAI-A] [Evolution] Targeting Chain 0 Layer 0 (Imp: 1.156e-03)...
    [GAI-A] -> Mutating: TANH ===> IDENTITY
  [GAI-A] [Result] 'IDENTITY' ACCEPTED. Score: -0.2333 (Delta: 0.0000)

[GAI-A] --- Stagnation at Score -0.0972 ---
  [GAI-A] [Evolution] Targeting Chain 0 Layer 0 (Imp: 1.183e-03)...
    [GAI-A] -> Mutating: IDENTITY ===> SQUARE
  [GAI-A] [Result] 'SQUARE' ACCEPTED. Score: -0.2326 (Delta: 0.0000)
[GAI-A] Epoch 5000: Val Loss 0.22569 | Temp 0.0833

[GAI-A] --- Stagnation at Score -0.0972 ---
  [GAI-A] [Evolution] Targeting Chain 0 Layer 0 (Imp: 1.159e-03)...
    [GAI-A] -> Mutating: SQUARE ===> IDENTITY
  [GAI-A] [Result] 'IDENTITY' ACCEPTED. Score: -0.2274 (Delta: 0.0000)

[GAI-A] --- Stagnation at Score -0.0972 ---
  [GAI-A] [Evolution] Targeting Chain 0 Layer 0 (Imp: 1.177e-03)...
    [GAI-A] -> Mutating: IDENTITY ===> TANH
  [GAI-A] [Result] 'TANH' ACCEPTED. Score: -0.2208 (Delta: 0.0113)
[GAI-A] Epoch 5500: Val Loss 0.22296 | Temp 0.0417

[GAI-A] --- Stagnation at Score -0.0972 ---
  [GAI-A] [Evolution] Targeting Chain 0 Layer 0 (Imp: 1.189e-03)...
    [GAI-A] -> Mutating: TANH ===> RELU
  [GAI-A] [Result] 'RELU' ACCEPTED. Score: -0.2227 (Delta: 0.0000)

[GAI-A] --- Stagnation at Score -0.0972 ---
  [GAI-A] [Evolution] Targeting Chain 0 Layer 0 (Imp: 1.186e-03)...
    [GAI-A] -> Mutating: RELU ===> TANH
  [GAI-A] [Result] 'TANH' ACCEPTED. Score: -0.1937 (Delta: 0.0000)

[GAI-A] --- Stagnation at Score -0.0972 ---
  [GAI-A] [Evolution] Targeting Chain 0 Layer 0 (Imp: 1.176e-03)...
    [GAI-A] -> Mutating: TANH ===> SQUARE
[GAI-A] Restoring Best Ever State (Score: -0.0972)
[GAI-A] Epoch 0: Val Loss 0.76186 | Temp 0.5000
[GAI-A] Epoch 500: Val Loss 0.15609 | Temp 0.4583
[GAI-A] Epoch 1000: Val Loss 0.14479 | Temp 0.4167
[GAI-A] Epoch 1500: Val Loss 0.14160 | Temp 0.3750
[GAI-A] Epoch 2000: Val Loss 0.14012 | Temp 0.3333
[GAI-A] Epoch 2500: Val Loss 0.13941 | Temp 0.2917

[GAI-A] --- Stagnation at Score -0.1393 ---
  [GAI-A] [Evolution] Targeting Chain 1 Layer 0 (Imp: 2.126e-04)...
    [GAI-A] -> Mutating: GAUSSIAN ===> TANH
  [GAI-A] [Result] 'TANH' ACCEPTED. Score: -0.1393 (Delta: 0.0000)

[GAI-A] --- Stagnation at Score -0.1393 ---
  [GAI-A] [Evolution] Targeting Chain 1 Layer 0 (Imp: 2.229e-04)...
    [GAI-A] -> Mutating: TANH ===> GAUSSIAN
  [GAI-A] [Result] 'GAUSSIAN' ACCEPTED. Score: -0.1766 (Delta: 0.0015)

[GAI-A] --- Stagnation at Score -0.1393 ---
  [GAI-A] [Evolution] Targeting Chain 1 Layer 0 (Imp: 2.207e-04)...
    [GAI-A] -> Mutating: GAUSSIAN ===> SQUARE
[GAI-A] Epoch 3000: Val Loss 0.42481 | Temp 0.2500
  [GAI-A] [Result] 'SQUARE' ACCEPTED. Score: -0.1540 (Delta: 0.0002)

[GAI-A] --- Stagnation at Score -0.0789 ---
  [GAI-A] [Evolution] Targeting Chain 1 Layer 0 (Imp: 2.354e-04)...
    [GAI-A] -> Mutating: SQUARE ===> SIN
  [GAI-A] [Result] 'SIN' REJECTED. Score: -0.0802 (Delta: 0.0000)
  [GAI-A] Instant Retry: Triggering evolution again...
[GAI-A] Epoch 3500: Val Loss 0.08020 | Temp 0.2083

[GAI-A] --- Stagnation at Score -0.0789 ---
  [GAI-A] [Evolution] Targeting Chain 1 Layer 0 (Imp: 2.368e-04)...
    [GAI-A] -> Mutating: SQUARE ===> GAUSSIAN
  [GAI-A] [Result] 'GAUSSIAN' REJECTED. Score: -0.0802 (Delta: 0.0000)
  [GAI-A] Instant Retry: Triggering evolution again...

[GAI-A] --- Stagnation at Score -0.0789 ---
  [GAI-A] [Evolution] Targeting Chain 1 Layer 0 (Imp: 2.381e-04)...
    [GAI-A] -> Mutating: SQUARE ===> IDENTITY
  [GAI-A] [Result] 'IDENTITY' REJECTED. Score: -0.0802 (Delta: 0.0000)
  [GAI-A] Instant Retry: Triggering evolution again...

[GAI-A] --- Stagnation at Score -0.0789 ---
  [GAI-A] [Evolution] Targeting Chain 1 Layer 0 (Imp: 2.390e-04)...
    [GAI-A] -> Mutating: SQUARE ===> TANH
[GAI-A] Epoch 4000: Val Loss 0.11634 | Temp 0.1667
  [GAI-A] [Result] 'TANH' REJECTED. Score: -0.0802 (Delta: 0.0000)
  [GAI-A] Instant Retry: Triggering evolution again...

[GAI-A] --- Stagnation at Score -0.0789 ---
  [GAI-A] [Evolution] Targeting Chain 1 Layer 0 (Imp: 2.402e-04)...
    [GAI-A] -> Mutating: SQUARE ===> RELU
  [GAI-A] [Result] 'RELU' REJECTED. Score: -0.0803 (Delta: 0.0000)
  [GAI-A] Instant Retry: Triggering evolution again...

[GAI-A] --- Stagnation at Score -0.0789 ---
  [GAI-A] [Evolution] Targeting Chain 1 Layer 0 (Imp: 2.412e-04)...
  [GAI-A] [Evolution] Targeting Chain 0 Layer 0 (Imp: 5.530e-04)...
    [GAI-A] -> Mutating: TANH ===> RELU
  [GAI-A] [Result] 'RELU' REJECTED. Score: -0.0803 (Delta: 0.0000)
  [GAI-A] Instant Retry: Triggering evolution again...
[GAI-A] Epoch 4500: Val Loss 0.08103 | Temp 0.1250

[GAI-A] --- Stagnation at Score -0.0789 ---
  [GAI-A] [Evolution] Targeting Chain 1 Layer 0 (Imp: 2.421e-04)...
  [GAI-A] [Evolution] Targeting Chain 0 Layer 0 (Imp: 5.519e-04)...
    [GAI-A] -> Mutating: TANH ===> IDENTITY
  [GAI-A] [Result] 'IDENTITY' ACCEPTED. Score: -0.0804 (Delta: 0.0000)

[GAI-A] --- Stagnation at Score -0.0789 ---
  [GAI-A] [Evolution] Targeting Chain 1 Layer 0 (Imp: 2.500e-04)...
  [GAI-A] [Evolution] Targeting Chain 0 Layer 0 (Imp: 5.621e-04)...
    [GAI-A] -> Mutating: IDENTITY ===> GAUSSIAN
  [GAI-A] [Result] 'GAUSSIAN' ACCEPTED. Score: -0.2249 (Delta: 0.0022)
[GAI-A] Epoch 5000: Val Loss 0.04340 | Temp 0.0833

[GAI-A] --- Stagnation at Score -0.0427 ---
  [GAI-A] [Evolution] Targeting Chain 1 Layer 0 (Imp: 2.589e-04)...
  [GAI-A] [Evolution] Targeting Chain 0 Layer 0 (Imp: 5.338e-04)...
    [GAI-A] -> Mutating: GAUSSIAN ===> TANH
  [GAI-A] [Result] 'TANH' REJECTED. Score: -0.0428 (Delta: 0.0000)
  [GAI-A] Instant Retry: Triggering evolution again...

[GAI-A] --- Stagnation at Score -0.0427 ---
  [GAI-A] [Evolution] Targeting Chain 1 Layer 0 (Imp: 2.550e-04)...
  [GAI-A] [Evolution] Targeting Chain 0 Layer 0 (Imp: 5.145e-04)...
    [GAI-A] -> Mutating: GAUSSIAN ===> SIN
[GAI-A] Epoch 5500: Val Loss 0.13921 | Temp 0.0417
  [GAI-A] [Result] 'SIN' REJECTED. Score: -0.0428 (Delta: 0.0000)
  [GAI-A] Instant Retry: Triggering evolution again...

[GAI-A] --- Stagnation at Score -0.0427 ---
  [GAI-A] [Evolution] Targeting Chain 1 Layer 0 (Imp: 2.517e-04)...
  [GAI-A] [Evolution] Targeting Chain 0 Layer 0 (Imp: 4.969e-04)...
    [GAI-A] -> Mutating: GAUSSIAN ===> IDENTITY
  [GAI-A] [Result] 'IDENTITY' REJECTED. Score: -0.0428 (Delta: 0.0000)
  [GAI-A] Instant Retry: Triggering evolution again...
[GAI-A] Restoring Best Ever State (Score: -0.0427)
[GAI-A] Epoch 0: Val Loss 0.73717 | Temp 0.5000
[GAI-A] Epoch 500: Val Loss 0.05421 | Temp 0.4583

[GAI-A] --- Stagnation at Score -0.0533 ---
  [GAI-A] [Evolution] Targeting Chain 0 Layer 0 (Imp: 2.866e-04)...
    [GAI-A] -> Mutating: GAUSSIAN ===> SQUARE
  [GAI-A] [Result] 'SQUARE' REJECTED. Score: -0.0535 (Delta: 0.0000)
  [GAI-A] Instant Retry: Triggering evolution again...
[GAI-A] Epoch 1000: Val Loss 0.05462 | Temp 0.4167

[GAI-A] --- Stagnation at Score -0.0533 ---
  [GAI-A] [Evolution] Targeting Chain 0 Layer 0 (Imp: 2.336e-04)...
    [GAI-A] -> Mutating: GAUSSIAN ===> TANH
[GAI-A] Epoch 1500: Val Loss 0.67827 | Temp 0.3750
  [GAI-A] [Result] 'TANH' REJECTED. Score: -0.0536 (Delta: 0.0000)
  [GAI-A] Instant Retry: Triggering evolution again...

[GAI-A] --- Stagnation at Score -0.0533 ---
  [GAI-A] [Evolution] Targeting Chain 0 Layer 0 (Imp: 2.193e-04)...
    [GAI-A] -> Mutating: GAUSSIAN ===> RELU
  [GAI-A] [Result] 'RELU' REJECTED. Score: -0.0534 (Delta: 0.0000)
  [GAI-A] Instant Retry: Triggering evolution again...
[GAI-A] Epoch 2000: Val Loss 0.05360 | Temp 0.3333

[GAI-A] --- Stagnation at Score -0.0533 ---
  [GAI-A] [Evolution] Targeting Chain 0 Layer 0 (Imp: 2.146e-04)...
    [GAI-A] -> Mutating: GAUSSIAN ===> IDENTITY
  [GAI-A] [Result] 'IDENTITY' ACCEPTED. Score: -0.0535 (Delta: 0.0000)

[GAI-A] --- Stagnation at Score -0.0533 ---
  [GAI-A] [Evolution] Targeting Chain 0 Layer 0 (Imp: 3.262e-04)...
    [GAI-A] -> Mutating: IDENTITY ===> GAUSSIAN
  [GAI-A] [Result] 'GAUSSIAN' ACCEPTED. Score: -0.3283 (Delta: 0.0000)

[GAI-A] --- Stagnation at Score -0.0533 ---
  [GAI-A] [Evolution] Targeting Chain 0 Layer 0 (Imp: 3.745e-04)...
    [GAI-A] -> Mutating: GAUSSIAN ===> SIN
  [GAI-A] [Result] 'SIN' ACCEPTED. Score: -0.1754 (Delta: 0.0105)
[GAI-A] Epoch 2500: Val Loss 0.10112 | Temp 0.2917

[GAI-A] --- Stagnation at Score -0.0533 ---
  [GAI-A] [Evolution] Targeting Chain 0 Layer 0 (Imp: 4.071e-04)...
    [GAI-A] -> Mutating: SIN ===> GAUSSIAN
  [GAI-A] [Result] 'GAUSSIAN' ACCEPTED. Score: -0.0982 (Delta: 0.0000)

[GAI-A] --- Stagnation at Score -0.0533 ---
  [GAI-A] [Evolution] Targeting Chain 0 Layer 0 (Imp: 4.275e-04)...
    [GAI-A] -> Mutating: GAUSSIAN ===> IDENTITY
  [GAI-A] [Result] 'IDENTITY' ACCEPTED. Score: -0.1721 (Delta: 0.0001)

[GAI-A] --- Stagnation at Score -0.0533 ---
  [GAI-A] [Evolution] Targeting Chain 0 Layer 0 (Imp: 4.322e-04)...
    [GAI-A] -> Mutating: IDENTITY ===> SIN
  [GAI-A] [Result] 'SIN' ACCEPTED. Score: -0.1697 (Delta: 0.0006)
[GAI-A] Epoch 3000: Val Loss 0.17608 | Temp 0.2500

[GAI-A] --- Stagnation at Score -0.0533 ---
  [GAI-A] [Evolution] Targeting Chain 0 Layer 0 (Imp: 4.412e-04)...
    [GAI-A] -> Mutating: SIN ===> IDENTITY
  [GAI-A] [Result] 'IDENTITY' ACCEPTED. Score: -0.1542 (Delta: 0.0031)

[GAI-A] --- Stagnation at Score -0.0533 ---
  [GAI-A] [Evolution] Targeting Chain 0 Layer 0 (Imp: 4.509e-04)...
    [GAI-A] -> Mutating: IDENTITY ===> GAUSSIAN
  [GAI-A] [Result] 'GAUSSIAN' ACCEPTED. Score: -0.1455 (Delta: 0.0001)

[GAI-A] --- Stagnation at Score -0.0533 ---
  [GAI-A] [Evolution] Targeting Chain 0 Layer 0 (Imp: 4.468e-04)...
    [GAI-A] -> Mutating: GAUSSIAN ===> IDENTITY
[GAI-A] Epoch 3500: Val Loss 0.39978 | Temp 0.2083
  [GAI-A] [Result] 'IDENTITY' ACCEPTED. Score: -0.1515 (Delta: 0.0000)

[GAI-A] --- Stagnation at Score -0.0533 ---
  [GAI-A] [Evolution] Targeting Chain 0 Layer 0 (Imp: 4.688e-04)...
    [GAI-A] -> Mutating: IDENTITY ===> GAUSSIAN
  [GAI-A] [Result] 'GAUSSIAN' ACCEPTED. Score: -0.1490 (Delta: 0.0001)

[GAI-A] --- Stagnation at Score -0.0533 ---
  [GAI-A] [Evolution] Targeting Chain 0 Layer 0 (Imp: 4.646e-04)...
    [GAI-A] -> Mutating: GAUSSIAN ===> SIN
  [GAI-A] [Result] 'SIN' ACCEPTED. Score: -0.1526 (Delta: 0.0000)
[GAI-A] Epoch 4000: Val Loss 0.16620 | Temp 0.1667

[GAI-A] --- Stagnation at Score -0.0533 ---
  [GAI-A] [Evolution] Targeting Chain 0 Layer 0 (Imp: 4.822e-04)...
    [GAI-A] -> Mutating: SIN ===> IDENTITY
  [GAI-A] [Result] 'IDENTITY' ACCEPTED. Score: -0.1619 (Delta: 0.0002)

[GAI-A] --- Stagnation at Score -0.0533 ---
  [GAI-A] [Evolution] Targeting Chain 0 Layer 0 (Imp: 5.193e-04)...
    [GAI-A] -> Mutating: IDENTITY ===> GAUSSIAN
  [GAI-A] [Result] 'GAUSSIAN' ACCEPTED. Score: -0.1696 (Delta: 0.0005)

[GAI-A] --- Stagnation at Score -0.0533 ---
  [GAI-A] [Evolution] Targeting Chain 0 Layer 0 (Imp: 5.156e-04)...
    [GAI-A] -> Mutating: GAUSSIAN ===> IDENTITY
  [GAI-A] [Result] 'IDENTITY' ACCEPTED. Score: -0.1557 (Delta: 0.0000)
[GAI-A] Epoch 4500: Val Loss 0.20080 | Temp 0.1250

[GAI-A] --- Stagnation at Score -0.0533 ---
  [GAI-A] [Evolution] Targeting Chain 0 Layer 0 (Imp: 5.300e-04)...
    [GAI-A] -> Mutating: IDENTITY ===> GAUSSIAN
  [GAI-A] [Result] 'GAUSSIAN' ACCEPTED. Score: -0.1859 (Delta: 0.0012)

[GAI-A] --- Stagnation at Score -0.0533 ---
  [GAI-A] [Evolution] Targeting Chain 0 Layer 0 (Imp: 5.276e-04)...
    [GAI-A] -> Mutating: GAUSSIAN ===> IDENTITY
  [GAI-A] [Result] 'IDENTITY' ACCEPTED. Score: -0.1493 (Delta: 0.0000)

[GAI-A] --- Stagnation at Score -0.0533 ---
  [GAI-A] [Evolution] Targeting Chain 0 Layer 0 (Imp: 5.368e-04)...
    [GAI-A] -> Mutating: IDENTITY ===> GAUSSIAN
  [GAI-A] [Result] 'GAUSSIAN' ACCEPTED. Score: -0.1981 (Delta: 0.0016)
[GAI-A] Epoch 5000: Val Loss 0.16713 | Temp 0.0833

[GAI-A] --- Stagnation at Score -0.0533 ---
  [GAI-A] [Evolution] Targeting Chain 0 Layer 0 (Imp: 5.341e-04)...
    [GAI-A] -> Mutating: GAUSSIAN ===> IDENTITY
  [GAI-A] [Result] 'IDENTITY' ACCEPTED. Score: -0.1498 (Delta: 0.0000)

[GAI-A] --- Stagnation at Score -0.0533 ---
  [GAI-A] [Evolution] Targeting Chain 0 Layer 0 (Imp: 5.410e-04)...
    [GAI-A] -> Mutating: IDENTITY ===> GAUSSIAN
  [GAI-A] [Result] 'GAUSSIAN' ACCEPTED. Score: -0.1981 (Delta: 0.0014)

[GAI-A] --- Stagnation at Score -0.0533 ---
  [GAI-A] [Evolution] Targeting Chain 0 Layer 0 (Imp: 5.386e-04)...
    [GAI-A] -> Mutating: GAUSSIAN ===> IDENTITY
  [GAI-A] [Result] 'IDENTITY' ACCEPTED. Score: -0.1499 (Delta: 0.0000)
[GAI-A] Epoch 5500: Val Loss 0.22880 | Temp 0.0417

[GAI-A] --- Stagnation at Score -0.0533 ---
  [GAI-A] [Evolution] Targeting Chain 0 Layer 0 (Imp: 5.443e-04)...
    [GAI-A] -> Mutating: IDENTITY ===> SIN
  [GAI-A] [Result] 'SIN' ACCEPTED. Score: -0.1489 (Delta: 0.0485)

[GAI-A] --- Stagnation at Score -0.0533 ---
  [GAI-A] [Evolution] Targeting Chain 0 Layer 0 (Imp: 5.462e-04)...
    [GAI-A] -> Mutating: SIN ===> IDENTITY
  [GAI-A] [Result] 'IDENTITY' ACCEPTED. Score: -0.1016 (Delta: 0.0001)

[GAI-A] --- Stagnation at Score -0.0533 ---
  [GAI-A] [Evolution] Targeting Chain 0 Layer 0 (Imp: 5.437e-04)...
    [GAI-A] -> Mutating: IDENTITY ===> SIN
  [GAI-A] [Result] 'SIN' ACCEPTED. Score: -0.1769 (Delta: 0.0048)
[GAI-A] Restoring Best Ever State (Score: -0.0533)
[GAI-A] Epoch 0: Val Loss 1.36756 | Temp 0.5000

[GAI-A] --- Stagnation at Score -0.4031 ---
  [GAI-A] [Evolution] Targeting Chain 0 Layer 0 (Imp: 5.140e-04)...
    [GAI-A] -> Mutating: GAUSSIAN ===> SQUARE
  [GAI-A] [Result] 'SQUARE' REJECTED. Score: -0.4031 (Delta: 0.0000)
  [GAI-A] Instant Retry: Triggering evolution again...
[GAI-A] Epoch 500: Val Loss 0.40707 | Temp 0.4583

[GAI-A] --- Stagnation at Score -0.4031 ---
  [GAI-A] [Evolution] Targeting Chain 0 Layer 0 (Imp: 4.780e-04)...
    [GAI-A] -> Mutating: GAUSSIAN ===> SIN
  [GAI-A] [Result] 'SIN' REJECTED. Score: -0.4031 (Delta: 0.0000)
  [GAI-A] Instant Retry: Triggering evolution again...
[GAI-A] Epoch 1000: Val Loss 0.40312 | Temp 0.4167

[GAI-A] --- Stagnation at Score -0.4031 ---
  [GAI-A] [Evolution] Targeting Chain 0 Layer 0 (Imp: 4.685e-04)...
    [GAI-A] -> Mutating: GAUSSIAN ===> TANH
  [GAI-A] [Result] 'TANH' ACCEPTED. Score: -0.4031 (Delta: 0.0000)

[GAI-A] --- Stagnation at Score -0.4031 ---
  [GAI-A] [Evolution] Targeting Chain 0 Layer 0 (Imp: 4.459e-04)...
    [GAI-A] -> Mutating: TANH ===> RELU
  [GAI-A] [Result] 'RELU' ACCEPTED. Score: -0.6157 (Delta: 0.0001)
[GAI-A] Epoch 1500: Val Loss 0.21961 | Temp 0.3750
[GAI-A] Epoch 2000: Val Loss 0.20050 | Temp 0.3333
[GAI-A] Epoch 2500: Val Loss 0.19910 | Temp 0.2917
[GAI-A] Epoch 3000: Val Loss 0.19799 | Temp 0.2500
[GAI-A] Epoch 3500: Val Loss 0.19712 | Temp 0.2083
[GAI-A] Epoch 4000: Val Loss 0.19645 | Temp 0.1667

[GAI-A] --- Stagnation at Score -0.1964 ---
  [GAI-A] [Evolution] Targeting Chain 1 Layer 0 (Imp: 4.662e-04)...
    [GAI-A] -> Mutating: SIN ===> RELU
  [GAI-A] [Result] 'RELU' REJECTED. Score: -0.1964 (Delta: 0.0000)
  [GAI-A] Instant Retry: Triggering evolution again...

[GAI-A] --- Stagnation at Score -0.1950 ---
  [GAI-A] [Evolution] Targeting Chain 1 Layer 0 (Imp: 4.688e-04)...
    [GAI-A] -> Mutating: SIN ===> IDENTITY
  [GAI-A] [Result] 'IDENTITY' ACCEPTED. Score: -0.1964 (Delta: 0.0000)

[GAI-A] --- Stagnation at Score -0.1950 ---
  [GAI-A] [Evolution] Targeting Chain 1 Layer 0 (Imp: 4.990e-04)...
    [GAI-A] -> Mutating: IDENTITY ===> TANH
  [GAI-A] [Result] 'TANH' ACCEPTED. Score: -0.2795 (Delta: 0.0002)
[GAI-A] Epoch 4500: Val Loss 0.29200 | Temp 0.1250

[GAI-A] --- Stagnation at Score -0.1950 ---
  [GAI-A] [Evolution] Targeting Chain 1 Layer 0 (Imp: 5.236e-04)...
    [GAI-A] -> Mutating: TANH ===> GAUSSIAN
  [GAI-A] [Result] 'GAUSSIAN' ACCEPTED. Score: -0.2467 (Delta: 0.0193)

[GAI-A] --- Stagnation at Score -0.1950 ---
  [GAI-A] [Evolution] Targeting Chain 1 Layer 0 (Imp: 5.155e-04)...
    [GAI-A] -> Mutating: GAUSSIAN ===> SQUARE
  [GAI-A] [Result] 'SQUARE' ACCEPTED. Score: -0.2322 (Delta: 0.0000)

[GAI-A] --- Stagnation at Score -0.1950 ---
  [GAI-A] [Evolution] Targeting Chain 1 Layer 0 (Imp: 5.451e-04)...
    [GAI-A] -> Mutating: SQUARE ===> TANH
  [GAI-A] [Result] 'TANH' ACCEPTED. Score: -0.2625 (Delta: 0.0052)
[GAI-A] Epoch 5000: Val Loss 0.29734 | Temp 0.0833

[GAI-A] --- Stagnation at Score -0.1950 ---
  [GAI-A] [Evolution] Targeting Chain 1 Layer 0 (Imp: 5.528e-04)...
    [GAI-A] -> Mutating: TANH ===> SIN
  [GAI-A] [Result] 'SIN' ACCEPTED. Score: -0.2864 (Delta: 0.0000)

[GAI-A] --- Stagnation at Score -0.1950 ---
  [GAI-A] [Evolution] Targeting Chain 1 Layer 0 (Imp: 5.464e-04)...
    [GAI-A] -> Mutating: SIN ===> TANH
  [GAI-A] [Result] 'TANH' ACCEPTED. Score: -0.2045 (Delta: 0.0000)

[GAI-A] --- Stagnation at Score -0.1950 ---
  [GAI-A] [Evolution] Targeting Chain 1 Layer 0 (Imp: 5.490e-04)...
    [GAI-A] -> Mutating: TANH ===> IDENTITY
  [GAI-A] [Result] 'IDENTITY' ACCEPTED. Score: -0.2882 (Delta: 0.0025)
[GAI-A] Epoch 5500: Val Loss 0.29786 | Temp 0.0417

[GAI-A] --- Stagnation at Score -0.1950 ---
  [GAI-A] [Evolution] Targeting Chain 1 Layer 0 (Imp: 5.746e-04)...
    [GAI-A] -> Mutating: IDENTITY ===> GAUSSIAN
  [GAI-A] [Result] 'GAUSSIAN' ACCEPTED. Score: -0.2997 (Delta: 0.0000)

[GAI-A] --- Stagnation at Score -0.1950 ---
  [GAI-A] [Evolution] Targeting Chain 1 Layer 0 (Imp: 5.603e-04)...
    [GAI-A] -> Mutating: GAUSSIAN ===> SIN
  [GAI-A] [Result] 'SIN' ACCEPTED. Score: -0.2195 (Delta: 0.0750)

[GAI-A] --- Stagnation at Score -0.1950 ---
  [GAI-A] [Evolution] Targeting Chain 1 Layer 0 (Imp: 5.527e-04)...
    [GAI-A] -> Mutating: SIN ===> TANH
  [GAI-A] [Result] 'TANH' ACCEPTED. Score: -0.2058 (Delta: 0.0000)
[GAI-A] Restoring Best Ever State (Score: -0.1950)
[GAI-A] Epoch 0: Val Loss 1.82050 | Temp 0.5000
[GAI-A] Epoch 500: Val Loss 0.00062 | Temp 0.4583
[GAI-A] Epoch 1000: Val Loss 0.00024 | Temp 0.4167

[GAI-A] --- Stagnation at Score -0.0002 ---
  [GAI-A] [Evolution] Targeting Chain 1 Layer 0 (Imp: 1.997e-04)...
    [GAI-A] -> Mutating: SIN ===> RELU
  [GAI-A] [Result] 'RELU' REJECTED. Score: -0.0002 (Delta: 0.0000)
  [GAI-A] Instant Retry: Triggering evolution again...

[GAI-A] --- Stagnation at Score -0.0002 ---
  [GAI-A] [Evolution] Targeting Chain 1 Layer 0 (Imp: 1.723e-04)...
    [GAI-A] -> Mutating: SIN ===> SQUARE
  [GAI-A] [Result] 'SQUARE' ACCEPTED. Score: -0.0002 (Delta: 0.0000)

[GAI-A] --- Stagnation at Score -0.0002 ---
  [GAI-A] [Evolution] Targeting Chain 1 Layer 0 (Imp: 1.918e-04)...
    [GAI-A] -> Mutating: SQUARE ===> IDENTITY
  [GAI-A] [Result] 'IDENTITY' ACCEPTED. Score: -0.0953 (Delta: 0.0000)
[GAI-A] Epoch 1500: Val Loss 0.09503 | Temp 0.3750

[GAI-A] --- Stagnation at Score -0.0002 ---
  [GAI-A] [Evolution] Targeting Chain 1 Layer 0 (Imp: 2.110e-04)...
    [GAI-A] -> Mutating: IDENTITY ===> SIN
  [GAI-A] [Result] 'SIN' ACCEPTED. Score: -0.0946 (Delta: 0.0005)

[GAI-A] --- Stagnation at Score -0.0002 ---
  [GAI-A] [Evolution] Targeting Chain 1 Layer 0 (Imp: 2.379e-04)...
    [GAI-A] -> Mutating: SIN ===> IDENTITY
  [GAI-A] [Result] 'IDENTITY' ACCEPTED. Score: -0.0950 (Delta: 0.0000)

[GAI-A] --- Stagnation at Score -0.0002 ---
  [GAI-A] [Evolution] Targeting Chain 1 Layer 0 (Imp: 2.538e-04)...
    [GAI-A] -> Mutating: IDENTITY ===> SIN
[GAI-A] Epoch 2000: Val Loss 0.09758 | Temp 0.3333
  [GAI-A] [Result] 'SIN' ACCEPTED. Score: -0.0945 (Delta: 0.0007)

[GAI-A] --- Stagnation at Score -0.0002 ---
  [GAI-A] [Evolution] Targeting Chain 1 Layer 0 (Imp: 2.789e-04)...
    [GAI-A] -> Mutating: SIN ===> IDENTITY
  [GAI-A] [Result] 'IDENTITY' ACCEPTED. Score: -0.0950 (Delta: 0.0001)

[GAI-A] --- Stagnation at Score -0.0002 ---
  [GAI-A] [Evolution] Targeting Chain 1 Layer 0 (Imp: 2.929e-04)...
    [GAI-A] -> Mutating: IDENTITY ===> SIN
  [GAI-A] [Result] 'SIN' ACCEPTED. Score: -0.0942 (Delta: 0.0010)
[GAI-A] Epoch 2500: Val Loss 0.09497 | Temp 0.2917

[GAI-A] --- Stagnation at Score -0.0002 ---
  [GAI-A] [Evolution] Targeting Chain 1 Layer 0 (Imp: 3.178e-04)...
    [GAI-A] -> Mutating: SIN ===> GAUSSIAN
  [GAI-A] [Result] 'GAUSSIAN' REJECTED. Score: -0.0950 (Delta: 0.0000)
  [GAI-A] Instant Retry: Triggering evolution again...

[GAI-A] --- Stagnation at Score -0.0002 ---
  [GAI-A] [Evolution] Targeting Chain 1 Layer 0 (Imp: 3.254e-04)...
    [GAI-A] -> Mutating: SIN ===> TANH
  [GAI-A] [Result] 'TANH' REJECTED. Score: -0.0002 (Delta: 0.0000)
  [GAI-A] Instant Retry: Triggering evolution again...
[GAI-A] Epoch 3000: Val Loss 0.00286 | Temp 0.2500

[GAI-A] --- Stagnation at Score -0.0002 ---
  [GAI-A] [Evolution] Targeting Chain 1 Layer 0 (Imp: 3.048e-04)...
    [GAI-A] -> Mutating: SIN ===> IDENTITY
  [GAI-A] [Result] 'IDENTITY' REJECTED. Score: -0.0002 (Delta: 0.0000)
  [GAI-A] Instant Retry: Triggering evolution again...

[GAI-A] --- Stagnation at Score -0.0002 ---
  [GAI-A] [Evolution] Targeting Chain 1 Layer 0 (Imp: 2.887e-04)...
    [GAI-A] -> Mutating: SIN ===> SQUARE
  [GAI-A] [Result] 'SQUARE' REJECTED. Score: -0.0002 (Delta: 0.0000)
  [GAI-A] Instant Retry: Triggering evolution again...
[GAI-A] Epoch 3500: Val Loss 0.00267 | Temp 0.2083

[GAI-A] --- Stagnation at Score -0.0002 ---
  [GAI-A] [Evolution] Targeting Chain 1 Layer 0 (Imp: 2.717e-04)...
  [GAI-A] [Evolution] Targeting Chain 0 Layer 0 (Imp: 3.171e-04)...
    [GAI-A] -> Mutating: SIN ===> GAUSSIAN
  [GAI-A] [Result] 'GAUSSIAN' ACCEPTED. Score: -0.0002 (Delta: 0.0000)

[GAI-A] --- Stagnation at Score -0.0002 ---
  [GAI-A] [Evolution] Targeting Chain 1 Layer 0 (Imp: 2.931e-04)...
  [GAI-A] [Evolution] Targeting Chain 0 Layer 0 (Imp: 3.154e-04)...
    [GAI-A] -> Mutating: GAUSSIAN ===> SQUARE
  [GAI-A] [Result] 'SQUARE' REJECTED. Score: -0.0514 (Delta: 0.0000)
  [GAI-A] Instant Retry: Triggering evolution again...
[GAI-A] Epoch 4000: Val Loss 0.05320 | Temp 0.1667

[GAI-A] --- Stagnation at Score -0.0002 ---
  [GAI-A] [Evolution] Targeting Chain 0 Layer 0 (Imp: 3.037e-04)...
    [GAI-A] -> Mutating: GAUSSIAN ===> RELU
  [GAI-A] [Result] 'RELU' REJECTED. Score: -0.0517 (Delta: 0.0000)
  [GAI-A] Instant Retry: Triggering evolution again...

[GAI-A] --- Stagnation at Score -0.0002 ---
  [GAI-A] [Evolution] Targeting Chain 0 Layer 0 (Imp: 2.981e-04)...
    [GAI-A] -> Mutating: GAUSSIAN ===> TANH
  [GAI-A] [Result] 'TANH' ACCEPTED. Score: -0.0518 (Delta: 0.0000)
[GAI-A] Epoch 4500: Val Loss 0.16101 | Temp 0.1250

[GAI-A] --- Stagnation at Score -0.0002 ---
  [GAI-A] [Evolution] Targeting Chain 0 Layer 0 (Imp: 3.565e-04)...
    [GAI-A] -> Mutating: TANH ===> SIN
  [GAI-A] [Result] 'SIN' ACCEPTED. Score: -0.1137 (Delta: 0.0001)

[GAI-A] --- Stagnation at Score -0.0002 ---
  [GAI-A] [Evolution] Targeting Chain 0 Layer 0 (Imp: 3.847e-04)...
    [GAI-A] -> Mutating: SIN ===> GAUSSIAN
  [GAI-A] [Result] 'GAUSSIAN' ACCEPTED. Score: -0.0952 (Delta: 0.0000)

[GAI-A] --- Stagnation at Score -0.0002 ---
  [GAI-A] [Evolution] Targeting Chain 0 Layer 0 (Imp: 3.912e-04)...
    [GAI-A] -> Mutating: GAUSSIAN ===> SIN
[GAI-A] Epoch 5000: Val Loss 0.12141 | Temp 0.0833
  [GAI-A] [Result] 'SIN' ACCEPTED. Score: -0.0965 (Delta: 0.0012)

[GAI-A] --- Stagnation at Score -0.0002 ---
  [GAI-A] [Evolution] Targeting Chain 0 Layer 0 (Imp: 3.939e-04)...
    [GAI-A] -> Mutating: SIN ===> GAUSSIAN
  [GAI-A] [Result] 'GAUSSIAN' REJECTED. Score: -0.0968 (Delta: 0.0000)
  [GAI-A] Instant Retry: Triggering evolution again...

[GAI-A] --- Stagnation at Score -0.0002 ---
  [GAI-A] [Evolution] Targeting Chain 0 Layer 0 (Imp: 3.957e-04)...
    [GAI-A] -> Mutating: SIN ===> IDENTITY
  [GAI-A] [Result] 'IDENTITY' REJECTED. Score: -0.0970 (Delta: 0.0000)
  [GAI-A] Instant Retry: Triggering evolution again...
[GAI-A] Epoch 5500: Val Loss 0.09749 | Temp 0.0417

[GAI-A] --- Stagnation at Score -0.0002 ---
  [GAI-A] [Evolution] Targeting Chain 0 Layer 0 (Imp: 3.959e-04)...
    [GAI-A] -> Mutating: SIN ===> TANH
  [GAI-A] [Result] 'TANH' ACCEPTED. Score: -0.0973 (Delta: 0.0000)

[GAI-A] --- Stagnation at Score -0.0002 ---
  [GAI-A] [Evolution] Targeting Chain 0 Layer 0 (Imp: 3.930e-04)...
    [GAI-A] -> Mutating: TANH ===> SIN
  [GAI-A] [Result] 'SIN' ACCEPTED. Score: -0.0954 (Delta: 0.0007)

[GAI-A] --- Stagnation at Score -0.0002 ---
  [GAI-A] [Evolution] Targeting Chain 0 Layer 0 (Imp: 3.935e-04)...
    [GAI-A] -> Mutating: SIN ===> TANH
  [GAI-A] [Result] 'TANH' ACCEPTED. Score: -0.0971 (Delta: 0.0000)
[GAI-A] Restoring Best Ever State (Score: -0.0002)
[GAI-A] Epoch 0: Val Loss 0.91398 | Temp 0.5000
[GAI-A] Epoch 500: Val Loss 0.27013 | Temp 0.4583
[GAI-A] Epoch 1000: Val Loss 0.21862 | Temp 0.4167
[GAI-A] Epoch 1500: Val Loss 0.13447 | Temp 0.3750

[GAI-A] --- Stagnation at Score -0.1344 ---
  [GAI-A] [Evolution] Targeting Chain 0 Layer 0 (Imp: 9.685e-04)...
    [GAI-A] -> Mutating: TANH ===> GAUSSIAN
  [GAI-A] [Result] 'GAUSSIAN' REJECTED. Score: -0.1344 (Delta: 0.0000)
  [GAI-A] Instant Retry: Triggering evolution again...
[GAI-A] Epoch 2000: Val Loss 0.13438 | Temp 0.3333

[GAI-A] --- Stagnation at Score -0.1343 ---
  [GAI-A] [Evolution] Targeting Chain 0 Layer 0 (Imp: 1.220e-03)...
    [GAI-A] -> Mutating: TANH ===> RELU
  [GAI-A] [Result] 'RELU' ACCEPTED. Score: -0.1344 (Delta: 0.0000)

[GAI-A] --- Stagnation at Score -0.1343 ---
  [GAI-A] [Evolution] Targeting Chain 0 Layer 0 (Imp: 1.399e-03)...
    [GAI-A] -> Mutating: RELU ===> SQUARE
  [GAI-A] [Result] 'SQUARE' ACCEPTED. Score: -0.2535 (Delta: 0.0000)

[GAI-A] --- Stagnation at Score -0.1343 ---
  [GAI-A] [Evolution] Targeting Chain 0 Layer 0 (Imp: 1.544e-03)...
    [GAI-A] -> Mutating: SQUARE ===> SIN
[GAI-A] Epoch 2500: Val Loss 0.32387 | Temp 0.2917
  [GAI-A] [Result] 'SIN' ACCEPTED. Score: -0.2687 (Delta: 0.0000)

[GAI-A] --- Stagnation at Score -0.1343 ---
  [GAI-A] [Evolution] Targeting Chain 0 Layer 0 (Imp: 1.554e-03)...
    [GAI-A] -> Mutating: SIN ===> SQUARE
  [GAI-A] [Result] 'SQUARE' REJECTED. Score: -0.2568 (Delta: 0.0000)
  [GAI-A] Instant Retry: Triggering evolution again...
[GAI-A] Epoch 3000: Val Loss 0.21010 | Temp 0.2500

[GAI-A] --- Stagnation at Score -0.1343 ---
  [GAI-A] [Evolution] Targeting Chain 0 Layer 0 (Imp: 1.490e-03)...
    [GAI-A] -> Mutating: SIN ===> TANH
  [GAI-A] [Result] 'TANH' ACCEPTED. Score: -0.1828 (Delta: 0.0001)

[GAI-A] --- Stagnation at Score -0.1343 ---
  [GAI-A] [Evolution] Targeting Chain 0 Layer 0 (Imp: 1.502e-03)...
    [GAI-A] -> Mutating: TANH ===> IDENTITY
  [GAI-A] [Result] 'IDENTITY' ACCEPTED. Score: -0.2156 (Delta: 0.0001)
[GAI-A] Epoch 3500: Val Loss 0.52309 | Temp 0.2083

[GAI-A] --- Stagnation at Score -0.1343 ---
  [GAI-A] [Evolution] Targeting Chain 0 Layer 0 (Imp: 1.578e-03)...
    [GAI-A] -> Mutating: IDENTITY ===> TANH
  [GAI-A] [Result] 'TANH' ACCEPTED. Score: -0.2825 (Delta: 0.0003)

[GAI-A] --- Stagnation at Score -0.1343 ---
  [GAI-A] [Evolution] Targeting Chain 0 Layer 0 (Imp: 1.578e-03)...
    [GAI-A] -> Mutating: TANH ===> RELU
  [GAI-A] [Result] 'RELU' ACCEPTED. Score: -0.2776 (Delta: 0.0000)
[GAI-A] Epoch 4000: Val Loss 0.28248 | Temp 0.1667

[GAI-A] --- Stagnation at Score -0.1343 ---
  [GAI-A] [Evolution] Targeting Chain 1 Layer 0 (Imp: 1.549e-03)...
    [GAI-A] -> Mutating: RELU ===> SIN
  [GAI-A] [Result] 'SIN' ACCEPTED. Score: -0.2824 (Delta: 0.0000)

[GAI-A] --- Stagnation at Score -0.0949 ---
  [GAI-A] [Evolution] Targeting Chain 1 Layer 0 (Imp: 1.495e-03)...
    [GAI-A] -> Mutating: SIN ===> SQUARE
  [GAI-A] [Result] 'SQUARE' ACCEPTED. Score: -0.0953 (Delta: 0.0000)

[GAI-A] --- Stagnation at Score -0.0949 ---
  [GAI-A] [Evolution] Targeting Chain 1 Layer 0 (Imp: 1.452e-03)...
    [GAI-A] -> Mutating: SQUARE ===> SIN
  [GAI-A] [Result] 'SIN' ACCEPTED. Score: -0.3260 (Delta: 0.0016)
[GAI-A] Epoch 4500: Val Loss 0.24021 | Temp 0.1250

[GAI-A] --- Stagnation at Score -0.0949 ---
  [GAI-A] [Evolution] Targeting Chain 1 Layer 0 (Imp: 1.423e-03)...
    [GAI-A] -> Mutating: SIN ===> SQUARE
  [GAI-A] [Result] 'SQUARE' ACCEPTED. Score: -0.2314 (Delta: 0.0000)

[GAI-A] --- Stagnation at Score -0.0949 ---
  [GAI-A] [Evolution] Targeting Chain 1 Layer 0 (Imp: 1.387e-03)...
    [GAI-A] -> Mutating: SQUARE ===> GAUSSIAN
  [GAI-A] [Result] 'GAUSSIAN' ACCEPTED. Score: -0.3265 (Delta: 0.0015)

[GAI-A] --- Stagnation at Score -0.0949 ---
  [GAI-A] [Evolution] Targeting Chain 1 Layer 0 (Imp: 1.370e-03)...
    [GAI-A] -> Mutating: GAUSSIAN ===> SIN
  [GAI-A] [Result] 'SIN' ACCEPTED. Score: -0.2887 (Delta: 0.0394)
[GAI-A] Epoch 5000: Val Loss 0.23294 | Temp 0.0833

[GAI-A] --- Stagnation at Score -0.0949 ---
  [GAI-A] [Evolution] Targeting Chain 1 Layer 0 (Imp: 1.347e-03)...
    [GAI-A] -> Mutating: SIN ===> IDENTITY
  [GAI-A] [Result] 'IDENTITY' ACCEPTED. Score: -0.2305 (Delta: 0.0000)

[GAI-A] --- Stagnation at Score -0.0949 ---
  [GAI-A] [Evolution] Targeting Chain 1 Layer 0 (Imp: 1.332e-03)...
    [GAI-A] -> Mutating: IDENTITY ===> SIN
  [GAI-A] [Result] 'SIN' ACCEPTED. Score: -0.2540 (Delta: 0.0739)

[GAI-A] --- Stagnation at Score -0.0949 ---
  [GAI-A] [Evolution] Targeting Chain 1 Layer 0 (Imp: 1.310e-03)...
    [GAI-A] -> Mutating: SIN ===> RELU
  [GAI-A] [Result] 'RELU' REJECTED. Score: -0.2314 (Delta: 0.0000)
  [GAI-A] Instant Retry: Triggering evolution again...
[GAI-A] Epoch 5500: Val Loss 0.23458 | Temp 0.0417

[GAI-A] --- Stagnation at Score -0.0949 ---
  [GAI-A] [Evolution] Targeting Chain 1 Layer 0 (Imp: 1.264e-03)...
    [GAI-A] -> Mutating: SIN ===> SQUARE
  [GAI-A] [Result] 'SQUARE' ACCEPTED. Score: -0.2314 (Delta: 0.0000)
[GAI-A] Restoring Best Ever State (Score: -0.0949)
[GAI-A] Epoch 0: Val Loss 0.84782 | Temp 0.5000
[GAI-A] Epoch 500: Val Loss 0.18186 | Temp 0.4583
[GAI-A] Epoch 1000: Val Loss 0.13558 | Temp 0.4167
[GAI-A] Epoch 1500: Val Loss 0.12624 | Temp 0.3750
[GAI-A] Epoch 2000: Val Loss 0.12308 | Temp 0.3333
[GAI-A] Epoch 2500: Val Loss 0.12163 | Temp 0.2917
[GAI-A] Epoch 3000: Val Loss 0.12097 | Temp 0.2500

[GAI-A] --- Stagnation at Score -0.1208 ---
  [GAI-A] [Evolution] Targeting Chain 0 Layer 0 (Imp: 1.544e-04)...
    [GAI-A] -> Mutating: RELU ===> IDENTITY
  [GAI-A] [Result] 'IDENTITY' ACCEPTED. Score: -0.1208 (Delta: 0.0000)

[GAI-A] --- Stagnation at Score -0.1208 ---
  [GAI-A] [Evolution] Targeting Chain 0 Layer 0 (Imp: 1.780e-04)...
    [GAI-A] -> Mutating: IDENTITY ===> GAUSSIAN
  [GAI-A] [Result] 'GAUSSIAN' ACCEPTED. Score: -0.1233 (Delta: 0.0001)
[GAI-A] Epoch 3500: Val Loss 0.15270 | Temp 0.2083

[GAI-A] --- Stagnation at Score -0.1208 ---
  [GAI-A] [Evolution] Targeting Chain 0 Layer 0 (Imp: 1.821e-04)...
    [GAI-A] -> Mutating: GAUSSIAN ===> TANH
  [GAI-A] [Result] 'TANH' ACCEPTED. Score: -0.1487 (Delta: 0.0000)

[GAI-A] --- Stagnation at Score -0.1208 ---
  [GAI-A] [Evolution] Targeting Chain 0 Layer 0 (Imp: 2.155e-04)...
    [GAI-A] -> Mutating: TANH ===> GAUSSIAN
  [GAI-A] [Result] 'GAUSSIAN' ACCEPTED. Score: -0.1436 (Delta: 0.0000)

[GAI-A] --- Stagnation at Score -0.1208 ---
  [GAI-A] [Evolution] Targeting Chain 0 Layer 0 (Imp: 2.150e-04)...
    [GAI-A] -> Mutating: GAUSSIAN ===> RELU
  [GAI-A] [Result] 'RELU' ACCEPTED. Score: -0.1471 (Delta: 0.0000)
[GAI-A] Epoch 4000: Val Loss 0.17266 | Temp 0.1667

[GAI-A] --- Stagnation at Score -0.1208 ---
  [GAI-A] [Evolution] Targeting Chain 0 Layer 0 (Imp: 2.089e-04)...
    [GAI-A] -> Mutating: RELU ===> IDENTITY
  [GAI-A] [Result] 'IDENTITY' ACCEPTED. Score: -0.1398 (Delta: 0.0007)

[GAI-A] --- Stagnation at Score -0.1208 ---
  [GAI-A] [Evolution] Targeting Chain 0 Layer 0 (Imp: 2.466e-04)...
    [GAI-A] -> Mutating: IDENTITY ===> GAUSSIAN
  [GAI-A] [Result] 'GAUSSIAN' ACCEPTED. Score: -0.1243 (Delta: 0.0001)
[GAI-A] Epoch 4500: Val Loss 0.15170 | Temp 0.1250

[GAI-A] --- Stagnation at Score -0.1208 ---
  [GAI-A] [Evolution] Targeting Chain 0 Layer 0 (Imp: 2.445e-04)...
    [GAI-A] -> Mutating: GAUSSIAN ===> IDENTITY
  [GAI-A] [Result] 'IDENTITY' ACCEPTED. Score: -0.1516 (Delta: 0.0001)

[GAI-A] --- Stagnation at Score -0.1208 ---
  [GAI-A] [Evolution] Targeting Chain 0 Layer 0 (Imp: 2.781e-04)...
    [GAI-A] -> Mutating: IDENTITY ===> RELU
  [GAI-A] [Result] 'RELU' ACCEPTED. Score: -0.1338 (Delta: 0.0001)

[GAI-A] --- Stagnation at Score -0.1208 ---
  [GAI-A] [Evolution] Targeting Chain 0 Layer 0 (Imp: 2.726e-04)...
    [GAI-A] -> Mutating: RELU ===> SIN
  [GAI-A] [Result] 'SIN' ACCEPTED. Score: -0.1765 (Delta: 0.0000)
[GAI-A] Epoch 5000: Val Loss 0.10164 | Temp 0.0833

[GAI-A] --- Stagnation at Score -0.1012 ---
  [GAI-A] [Evolution] Targeting Chain 0 Layer 0 (Imp: 2.750e-04)...
    [GAI-A] -> Mutating: SIN ===> IDENTITY
  [GAI-A] [Result] 'IDENTITY' ACCEPTED. Score: -0.1012 (Delta: 0.0000)

[GAI-A] --- Stagnation at Score -0.1012 ---
  [GAI-A] [Evolution] Targeting Chain 0 Layer 0 (Imp: 2.889e-04)...
    [GAI-A] -> Mutating: IDENTITY ===> GAUSSIAN
  [GAI-A] [Result] 'GAUSSIAN' ACCEPTED. Score: -0.1264 (Delta: 0.0001)

[GAI-A] --- Stagnation at Score -0.1012 ---
  [GAI-A] [Evolution] Targeting Chain 0 Layer 0 (Imp: 2.864e-04)...
    [GAI-A] -> Mutating: GAUSSIAN ===> SIN
  [GAI-A] [Result] 'SIN' ACCEPTED. Score: -0.1503 (Delta: 0.0033)
[GAI-A] Epoch 5500: Val Loss 0.30660 | Temp 0.0417

[GAI-A] --- Stagnation at Score -0.1012 ---
  [GAI-A] [Evolution] Targeting Chain 0 Layer 0 (Imp: 2.938e-04)...
    [GAI-A] -> Mutating: SIN ===> SQUARE
  [GAI-A] [Result] 'SQUARE' ACCEPTED. Score: -0.2850 (Delta: 0.0050)

[GAI-A] --- Stagnation at Score -0.1012 ---
  [GAI-A] [Evolution] Targeting Chain 0 Layer 0 (Imp: 3.102e-04)...
    [GAI-A] -> Mutating: SQUARE ===> RELU
  [GAI-A] [Result] 'RELU' ACCEPTED. Score: -0.2066 (Delta: 0.0049)

[GAI-A] --- Stagnation at Score -0.1012 ---
  [GAI-A] [Evolution] Targeting Chain 0 Layer 0 (Imp: 3.031e-04)...
    [GAI-A] -> Mutating: RELU ===> SIN
[GAI-A] Restoring Best Ever State (Score: -0.1012)
[GAI-A] Epoch 0: Val Loss 2.54117 | Temp 0.5000
[GAI-A] Epoch 500: Val Loss 0.14322 | Temp 0.4583
[GAI-A] Epoch 1000: Val Loss 0.05717 | Temp 0.4167
[GAI-A] Epoch 1500: Val Loss 0.05145 | Temp 0.3750

[GAI-A] --- Stagnation at Score -0.0514 ---
  [GAI-A] [Evolution] Targeting Chain 1 Layer 0 (Imp: 3.241e-04)...
    [GAI-A] -> Mutating: GAUSSIAN ===> SIN
  [GAI-A] [Result] 'SIN' REJECTED. Score: -0.0515 (Delta: 0.0000)
  [GAI-A] Instant Retry: Triggering evolution again...

[GAI-A] --- Stagnation at Score -0.0511 ---
  [GAI-A] [Evolution] Targeting Chain 1 Layer 0 (Imp: 3.090e-04)...
    [GAI-A] -> Mutating: GAUSSIAN ===> TANH
  [GAI-A] [Result] 'TANH' ACCEPTED. Score: -0.0516 (Delta: 0.0000)

[GAI-A] --- Stagnation at Score -0.0511 ---
  [GAI-A] [Evolution] Targeting Chain 1 Layer 0 (Imp: 4.398e-04)...
    [GAI-A] -> Mutating: TANH ===> SQUARE
  [GAI-A] [Result] 'SQUARE' ACCEPTED. Score: -0.1282 (Delta: 0.0002)
[GAI-A] Epoch 2000: Val Loss 0.32482 | Temp 0.3333

[GAI-A] --- Stagnation at Score -0.0511 ---
  [GAI-A] [Evolution] Targeting Chain 1 Layer 0 (Imp: 5.321e-04)...
    [GAI-A] -> Mutating: SQUARE ===> RELU
  [GAI-A] [Result] 'RELU' ACCEPTED. Score: -0.3201 (Delta: 0.0002)

[GAI-A] --- Stagnation at Score -0.0511 ---
  [GAI-A] [Evolution] Targeting Chain 1 Layer 0 (Imp: 5.160e-04)...
    [GAI-A] -> Mutating: RELU ===> TANH
  [GAI-A] [Result] 'TANH' ACCEPTED. Score: -0.0951 (Delta: 0.0012)

[GAI-A] --- Stagnation at Score -0.0511 ---
  [GAI-A] [Evolution] Targeting Chain 1 Layer 0 (Imp: 4.979e-04)...
    [GAI-A] -> Mutating: TANH ===> IDENTITY
  [GAI-A] [Result] 'IDENTITY' ACCEPTED. Score: -0.0949 (Delta: 0.0002)
[GAI-A] Epoch 2500: Val Loss 0.09542 | Temp 0.2917

[GAI-A] --- Stagnation at Score -0.0511 ---
  [GAI-A] [Evolution] Targeting Chain 1 Layer 0 (Imp: 4.835e-04)...
    [GAI-A] -> Mutating: IDENTITY ===> TANH
  [GAI-A] [Result] 'TANH' ACCEPTED. Score: -0.0953 (Delta: 0.0001)

[GAI-A] --- Stagnation at Score -0.0511 ---
  [GAI-A] [Evolution] Targeting Chain 1 Layer 0 (Imp: 4.698e-04)...
    [GAI-A] -> Mutating: TANH ===> GAUSSIAN
  [GAI-A] [Result] 'GAUSSIAN' ACCEPTED. Score: -0.0951 (Delta: 0.0000)
[GAI-A] Epoch 3000: Val Loss 0.00677 | Temp 0.2500

[GAI-A] --- Stagnation at Score -0.0040 ---
  [GAI-A] [Evolution] Targeting Chain 1 Layer 0 (Imp: 4.120e-04)...
    [GAI-A] -> Mutating: GAUSSIAN ===> TANH
  [GAI-A] [Result] 'TANH' ACCEPTED. Score: -0.0040 (Delta: 0.0000)
[GAI-A] Epoch 3500: Val Loss 0.12261 | Temp 0.2083

[GAI-A] --- Stagnation at Score -0.0040 ---
  [GAI-A] [Evolution] Targeting Chain 1 Layer 0 (Imp: 4.124e-04)...
    [GAI-A] -> Mutating: TANH ===> RELU
  [GAI-A] [Result] 'RELU' ACCEPTED. Score: -0.0949 (Delta: 0.0001)

[GAI-A] --- Stagnation at Score -0.0040 ---
  [GAI-A] [Evolution] Targeting Chain 1 Layer 0 (Imp: 4.136e-04)...
    [GAI-A] -> Mutating: RELU ===> IDENTITY
  [GAI-A] [Result] 'IDENTITY' REJECTED. Score: -0.0952 (Delta: 0.0000)
  [GAI-A] Instant Retry: Triggering evolution again...
[GAI-A] Epoch 4000: Val Loss 0.09517 | Temp 0.1667

[GAI-A] --- Stagnation at Score -0.0040 ---
  [GAI-A] [Evolution] Targeting Chain 1 Layer 0 (Imp: 4.146e-04)...
    [GAI-A] -> Mutating: RELU ===> TANH
  [GAI-A] [Result] 'TANH' ACCEPTED. Score: -0.0949 (Delta: 0.0002)

[GAI-A] --- Stagnation at Score -0.0040 ---
  [GAI-A] [Evolution] Targeting Chain 1 Layer 0 (Imp: 4.152e-04)...
    [GAI-A] -> Mutating: TANH ===> GAUSSIAN
  [GAI-A] [Result] 'GAUSSIAN' REJECTED. Score: -0.0950 (Delta: 0.0000)
  [GAI-A] Instant Retry: Triggering evolution again...

[GAI-A] --- Stagnation at Score -0.0040 ---
  [GAI-A] [Evolution] Targeting Chain 1 Layer 0 (Imp: 4.184e-04)...
    [GAI-A] -> Mutating: TANH ===> RELU
  [GAI-A] [Result] 'RELU' ACCEPTED. Score: -0.0949 (Delta: 0.0000)
[GAI-A] Epoch 4500: Val Loss 0.09520 | Temp 0.1250

[GAI-A] --- Stagnation at Score -0.0040 ---
  [GAI-A] [Evolution] Targeting Chain 1 Layer 0 (Imp: 4.227e-04)...
    [GAI-A] -> Mutating: RELU ===> TANH
  [GAI-A] [Result] 'TANH' ACCEPTED. Score: -0.0950 (Delta: 0.0002)

[GAI-A] --- Stagnation at Score -0.0040 ---
  [GAI-A] [Evolution] Targeting Chain 1 Layer 0 (Imp: 4.260e-04)...
    [GAI-A] -> Mutating: TANH ===> SQUARE
  [GAI-A] [Result] 'SQUARE' ACCEPTED. Score: -0.0949 (Delta: 0.0001)

[GAI-A] --- Stagnation at Score -0.0040 ---
  [GAI-A] [Evolution] Targeting Chain 1 Layer 0 (Imp: 4.260e-04)...
    [GAI-A] -> Mutating: SQUARE ===> TANH
  [GAI-A] [Result] 'TANH' ACCEPTED. Score: -0.0953 (Delta: 0.0000)
[GAI-A] Epoch 5000: Val Loss 0.09499 | Temp 0.0833

[GAI-A] --- Stagnation at Score -0.0040 ---
  [GAI-A] [Evolution] Targeting Chain 1 Layer 0 (Imp: 4.286e-04)...
    [GAI-A] -> Mutating: TANH ===> RELU
  [GAI-A] [Result] 'RELU' ACCEPTED. Score: -0.0949 (Delta: 0.0000)

[GAI-A] --- Stagnation at Score -0.0040 ---
  [GAI-A] [Evolution] Targeting Chain 1 Layer 0 (Imp: 4.320e-04)...
    [GAI-A] -> Mutating: RELU ===> TANH
  [GAI-A] [Result] 'TANH' ACCEPTED. Score: -0.0950 (Delta: 0.0002)

[GAI-A] --- Stagnation at Score -0.0040 ---
  [GAI-A] [Evolution] Targeting Chain 1 Layer 0 (Imp: 4.345e-04)...
    [GAI-A] -> Mutating: TANH ===> RELU
[GAI-A] Epoch 5500: Val Loss 0.09531 | Temp 0.0417
  [GAI-A] [Result] 'RELU' ACCEPTED. Score: -0.0949 (Delta: 0.0000)

[GAI-A] --- Stagnation at Score -0.0040 ---
  [GAI-A] [Evolution] Targeting Chain 1 Layer 0 (Imp: 4.377e-04)...
    [GAI-A] -> Mutating: RELU ===> SQUARE
  [GAI-A] [Result] 'SQUARE' ACCEPTED. Score: -0.0950 (Delta: 0.0003)

[GAI-A] --- Stagnation at Score -0.0040 ---
  [GAI-A] [Evolution] Targeting Chain 1 Layer 0 (Imp: 4.378e-04)...
    [GAI-A] -> Mutating: SQUARE ===> TANH
  [GAI-A] [Result] 'TANH' ACCEPTED. Score: -0.0953 (Delta: 0.0001)
[GAI-A] Restoring Best Ever State (Score: -0.0040)
[GAI-A] Epoch 0: Val Loss 2.22078 | Temp 0.5000

[GAI-A] --- Stagnation at Score -0.5349 ---
  [GAI-A] [Evolution] Targeting Chain 0 Layer 0 (Imp: 6.054e-04)...
    [GAI-A] -> Mutating: GAUSSIAN ===> TANH
  [GAI-A] [Result] 'TANH' ACCEPTED. Score: -0.5414 (Delta: 0.0054)
[GAI-A] Epoch 500: Val Loss 0.11617 | Temp 0.4583
[GAI-A] Epoch 1000: Val Loss 0.08538 | Temp 0.4167
[GAI-A] Epoch 1500: Val Loss 0.08327 | Temp 0.3750
[GAI-A] Epoch 2000: Val Loss 0.08251 | Temp 0.3333
[GAI-A] Epoch 2500: Val Loss 0.08219 | Temp 0.2917

[GAI-A] --- Stagnation at Score -0.0822 ---
  [GAI-A] [Evolution] Targeting Chain 1 Layer 0 (Imp: 3.588e-04)...
    [GAI-A] -> Mutating: SIN ===> SQUARE
  [GAI-A] [Result] 'SQUARE' ACCEPTED. Score: -0.0822 (Delta: 0.0000)

[GAI-A] --- Stagnation at Score -0.0822 ---
  [GAI-A] [Evolution] Targeting Chain 1 Layer 0 (Imp: 3.618e-04)...
    [GAI-A] -> Mutating: SQUARE ===> RELU
  [GAI-A] [Result] 'RELU' ACCEPTED. Score: -0.1362 (Delta: 0.0015)

[GAI-A] --- Stagnation at Score -0.0822 ---
  [GAI-A] [Evolution] Targeting Chain 1 Layer 0 (Imp: 3.840e-04)...
    [GAI-A] -> Mutating: RELU ===> SIN
  [GAI-A] [Result] 'SIN' ACCEPTED. Score: -0.1261 (Delta: 0.0001)
[GAI-A] Epoch 3000: Val Loss 0.13481 | Temp 0.2500

[GAI-A] --- Stagnation at Score -0.0822 ---
  [GAI-A] [Evolution] Targeting Chain 1 Layer 0 (Imp: 3.936e-04)...
    [GAI-A] -> Mutating: SIN ===> RELU
  [GAI-A] [Result] 'RELU' ACCEPTED. Score: -0.1273 (Delta: 0.0001)

[GAI-A] --- Stagnation at Score -0.0822 ---
  [GAI-A] [Evolution] Targeting Chain 1 Layer 0 (Imp: 3.929e-04)...
    [GAI-A] -> Mutating: RELU ===> IDENTITY
  [GAI-A] [Result] 'IDENTITY' ACCEPTED. Score: -0.1275 (Delta: 0.0126)

[GAI-A] --- Stagnation at Score -0.0822 ---
  [GAI-A] [Evolution] Targeting Chain 1 Layer 0 (Imp: 4.059e-04)...
    [GAI-A] -> Mutating: IDENTITY ===> TANH
  [GAI-A] [Result] 'TANH' ACCEPTED. Score: -0.1104 (Delta: 0.0000)
[GAI-A] Epoch 3500: Val Loss 0.12092 | Temp 0.2083

[GAI-A] --- Stagnation at Score -0.0822 ---
  [GAI-A] [Evolution] Targeting Chain 1 Layer 0 (Imp: 4.270e-04)...
    [GAI-A] -> Mutating: TANH ===> RELU
  [GAI-A] [Result] 'RELU' ACCEPTED. Score: -0.1185 (Delta: 0.0008)

[GAI-A] --- Stagnation at Score -0.0822 ---
  [GAI-A] [Evolution] Targeting Chain 1 Layer 0 (Imp: 4.305e-04)...
    [GAI-A] -> Mutating: RELU ===> GAUSSIAN
  [GAI-A] [Result] 'GAUSSIAN' ACCEPTED. Score: -0.1353 (Delta: 0.0002)

[GAI-A] --- Stagnation at Score -0.0822 ---
  [GAI-A] [Evolution] Targeting Chain 1 Layer 0 (Imp: 4.302e-04)...
    [GAI-A] -> Mutating: GAUSSIAN ===> IDENTITY
  [GAI-A] [Result] 'IDENTITY' ACCEPTED. Score: -0.1548 (Delta: 0.0049)
[GAI-A] Epoch 4000: Val Loss 0.13255 | Temp 0.1667

[GAI-A] --- Stagnation at Score -0.0822 ---
  [GAI-A] [Evolution] Targeting Chain 1 Layer 0 (Imp: 4.482e-04)...
    [GAI-A] -> Mutating: IDENTITY ===> RELU
  [GAI-A] [Result] 'RELU' ACCEPTED. Score: -0.1206 (Delta: 0.0001)

[GAI-A] --- Stagnation at Score -0.0822 ---
  [GAI-A] [Evolution] Targeting Chain 1 Layer 0 (Imp: 4.699e-04)...
    [GAI-A] -> Mutating: RELU ===> SQUARE
  [GAI-A] [Result] 'SQUARE' ACCEPTED. Score: -0.1158 (Delta: 0.0004)

[GAI-A] --- Stagnation at Score -0.0822 ---
  [GAI-A] [Evolution] Targeting Chain 1 Layer 0 (Imp: 4.956e-04)...
    [GAI-A] -> Mutating: SQUARE ===> SIN
[GAI-A] Epoch 4500: Val Loss 0.23534 | Temp 0.1250
  [GAI-A] [Result] 'SIN' ACCEPTED. Score: -0.1171 (Delta: 0.0000)

[GAI-A] --- Stagnation at Score -0.0822 ---
  [GAI-A] [Evolution] Targeting Chain 1 Layer 0 (Imp: 5.014e-04)...
    [GAI-A] -> Mutating: SIN ===> RELU
  [GAI-A] [Result] 'RELU' ACCEPTED. Score: -0.1021 (Delta: 0.0000)

[GAI-A] --- Stagnation at Score -0.0822 ---
  [GAI-A] [Evolution] Targeting Chain 1 Layer 0 (Imp: 5.254e-04)...
    [GAI-A] -> Mutating: RELU ===> TANH
  [GAI-A] [Result] 'TANH' ACCEPTED. Score: -0.1161 (Delta: 0.0001)
[GAI-A] Epoch 5000: Val Loss 0.13576 | Temp 0.0833

[GAI-A] --- Stagnation at Score -0.0822 ---
  [GAI-A] [Evolution] Targeting Chain 1 Layer 0 (Imp: 5.404e-04)...
    [GAI-A] -> Mutating: TANH ===> RELU
  [GAI-A] [Result] 'RELU' ACCEPTED. Score: -0.1316 (Delta: 0.0035)

[GAI-A] --- Stagnation at Score -0.0822 ---
  [GAI-A] [Evolution] Targeting Chain 1 Layer 0 (Imp: 5.585e-04)...
    [GAI-A] -> Mutating: RELU ===> SQUARE
  [GAI-A] [Result] 'SQUARE' ACCEPTED. Score: -0.1144 (Delta: 0.0003)

[GAI-A] --- Stagnation at Score -0.0822 ---
  [GAI-A] [Evolution] Targeting Chain 1 Layer 0 (Imp: 5.782e-04)...
    [GAI-A] -> Mutating: SQUARE ===> IDENTITY
  [GAI-A] [Result] 'IDENTITY' ACCEPTED. Score: -0.1170 (Delta: 0.0000)
[GAI-A] Epoch 5500: Val Loss 0.10873 | Temp 0.0417

[GAI-A] --- Stagnation at Score -0.0822 ---
  [GAI-A] [Evolution] Targeting Chain 1 Layer 0 (Imp: 6.053e-04)...
    [GAI-A] -> Mutating: IDENTITY ===> TANH
  [GAI-A] [Result] 'TANH' ACCEPTED. Score: -0.1072 (Delta: 0.0000)

[GAI-A] --- Stagnation at Score -0.0822 ---
  [GAI-A] [Evolution] Targeting Chain 1 Layer 0 (Imp: 6.241e-04)...
    [GAI-A] -> Mutating: TANH ===> GAUSSIAN
  [GAI-A] [Result] 'GAUSSIAN' ACCEPTED. Score: -0.1325 (Delta: 0.0000)

[GAI-A] --- Stagnation at Score -0.0822 ---
  [GAI-A] [Evolution] Targeting Chain 1 Layer 0 (Imp: 6.193e-04)...
    [GAI-A] -> Mutating: GAUSSIAN ===> RELU
  [GAI-A] [Result] 'RELU' ACCEPTED. Score: -0.1627 (Delta: 0.0046)
[GAI-A] Restoring Best Ever State (Score: -0.0822)
[GAI-A] Epoch 0: Val Loss 0.64495 | Temp 0.5000
[GAI-A] Epoch 500: Val Loss 0.14090 | Temp 0.4583

[GAI-A] --- Stagnation at Score -0.1383 ---
  [GAI-A] [Evolution] Targeting Chain 0 Layer 0 (Imp: 3.369e-04)...
    [GAI-A] -> Mutating: RELU ===> IDENTITY
[GAI-A] Epoch 1000: Val Loss 0.10563 | Temp 0.4167
  [GAI-A] [Result] 'IDENTITY' ACCEPTED. Score: -0.1030 (Delta: 0.0353)
[GAI-A] Epoch 1500: Val Loss 0.09820 | Temp 0.3750
[GAI-A] Epoch 2000: Val Loss 0.09649 | Temp 0.3333
[GAI-A] Epoch 2500: Val Loss 0.09587 | Temp 0.2917

[GAI-A] --- Stagnation at Score -0.0957 ---
  [GAI-A] [Evolution] Targeting Chain 0 Layer 0 (Imp: 1.082e-03)...
    [GAI-A] -> Mutating: IDENTITY ===> GAUSSIAN
  [GAI-A] [Result] 'GAUSSIAN' ACCEPTED. Score: -0.0957 (Delta: 0.0000)

[GAI-A] --- Stagnation at Score -0.0957 ---
  [GAI-A] [Evolution] Targeting Chain 0 Layer 0 (Imp: 1.152e-03)...
    [GAI-A] -> Mutating: GAUSSIAN ===> SQUARE
  [GAI-A] [Result] 'SQUARE' ACCEPTED. Score: -0.2134 (Delta: 0.0003)
[GAI-A] Epoch 3000: Val Loss 0.27981 | Temp 0.2500

[GAI-A] --- Stagnation at Score -0.0957 ---
  [GAI-A] [Evolution] Targeting Chain 0 Layer 0 (Imp: 1.101e-03)...
    [GAI-A] -> Mutating: SQUARE ===> RELU
  [GAI-A] [Result] 'RELU' ACCEPTED. Score: -0.1721 (Delta: 0.0008)

[GAI-A] --- Stagnation at Score -0.0957 ---
  [GAI-A] [Evolution] Targeting Chain 0 Layer 0 (Imp: 1.044e-03)...
    [GAI-A] -> Mutating: RELU ===> IDENTITY
  [GAI-A] [Result] 'IDENTITY' ACCEPTED. Score: -0.1906 (Delta: 0.0001)

[GAI-A] --- Stagnation at Score -0.0957 ---
  [GAI-A] [Evolution] Targeting Chain 0 Layer 0 (Imp: 1.020e-03)...
    [GAI-A] -> Mutating: IDENTITY ===> RELU
[GAI-A] Epoch 3500: Val Loss 0.19723 | Temp 0.2083
  [GAI-A] [Result] 'RELU' ACCEPTED. Score: -0.1476 (Delta: 0.0008)

[GAI-A] --- Stagnation at Score -0.0957 ---
  [GAI-A] [Evolution] Targeting Chain 0 Layer 0 (Imp: 9.740e-04)...
    [GAI-A] -> Mutating: RELU ===> SQUARE
  [GAI-A] [Result] 'SQUARE' ACCEPTED. Score: -0.1811 (Delta: 0.0000)

[GAI-A] --- Stagnation at Score -0.0957 ---
  [GAI-A] [Evolution] Targeting Chain 0 Layer 0 (Imp: 9.455e-04)...
    [GAI-A] -> Mutating: SQUARE ===> SIN
  [GAI-A] [Result] 'SIN' ACCEPTED. Score: -0.1319 (Delta: 0.0054)
[GAI-A] Epoch 4000: Val Loss 0.12132 | Temp 0.1667

[GAI-A] --- Stagnation at Score -0.0957 ---
  [GAI-A] [Evolution] Targeting Chain 0 Layer 0 (Imp: 9.295e-04)...
    [GAI-A] -> Mutating: SIN ===> IDENTITY
  [GAI-A] [Result] 'IDENTITY' ACCEPTED. Score: -0.1211 (Delta: 0.0000)

[GAI-A] --- Stagnation at Score -0.0957 ---
  [GAI-A] [Evolution] Targeting Chain 0 Layer 0 (Imp: 9.312e-04)...
    [GAI-A] -> Mutating: IDENTITY ===> SQUARE
  [GAI-A] [Result] 'SQUARE' ACCEPTED. Score: -0.1417 (Delta: 0.0003)

[GAI-A] --- Stagnation at Score -0.0957 ---
  [GAI-A] [Evolution] Targeting Chain 0 Layer 0 (Imp: 8.993e-04)...
    [GAI-A] -> Mutating: SQUARE ===> RELU
  [GAI-A] [Result] 'RELU' ACCEPTED. Score: -0.1613 (Delta: 0.0002)
[GAI-A] Epoch 4500: Val Loss 0.17779 | Temp 0.1250

[GAI-A] --- Stagnation at Score -0.0957 ---
  [GAI-A] [Evolution] Targeting Chain 0 Layer 0 (Imp: 8.647e-04)...
    [GAI-A] -> Mutating: RELU ===> SQUARE
  [GAI-A] [Result] 'SQUARE' ACCEPTED. Score: -0.1623 (Delta: 0.0152)

[GAI-A] --- Stagnation at Score -0.0957 ---
  [GAI-A] [Evolution] Targeting Chain 0 Layer 0 (Imp: 8.420e-04)...
    [GAI-A] -> Mutating: SQUARE ===> RELU
  [GAI-A] [Result] 'RELU' ACCEPTED. Score: -0.1400 (Delta: 0.0001)

[GAI-A] --- Stagnation at Score -0.0957 ---
  [GAI-A] [Evolution] Targeting Chain 0 Layer 0 (Imp: 8.130e-04)...
    [GAI-A] -> Mutating: RELU ===> IDENTITY
  [GAI-A] [Result] 'IDENTITY' ACCEPTED. Score: -0.1770 (Delta: 0.0000)
[GAI-A] Epoch 5000: Val Loss 0.19348 | Temp 0.0833

[GAI-A] --- Stagnation at Score -0.0957 ---
  [GAI-A] [Evolution] Targeting Chain 0 Layer 0 (Imp: 8.019e-04)...
    [GAI-A] -> Mutating: IDENTITY ===> SIN
  [GAI-A] [Result] 'SIN' ACCEPTED. Score: -0.1667 (Delta: 0.0004)

[GAI-A] --- Stagnation at Score -0.0957 ---
  [GAI-A] [Evolution] Targeting Chain 0 Layer 0 (Imp: 8.003e-04)...
    [GAI-A] -> Mutating: SIN ===> GAUSSIAN
  [GAI-A] [Result] 'GAUSSIAN' ACCEPTED. Score: -0.1361 (Delta: 0.0001)

[GAI-A] --- Stagnation at Score -0.0957 ---
  [GAI-A] [Evolution] Targeting Chain 0 Layer 0 (Imp: 7.889e-04)...
    [GAI-A] -> Mutating: GAUSSIAN ===> SIN
  [GAI-A] [Result] 'SIN' ACCEPTED. Score: -0.1253 (Delta: 0.0233)
[GAI-A] Epoch 5500: Val Loss 0.10225 | Temp 0.0417

[GAI-A] --- Stagnation at Score -0.0957 ---
  [GAI-A] [Evolution] Targeting Chain 0 Layer 0 (Imp: 7.739e-04)...
    [GAI-A] -> Mutating: SIN ===> TANH
  [GAI-A] [Result] 'TANH' ACCEPTED. Score: -0.1013 (Delta: 0.0000)

[GAI-A] --- Stagnation at Score -0.0957 ---
  [GAI-A] [Evolution] Targeting Chain 0 Layer 0 (Imp: 7.718e-04)...
    [GAI-A] -> Mutating: TANH ===> IDENTITY
  [GAI-A] [Result] 'IDENTITY' ACCEPTED. Score: -0.1355 (Delta: 0.0004)

[GAI-A] --- Stagnation at Score -0.0957 ---
  [GAI-A] [Evolution] Targeting Chain 0 Layer 0 (Imp: 7.759e-04)...
    [GAI-A] -> Mutating: IDENTITY ===> RELU
  [GAI-A] [Result] 'RELU' ACCEPTED. Score: -0.1196 (Delta: 0.0001)
[GAI-A] Restoring Best Ever State (Score: -0.0957)
[GAI-A] Epoch 0: Val Loss 1.64435 | Temp 0.5000
[GAI-A] Epoch 500: Val Loss 0.21431 | Temp 0.4583
[GAI-A] Epoch 1000: Val Loss 0.15517 | Temp 0.4167
[GAI-A] Epoch 1500: Val Loss 0.14883 | Temp 0.3750
[GAI-A] Epoch 2000: Val Loss 0.14690 | Temp 0.3333
[GAI-A] Epoch 2500: Val Loss 0.14614 | Temp 0.2917

[GAI-A] --- Stagnation at Score -0.1460 ---
  [GAI-A] [Evolution] Targeting Chain 0 Layer 0 (Imp: 6.772e-04)...
    [GAI-A] -> Mutating: TANH ===> GAUSSIAN
  [GAI-A] [Result] 'GAUSSIAN' ACCEPTED. Score: -0.1460 (Delta: 0.0000)

[GAI-A] --- Stagnation at Score -0.1445 ---
  [GAI-A] [Evolution] Targeting Chain 0 Layer 0 (Imp: 6.305e-04)...
    [GAI-A] -> Mutating: GAUSSIAN ===> TANH
  [GAI-A] [Result] 'TANH' ACCEPTED. Score: -0.1446 (Delta: 0.0000)
[GAI-A] Epoch 3000: Val Loss 0.14597 | Temp 0.2500

[GAI-A] --- Stagnation at Score -0.1445 ---
  [GAI-A] [Evolution] Targeting Chain 0 Layer 0 (Imp: 6.306e-04)...
    [GAI-A] -> Mutating: TANH ===> GAUSSIAN
  [GAI-A] [Result] 'GAUSSIAN' ACCEPTED. Score: -0.1459 (Delta: 0.0000)

[GAI-A] --- Stagnation at Score -0.1442 ---
  [GAI-A] [Evolution] Targeting Chain 0 Layer 0 (Imp: 5.971e-04)...
    [GAI-A] -> Mutating: GAUSSIAN ===> TANH
  [GAI-A] [Result] 'TANH' ACCEPTED. Score: -0.1445 (Delta: 0.0000)

[GAI-A] --- Stagnation at Score -0.1442 ---
  [GAI-A] [Evolution] Targeting Chain 0 Layer 0 (Imp: 5.988e-04)...
    [GAI-A] -> Mutating: TANH ===> IDENTITY
[GAI-A] Epoch 3500: Val Loss 0.56604 | Temp 0.2083
  [GAI-A] [Result] 'IDENTITY' ACCEPTED. Score: -0.1458 (Delta: 0.0000)

[GAI-A] --- Stagnation at Score -0.1442 ---
  [GAI-A] [Evolution] Targeting Chain 0 Layer 0 (Imp: 6.450e-04)...
    [GAI-A] -> Mutating: IDENTITY ===> SQUARE
  [GAI-A] [Result] 'SQUARE' ACCEPTED. Score: -0.2347 (Delta: 0.0003)

[GAI-A] --- Stagnation at Score -0.1442 ---
  [GAI-A] [Evolution] Targeting Chain 0 Layer 0 (Imp: 6.727e-04)...
    [GAI-A] -> Mutating: SQUARE ===> RELU
  [GAI-A] [Result] 'RELU' ACCEPTED. Score: -0.2406 (Delta: 0.0043)
[GAI-A] Epoch 4000: Val Loss 0.17477 | Temp 0.1667

[GAI-A] --- Stagnation at Score -0.1442 ---
  [GAI-A] [Evolution] Targeting Chain 0 Layer 0 (Imp: 6.462e-04)...
    [GAI-A] -> Mutating: RELU ===> TANH
  [GAI-A] [Result] 'TANH' ACCEPTED. Score: -0.1745 (Delta: 0.0002)

[GAI-A] --- Stagnation at Score -0.1442 ---
  [GAI-A] [Evolution] Targeting Chain 0 Layer 0 (Imp: 6.477e-04)...
    [GAI-A] -> Mutating: TANH ===> RELU
  [GAI-A] [Result] 'RELU' ACCEPTED. Score: -0.1487 (Delta: 0.0001)
[GAI-A] Epoch 4500: Val Loss 0.12054 | Temp 0.1250

[GAI-A] --- Stagnation at Score -0.1195 ---
  [GAI-A] [Evolution] Targeting Chain 0 Layer 0 (Imp: 5.707e-04)...
    [GAI-A] -> Mutating: RELU ===> TANH
  [GAI-A] [Result] 'TANH' REJECTED. Score: -0.1196 (Delta: 0.0000)
  [GAI-A] Instant Retry: Triggering evolution again...
[GAI-A] Epoch 5000: Val Loss 0.11956 | Temp 0.0833

[GAI-A] --- Stagnation at Score -0.1195 ---
  [GAI-A] [Evolution] Targeting Chain 0 Layer 0 (Imp: 5.461e-04)...
    [GAI-A] -> Mutating: RELU ===> IDENTITY
  [GAI-A] [Result] 'IDENTITY' REJECTED. Score: -0.1196 (Delta: 0.0000)
  [GAI-A] Instant Retry: Triggering evolution again...

[GAI-A] --- Stagnation at Score -0.1191 ---
  [GAI-A] [Evolution] Targeting Chain 0 Layer 0 (Imp: 5.226e-04)...
    [GAI-A] -> Mutating: RELU ===> SQUARE
  [GAI-A] [Result] 'SQUARE' ACCEPTED. Score: -0.1118 (Delta: 0.0075)
[GAI-A] Epoch 5500: Val Loss 0.18654 | Temp 0.0417

[GAI-A] --- Stagnation at Score -0.0801 ---
  [GAI-A] [Evolution] Targeting Chain 0 Layer 0 (Imp: 5.114e-04)...
    [GAI-A] -> Mutating: SQUARE ===> RELU
  [GAI-A] [Result] 'RELU' ACCEPTED. Score: -0.0800 (Delta: 0.0002)

[GAI-A] --- Stagnation at Score -0.0800 ---
  [GAI-A] [Evolution] Targeting Chain 0 Layer 0 (Imp: 5.001e-04)...
    [GAI-A] -> Mutating: RELU ===> GAUSSIAN
  [GAI-A] [Result] 'GAUSSIAN' ACCEPTED. Score: -0.1238 (Delta: 0.0000)
[GAI-A] Restoring Best Ever State (Score: -0.0800)
[GAI-A] Epoch 0: Val Loss 1.85535 | Temp 0.5000
[GAI-A] Epoch 500: Val Loss 0.18847 | Temp 0.4583
[GAI-A] Epoch 1000: Val Loss 0.18728 | Temp 0.4167
[GAI-A] Epoch 1500: Val Loss 0.18632 | Temp 0.3750
[GAI-A] Epoch 2000: Val Loss 0.18559 | Temp 0.3333

[GAI-A] --- Stagnation at Score -0.1854 ---
  [GAI-A] [Evolution] Targeting Chain 1 Layer 0 (Imp: 4.431e-04)...
    [GAI-A] -> Mutating: SIN ===> IDENTITY
  [GAI-A] [Result] 'IDENTITY' ACCEPTED. Score: -0.1854 (Delta: 0.0000)

[GAI-A] --- Stagnation at Score -0.1854 ---
  [GAI-A] [Evolution] Targeting Chain 1 Layer 0 (Imp: 4.503e-04)...
    [GAI-A] -> Mutating: IDENTITY ===> SIN
  [GAI-A] [Result] 'SIN' ACCEPTED. Score: -0.2662 (Delta: 0.0038)
[GAI-A] Epoch 2500: Val Loss 0.18567 | Temp 0.2917

[GAI-A] --- Stagnation at Score -0.1854 ---
  [GAI-A] [Evolution] Targeting Chain 1 Layer 0 (Imp: 4.511e-04)...
    [GAI-A] -> Mutating: SIN ===> GAUSSIAN
  [GAI-A] [Result] 'GAUSSIAN' ACCEPTED. Score: -0.1856 (Delta: 0.0000)

[GAI-A] --- Stagnation at Score -0.1854 ---
  [GAI-A] [Evolution] Targeting Chain 1 Layer 0 (Imp: 4.606e-04)...
    [GAI-A] -> Mutating: GAUSSIAN ===> SIN
  [GAI-A] [Result] 'SIN' ACCEPTED. Score: -0.1936 (Delta: 0.0000)

[GAI-A] --- Stagnation at Score -0.1849 ---
  [GAI-A] [Evolution] Targeting Chain 1 Layer 0 (Imp: 4.612e-04)...
    [GAI-A] -> Mutating: SIN ===> TANH
  [GAI-A] [Result] 'TANH' ACCEPTED. Score: -0.1857 (Delta: 0.0000)
[GAI-A] Epoch 3000: Val Loss 0.24271 | Temp 0.2500

[GAI-A] --- Stagnation at Score -0.1849 ---
  [GAI-A] [Evolution] Targeting Chain 1 Layer 0 (Imp: 4.720e-04)...
    [GAI-A] -> Mutating: TANH ===> IDENTITY
  [GAI-A] [Result] 'IDENTITY' ACCEPTED. Score: -0.2345 (Delta: 0.0001)

[GAI-A] --- Stagnation at Score -0.1849 ---
  [GAI-A] [Evolution] Targeting Chain 1 Layer 0 (Imp: 5.052e-04)...
    [GAI-A] -> Mutating: IDENTITY ===> GAUSSIAN
  [GAI-A] [Result] 'GAUSSIAN' ACCEPTED. Score: -0.2673 (Delta: 0.0000)

[GAI-A] --- Stagnation at Score -0.1849 ---
  [GAI-A] [Evolution] Targeting Chain 1 Layer 0 (Imp: 4.846e-04)...
    [GAI-A] -> Mutating: GAUSSIAN ===> SQUARE
  [GAI-A] [Result] 'SQUARE' ACCEPTED. Score: -0.2782 (Delta: 0.0000)
[GAI-A] Epoch 3500: Val Loss 0.28589 | Temp 0.2083

[GAI-A] --- Stagnation at Score -0.1849 ---
  [GAI-A] [Evolution] Targeting Chain 1 Layer 0 (Imp: 5.032e-04)...
    [GAI-A] -> Mutating: SQUARE ===> SIN
  [GAI-A] [Result] 'SIN' ACCEPTED. Score: -0.2733 (Delta: 0.0000)

[GAI-A] --- Stagnation at Score -0.1849 ---
  [GAI-A] [Evolution] Targeting Chain 1 Layer 0 (Imp: 4.893e-04)...
    [GAI-A] -> Mutating: SIN ===> GAUSSIAN
  [GAI-A] [Result] 'GAUSSIAN' ACCEPTED. Score: -0.2723 (Delta: 0.0000)

[GAI-A] --- Stagnation at Score -0.1849 ---
  [GAI-A] [Evolution] Targeting Chain 1 Layer 0 (Imp: 4.684e-04)...
    [GAI-A] -> Mutating: GAUSSIAN ===> IDENTITY
  [GAI-A] [Result] 'IDENTITY' ACCEPTED. Score: -0.2782 (Delta: 0.0000)
[GAI-A] Epoch 4000: Val Loss 0.29630 | Temp 0.1667

[GAI-A] --- Stagnation at Score -0.1849 ---
  [GAI-A] [Evolution] Targeting Chain 1 Layer 0 (Imp: 4.858e-04)...
    [GAI-A] -> Mutating: IDENTITY ===> RELU
  [GAI-A] [Result] 'RELU' ACCEPTED. Score: -0.2746 (Delta: 0.0007)

[GAI-A] --- Stagnation at Score -0.1849 ---
  [GAI-A] [Evolution] Targeting Chain 1 Layer 0 (Imp: 5.056e-04)...
    [GAI-A] -> Mutating: RELU ===> SIN
  [GAI-A] [Result] 'SIN' ACCEPTED. Score: -0.2704 (Delta: 0.0000)
[GAI-A] Epoch 4500: Val Loss 0.19188 | Temp 0.1250

[GAI-A] --- Stagnation at Score -0.1849 ---
  [GAI-A] [Evolution] Targeting Chain 1 Layer 0 (Imp: 5.007e-04)...
    [GAI-A] -> Mutating: SIN ===> SQUARE
  [GAI-A] [Result] 'SQUARE' ACCEPTED. Score: -0.1918 (Delta: 0.0000)

[GAI-A] --- Stagnation at Score -0.1849 ---
  [GAI-A] [Evolution] Targeting Chain 1 Layer 0 (Imp: 5.369e-04)...
    [GAI-A] -> Mutating: SQUARE ===> TANH
  [GAI-A] [Result] 'TANH' ACCEPTED. Score: -0.2865 (Delta: 0.0072)

[GAI-A] --- Stagnation at Score -0.1849 ---
  [GAI-A] [Evolution] Targeting Chain 1 Layer 0 (Imp: 5.391e-04)...
    [GAI-A] -> Mutating: TANH ===> SIN
  [GAI-A] [Result] 'SIN' ACCEPTED. Score: -0.2719 (Delta: 0.0061)
[GAI-A] Epoch 5000: Val Loss 0.19517 | Temp 0.0833

[GAI-A] --- Stagnation at Score -0.1849 ---
  [GAI-A] [Evolution] Targeting Chain 1 Layer 0 (Imp: 5.320e-04)...
    [GAI-A] -> Mutating: SIN ===> SQUARE
  [GAI-A] [Result] 'SQUARE' ACCEPTED. Score: -0.1934 (Delta: 0.0000)

[GAI-A] --- Stagnation at Score -0.1849 ---
  [GAI-A] [Evolution] Targeting Chain 1 Layer 0 (Imp: 5.641e-04)...
    [GAI-A] -> Mutating: SQUARE ===> IDENTITY
  [GAI-A] [Result] 'IDENTITY' ACCEPTED. Score: -0.2832 (Delta: 0.0129)

[GAI-A] --- Stagnation at Score -0.1849 ---
  [GAI-A] [Evolution] Targeting Chain 1 Layer 0 (Imp: 5.801e-04)...
    [GAI-A] -> Mutating: IDENTITY ===> RELU
  [GAI-A] [Result] 'RELU' ACCEPTED. Score: -0.2780 (Delta: 0.0006)
[GAI-A] Epoch 5500: Val Loss 0.27609 | Temp 0.0417

[GAI-A] --- Stagnation at Score -0.1849 ---
  [GAI-A] [Evolution] Targeting Chain 1 Layer 0 (Imp: 5.944e-04)...
    [GAI-A] -> Mutating: RELU ===> SIN
  [GAI-A] [Result] 'SIN' ACCEPTED. Score: -0.2745 (Delta: 0.0000)

[GAI-A] --- Stagnation at Score -0.1849 ---
  [GAI-A] [Evolution] Targeting Chain 1 Layer 0 (Imp: 5.878e-04)...
    [GAI-A] -> Mutating: SIN ===> RELU
  [GAI-A] [Result] 'RELU' ACCEPTED. Score: -0.1925 (Delta: 0.0000)

[GAI-A] --- Stagnation at Score -0.1849 ---
  [GAI-A] [Evolution] Targeting Chain 1 Layer 0 (Imp: 6.044e-04)...
    [GAI-A] -> Mutating: RELU ===> SIN
  [GAI-A] [Result] 'SIN' ACCEPTED. Score: -0.2690 (Delta: 0.0065)
[GAI-A] Restoring Best Ever State (Score: -0.1849)
[GAI-A] Epoch 0: Val Loss 1.27159 | Temp 0.5000
[GAI-A] Epoch 500: Val Loss 0.10021 | Temp 0.4583
[GAI-A] Epoch 1000: Val Loss 0.09773 | Temp 0.4167

[GAI-A] --- Stagnation at Score -0.0975 ---
  [GAI-A] [Evolution] Targeting Chain 0 Layer 0 (Imp: 1.057e-04)...
    [GAI-A] -> Mutating: RELU ===> IDENTITY
  [GAI-A] [Result] 'IDENTITY' ACCEPTED. Score: -0.0975 (Delta: 0.0000)

[GAI-A] --- Stagnation at Score -0.0975 ---
  [GAI-A] [Evolution] Targeting Chain 0 Layer 0 (Imp: 2.181e-04)...
    [GAI-A] -> Mutating: IDENTITY ===> SQUARE
[GAI-A] Epoch 1500: Val Loss 0.14849 | Temp 0.3750
  [GAI-A] [Result] 'SQUARE' ACCEPTED. Score: -0.1269 (Delta: 0.0000)

[GAI-A] --- Stagnation at Score -0.0426 ---
  [GAI-A] [Evolution] Targeting Chain 0 Layer 0 (Imp: 2.207e-04)...
    [GAI-A] -> Mutating: SQUARE ===> SIN
  [GAI-A] [Result] 'SIN' REJECTED. Score: -0.0428 (Delta: 0.0000)
  [GAI-A] Instant Retry: Triggering evolution again...
[GAI-A] Epoch 2000: Val Loss 0.04274 | Temp 0.3333

[GAI-A] --- Stagnation at Score -0.0426 ---
  [GAI-A] [Evolution] Targeting Chain 0 Layer 0 (Imp: 2.161e-04)...
    [GAI-A] -> Mutating: SQUARE ===> RELU
  [GAI-A] [Result] 'RELU' ACCEPTED. Score: -0.0425 (Delta: 0.0003)

[GAI-A] --- Stagnation at Score -0.0425 ---
  [GAI-A] [Evolution] Targeting Chain 0 Layer 0 (Imp: 2.048e-04)...
    [GAI-A] -> Mutating: RELU ===> TANH
  [GAI-A] [Result] 'TANH' REJECTED. Score: -0.1084 (Delta: 0.0000)
  [GAI-A] Instant Retry: Triggering evolution again...

[GAI-A] --- Stagnation at Score -0.0425 ---
  [GAI-A] [Evolution] Targeting Chain 0 Layer 0 (Imp: 1.947e-04)...
    [GAI-A] -> Mutating: RELU ===> GAUSSIAN
  [GAI-A] [Result] 'GAUSSIAN' ACCEPTED. Score: -0.1093 (Delta: 0.0000)
[GAI-A] Epoch 2500: Val Loss 0.15234 | Temp 0.2917

[GAI-A] --- Stagnation at Score -0.0425 ---
  [GAI-A] [Evolution] Targeting Chain 0 Layer 0 (Imp: 2.559e-04)...
    [GAI-A] -> Mutating: GAUSSIAN ===> RELU
  [GAI-A] [Result] 'RELU' ACCEPTED. Score: -0.1468 (Delta: 0.0000)

[GAI-A] --- Stagnation at Score -0.0425 ---
  [GAI-A] [Evolution] Targeting Chain 0 Layer 0 (Imp: 2.453e-04)...
    [GAI-A] -> Mutating: RELU ===> SQUARE
  [GAI-A] [Result] 'SQUARE' ACCEPTED. Score: -0.1407 (Delta: 0.0001)
[GAI-A] Epoch 3000: Val Loss 0.04277 | Temp 0.2500

[GAI-A] --- Stagnation at Score -0.0424 ---
  [GAI-A] [Evolution] Targeting Chain 0 Layer 0 (Imp: 2.375e-04)...
    [GAI-A] -> Mutating: SQUARE ===> GAUSSIAN
  [GAI-A] [Result] 'GAUSSIAN' REJECTED. Score: -0.0428 (Delta: 0.0000)
  [GAI-A] Instant Retry: Triggering evolution again...

[GAI-A] --- Stagnation at Score -0.0424 ---
  [GAI-A] [Evolution] Targeting Chain 0 Layer 0 (Imp: 2.337e-04)...
    [GAI-A] -> Mutating: SQUARE ===> IDENTITY
  [GAI-A] [Result] 'IDENTITY' REJECTED. Score: -0.0428 (Delta: 0.0000)
  [GAI-A] Instant Retry: Triggering evolution again...
[GAI-A] Epoch 3500: Val Loss 0.04273 | Temp 0.2083

[GAI-A] --- Stagnation at Score -0.0424 ---
  [GAI-A] [Evolution] Targeting Chain 0 Layer 0 (Imp: 2.291e-04)...
    [GAI-A] -> Mutating: SQUARE ===> RELU
  [GAI-A] [Result] 'RELU' ACCEPTED. Score: -0.0425 (Delta: 0.0002)

[GAI-A] --- Stagnation at Score -0.0424 ---
  [GAI-A] [Evolution] Targeting Chain 0 Layer 0 (Imp: 2.214e-04)...
    [GAI-A] -> Mutating: RELU ===> SQUARE
  [GAI-A] [Result] 'SQUARE' ACCEPTED. Score: -0.0579 (Delta: 0.0505)

[GAI-A] --- Stagnation at Score -0.0424 ---
  [GAI-A] [Evolution] Targeting Chain 0 Layer 0 (Imp: 2.207e-04)...
    [GAI-A] -> Mutating: SQUARE ===> RELU
  [GAI-A] [Result] 'RELU' ACCEPTED. Score: -0.0425 (Delta: 0.0003)
[GAI-A] Epoch 4000: Val Loss 0.10780 | Temp 0.1667

[GAI-A] --- Stagnation at Score -0.0424 ---
  [GAI-A] [Evolution] Targeting Chain 0 Layer 0 (Imp: 2.141e-04)...
    [GAI-A] -> Mutating: RELU ===> SQUARE
  [GAI-A] [Result] 'SQUARE' ACCEPTED. Score: -0.0561 (Delta: 0.0524)

[GAI-A] --- Stagnation at Score -0.0424 ---
  [GAI-A] [Evolution] Targeting Chain 0 Layer 0 (Imp: 2.137e-04)...
    [GAI-A] -> Mutating: SQUARE ===> RELU
  [GAI-A] [Result] 'RELU' ACCEPTED. Score: -0.0425 (Delta: 0.0003)

[GAI-A] --- Stagnation at Score -0.0424 ---
  [GAI-A] [Evolution] Targeting Chain 0 Layer 0 (Imp: 2.080e-04)...
    [GAI-A] -> Mutating: RELU ===> SQUARE
  [GAI-A] [Result] 'SQUARE' ACCEPTED. Score: -0.0543 (Delta: 0.0543)
[GAI-A] Epoch 4500: Val Loss 0.04927 | Temp 0.1250

[GAI-A] --- Stagnation at Score -0.0424 ---
  [GAI-A] [Evolution] Targeting Chain 0 Layer 0 (Imp: 2.079e-04)...
    [GAI-A] -> Mutating: SQUARE ===> RELU
  [GAI-A] [Result] 'RELU' ACCEPTED. Score: -0.0425 (Delta: 0.0003)

[GAI-A] --- Stagnation at Score -0.0424 ---
  [GAI-A] [Evolution] Targeting Chain 0 Layer 0 (Imp: 2.028e-04)...
    [GAI-A] -> Mutating: RELU ===> SQUARE
  [GAI-A] [Result] 'SQUARE' ACCEPTED. Score: -0.0526 (Delta: 0.0559)
[GAI-A] Epoch 5000: Val Loss 0.04278 | Temp 0.0833

[GAI-A] --- Stagnation at Score -0.0424 ---
  [GAI-A] [Evolution] Targeting Chain 0 Layer 0 (Imp: 2.026e-04)...
    [GAI-A] -> Mutating: SQUARE ===> RELU
  [GAI-A] [Result] 'RELU' ACCEPTED. Score: -0.0425 (Delta: 0.0003)

[GAI-A] --- Stagnation at Score -0.0424 ---
  [GAI-A] [Evolution] Targeting Chain 0 Layer 0 (Imp: 1.981e-04)...
    [GAI-A] -> Mutating: RELU ===> SQUARE
  [GAI-A] [Result] 'SQUARE' ACCEPTED. Score: -0.0506 (Delta: 0.0580)

[GAI-A] --- Stagnation at Score -0.0423 ---
  [GAI-A] [Evolution] Targeting Chain 0 Layer 0 (Imp: 1.981e-04)...
    [GAI-A] -> Mutating: SQUARE ===> RELU
  [GAI-A] [Result] 'RELU' ACCEPTED. Score: -0.0425 (Delta: 0.0003)
[GAI-A] Epoch 5500: Val Loss 0.10789 | Temp 0.0417

[GAI-A] --- Stagnation at Score -0.0423 ---
  [GAI-A] [Evolution] Targeting Chain 0 Layer 0 (Imp: 1.940e-04)...
    [GAI-A] -> Mutating: RELU ===> SQUARE
  [GAI-A] [Result] 'SQUARE' ACCEPTED. Score: -0.0494 (Delta: 0.0591)

[GAI-A] --- Stagnation at Score -0.0422 ---
  [GAI-A] [Evolution] Targeting Chain 0 Layer 0 (Imp: 1.942e-04)...
    [GAI-A] -> Mutating: SQUARE ===> RELU
  [GAI-A] [Result] 'RELU' ACCEPTED. Score: -0.0425 (Delta: 0.0003)
[GAI-A] Restoring Best Ever State (Score: -0.0422)
[GAI-A] Epoch 0: Val Loss 0.84115 | Temp 0.5000

[GAI-A] --- Stagnation at Score -0.2875 ---
  [GAI-A] [Evolution] Targeting Chain 0 Layer 0 (Imp: 5.681e-05)...
    [GAI-A] -> Mutating: RELU ===> IDENTITY
  [GAI-A] [Result] 'IDENTITY' ACCEPTED. Score: -0.2833 (Delta: 0.0047)
[GAI-A] Epoch 500: Val Loss 0.28031 | Temp 0.4583
[GAI-A] Epoch 1000: Val Loss 0.27226 | Temp 0.4167

[GAI-A] --- Stagnation at Score -0.2712 ---
  [GAI-A] [Evolution] Targeting Chain 0 Layer 0 (Imp: 1.647e-03)...
    [GAI-A] -> Mutating: IDENTITY ===> RELU
  [GAI-A] [Result] 'RELU' ACCEPTED. Score: -0.2712 (Delta: 0.0000)
[GAI-A] Epoch 1500: Val Loss 0.27077 | Temp 0.3750

[GAI-A] --- Stagnation at Score -0.2677 ---
  [GAI-A] [Evolution] Targeting Chain 0 Layer 0 (Imp: 1.474e-03)...
    [GAI-A] -> Mutating: RELU ===> GAUSSIAN
  [GAI-A] [Result] 'GAUSSIAN' ACCEPTED. Score: -0.2707 (Delta: 0.0000)

[GAI-A] --- Stagnation at Score -0.2677 ---
  [GAI-A] [Evolution] Targeting Chain 0 Layer 0 (Imp: 1.335e-03)...
    [GAI-A] -> Mutating: GAUSSIAN ===> TANH
  [GAI-A] [Result] 'TANH' ACCEPTED. Score: -0.2842 (Delta: 0.0012)

[GAI-A] --- Stagnation at Score -0.2677 ---
  [GAI-A] [Evolution] Targeting Chain 0 Layer 0 (Imp: 1.318e-03)...
    [GAI-A] -> Mutating: TANH ===> SIN
  [GAI-A] [Result] 'SIN' ACCEPTED. Score: -0.2843 (Delta: 0.0023)
[GAI-A] Epoch 2000: Val Loss 0.25437 | Temp 0.3333

[GAI-A] --- Stagnation at Score -0.2480 ---
  [GAI-A] [Evolution] Targeting Chain 0 Layer 0 (Imp: 1.128e-03)...
    [GAI-A] -> Mutating: SIN ===> IDENTITY
  [GAI-A] [Result] 'IDENTITY' ACCEPTED. Score: -0.2468 (Delta: 0.0013)
[GAI-A] Epoch 2500: Val Loss 0.27280 | Temp 0.2917

[GAI-A] --- Stagnation at Score -0.2468 ---
  [GAI-A] [Evolution] Targeting Chain 0 Layer 0 (Imp: 1.242e-03)...
    [GAI-A] -> Mutating: IDENTITY ===> GAUSSIAN
  [GAI-A] [Result] 'GAUSSIAN' ACCEPTED. Score: -0.2722 (Delta: 0.0000)

[GAI-A] --- Stagnation at Score -0.2468 ---
  [GAI-A] [Evolution] Targeting Chain 0 Layer 0 (Imp: 1.178e-03)...
    [GAI-A] -> Mutating: GAUSSIAN ===> SIN
  [GAI-A] [Result] 'SIN' ACCEPTED. Score: -0.2859 (Delta: 0.0000)
[GAI-A] Epoch 3000: Val Loss 0.12973 | Temp 0.2500
[GAI-A] Epoch 3500: Val Loss 0.09696 | Temp 0.2083
[GAI-A] Epoch 4000: Val Loss 0.09523 | Temp 0.1667

[GAI-A] --- Stagnation at Score -0.0949 ---
  [GAI-A] [Evolution] Targeting Chain 0 Layer 0 (Imp: 8.777e-04)...
    [GAI-A] -> Mutating: SIN ===> GAUSSIAN
  [GAI-A] [Result] 'GAUSSIAN' REJECTED. Score: -0.0949 (Delta: 0.0000)
  [GAI-A] Instant Retry: Triggering evolution again...
[GAI-A] Epoch 4500: Val Loss 0.09504 | Temp 0.1250

[GAI-A] --- Stagnation at Score -0.0942 ---
  [GAI-A] [Evolution] Targeting Chain 0 Layer 0 (Imp: 8.654e-04)...
    [GAI-A] -> Mutating: SIN ===> RELU
  [GAI-A] [Result] 'RELU' ACCEPTED. Score: -0.0951 (Delta: 0.0000)

[GAI-A] --- Stagnation at Score -0.0942 ---
  [GAI-A] [Evolution] Targeting Chain 0 Layer 0 (Imp: 8.347e-04)...
    [GAI-A] -> Mutating: RELU ===> SQUARE
  [GAI-A] [Result] 'SQUARE' ACCEPTED. Score: -0.2965 (Delta: 0.0001)

[GAI-A] --- Stagnation at Score -0.0942 ---
  [GAI-A] [Evolution] Targeting Chain 0 Layer 0 (Imp: 9.542e-04)...
    [GAI-A] -> Mutating: SQUARE ===> IDENTITY
  [GAI-A] [Result] 'IDENTITY' ACCEPTED. Score: -0.3336 (Delta: 0.0000)
[GAI-A] Epoch 5000: Val Loss 0.64015 | Temp 0.0833

[GAI-A] --- Stagnation at Score -0.0942 ---
  [GAI-A] [Evolution] Targeting Chain 0 Layer 0 (Imp: 9.731e-04)...
    [GAI-A] -> Mutating: IDENTITY ===> SQUARE
  [GAI-A] [Result] 'SQUARE' ACCEPTED. Score: -0.5114 (Delta: 0.0011)

[GAI-A] --- Stagnation at Score -0.0942 ---
  [GAI-A] [Evolution] Targeting Chain 0 Layer 0 (Imp: 9.721e-04)...
    [GAI-A] -> Mutating: SQUARE ===> RELU
  [GAI-A] [Result] 'RELU' ACCEPTED. Score: -0.3530 (Delta: 0.0018)

[GAI-A] --- Stagnation at Score -0.0942 ---
  [GAI-A] [Evolution] Targeting Chain 0 Layer 0 (Imp: 9.440e-04)...
    [GAI-A] -> Mutating: RELU ===> TANH
  [GAI-A] [Result] 'TANH' REJECTED. Score: -0.6419 (Delta: 0.0000)
  [GAI-A] Instant Retry: Triggering evolution again...
[GAI-A] Epoch 5500: Val Loss 0.64281 | Temp 0.0417

[GAI-A] --- Stagnation at Score -0.0942 ---
  [GAI-A] [Evolution] Targeting Chain 0 Layer 0 (Imp: 9.183e-04)...
    [GAI-A] -> Mutating: RELU ===> SQUARE
[GAI-A] Restoring Best Ever State (Score: -0.0942)
[GAI-A] Epoch 0: Val Loss 1.91798 | Temp 0.5000
[GAI-A] Epoch 500: Val Loss 0.10228 | Temp 0.4583
[GAI-A] Epoch 1000: Val Loss 0.08841 | Temp 0.4167
[GAI-A] Epoch 1500: Val Loss 0.08463 | Temp 0.3750
[GAI-A] Epoch 2000: Val Loss 0.08318 | Temp 0.3333
[GAI-A] Epoch 2500: Val Loss 0.08254 | Temp 0.2917

[GAI-A] --- Stagnation at Score -0.0823 ---
  [GAI-A] [Evolution] Targeting Chain 0 Layer 0 (Imp: 3.559e-04)...
    [GAI-A] -> Mutating: SIN ===> RELU
  [GAI-A] [Result] 'RELU' ACCEPTED. Score: -0.0823 (Delta: 0.0000)
[GAI-A] Epoch 3000: Val Loss 0.12471 | Temp 0.2500

[GAI-A] --- Stagnation at Score -0.0823 ---
  [GAI-A] [Evolution] Targeting Chain 0 Layer 0 (Imp: 3.424e-04)...
    [GAI-A] -> Mutating: RELU ===> GAUSSIAN
  [GAI-A] [Result] 'GAUSSIAN' ACCEPTED. Score: -0.1205 (Delta: 0.0000)

[GAI-A] --- Stagnation at Score -0.0823 ---
  [GAI-A] [Evolution] Targeting Chain 0 Layer 0 (Imp: 3.324e-04)...
    [GAI-A] -> Mutating: GAUSSIAN ===> IDENTITY
  [GAI-A] [Result] 'IDENTITY' ACCEPTED. Score: -0.1237 (Delta: 0.0000)

[GAI-A] --- Stagnation at Score -0.0823 ---
  [GAI-A] [Evolution] Targeting Chain 0 Layer 0 (Imp: 3.665e-04)...
    [GAI-A] -> Mutating: IDENTITY ===> TANH
[GAI-A] Epoch 3500: Val Loss 0.14088 | Temp 0.2083
  [GAI-A] [Result] 'TANH' ACCEPTED. Score: -0.1342 (Delta: 0.0001)

[GAI-A] --- Stagnation at Score -0.0823 ---
  [GAI-A] [Evolution] Targeting Chain 0 Layer 0 (Imp: 3.917e-04)...
    [GAI-A] -> Mutating: TANH ===> RELU
  [GAI-A] [Result] 'RELU' ACCEPTED. Score: -0.1435 (Delta: 0.0000)

[GAI-A] --- Stagnation at Score -0.0823 ---
  [GAI-A] [Evolution] Targeting Chain 0 Layer 0 (Imp: 3.796e-04)...
    [GAI-A] -> Mutating: RELU ===> SQUARE
  [GAI-A] [Result] 'SQUARE' ACCEPTED. Score: -0.1439 (Delta: 0.0000)
[GAI-A] Epoch 4000: Val Loss 0.08165 | Temp 0.1667
[GAI-A] Epoch 4500: Val Loss 0.08047 | Temp 0.1250

[GAI-A] --- Stagnation at Score -0.0804 ---
  [GAI-A] [Evolution] Targeting Chain 0 Layer 0 (Imp: 3.602e-04)...
    [GAI-A] -> Mutating: SQUARE ===> SIN
  [GAI-A] [Result] 'SIN' ACCEPTED. Score: -0.0804 (Delta: 0.0000)

[GAI-A] --- Stagnation at Score -0.0804 ---
  [GAI-A] [Evolution] Targeting Chain 0 Layer 0 (Imp: 3.583e-04)...
    [GAI-A] -> Mutating: SIN ===> TANH
  [GAI-A] [Result] 'TANH' REJECTED. Score: -0.0819 (Delta: 0.0000)
  [GAI-A] Instant Retry: Triggering evolution again...
[GAI-A] Epoch 5000: Val Loss 0.08191 | Temp 0.0833

[GAI-A] --- Stagnation at Score -0.0804 ---
  [GAI-A] [Evolution] Targeting Chain 0 Layer 0 (Imp: 3.561e-04)...
    [GAI-A] -> Mutating: SIN ===> RELU
  [GAI-A] [Result] 'RELU' ACCEPTED. Score: -0.0820 (Delta: 0.0000)

[GAI-A] --- Stagnation at Score -0.0804 ---
  [GAI-A] [Evolution] Targeting Chain 0 Layer 0 (Imp: 3.479e-04)...
    [GAI-A] -> Mutating: RELU ===> IDENTITY
  [GAI-A] [Result] 'IDENTITY' ACCEPTED. Score: -0.1219 (Delta: 0.0000)

[GAI-A] --- Stagnation at Score -0.0804 ---
  [GAI-A] [Evolution] Targeting Chain 0 Layer 0 (Imp: 3.515e-04)...
    [GAI-A] -> Mutating: IDENTITY ===> RELU
  [GAI-A] [Result] 'RELU' ACCEPTED. Score: -0.1271 (Delta: 0.0001)
[GAI-A] Epoch 5500: Val Loss 0.15405 | Temp 0.0417

[GAI-A] --- Stagnation at Score -0.0804 ---
  [GAI-A] [Evolution] Targeting Chain 0 Layer 0 (Imp: 3.447e-04)...
    [GAI-A] -> Mutating: RELU ===> SIN
  [GAI-A] [Result] 'SIN' ACCEPTED. Score: -0.1143 (Delta: 0.0329)

[GAI-A] --- Stagnation at Score -0.0804 ---
  [GAI-A] [Evolution] Targeting Chain 0 Layer 0 (Imp: 3.450e-04)...
    [GAI-A] -> Mutating: SIN ===> SQUARE
  [GAI-A] [Result] 'SQUARE' ACCEPTED. Score: -0.0973 (Delta: 0.0000)

[GAI-A] --- Stagnation at Score -0.0804 ---
  [GAI-A] [Evolution] Targeting Chain 0 Layer 0 (Imp: 3.499e-04)...
    [GAI-A] -> Mutating: SQUARE ===> GAUSSIAN
[GAI-A] Restoring Best Ever State (Score: -0.0804)
[GAI-A] Epoch 0: Val Loss 0.79335 | Temp 0.5000
[GAI-A] Epoch 500: Val Loss 0.19441 | Temp 0.4583
[GAI-A] Epoch 1000: Val Loss 0.18942 | Temp 0.4167
[GAI-A] Epoch 1500: Val Loss 0.18761 | Temp 0.3750
[GAI-A] Epoch 2000: Val Loss 0.18666 | Temp 0.3333
[GAI-A] Epoch 2500: Val Loss 0.18600 | Temp 0.2917

[GAI-A] --- Stagnation at Score -0.1859 ---
  [GAI-A] [Evolution] Targeting Chain 1 Layer 0 (Imp: 9.593e-04)...
    [GAI-A] -> Mutating: RELU ===> SQUARE
  [GAI-A] [Result] 'SQUARE' ACCEPTED. Score: -0.1859 (Delta: 0.0000)

[GAI-A] --- Stagnation at Score -0.1859 ---
  [GAI-A] [Evolution] Targeting Chain 1 Layer 0 (Imp: 1.005e-03)...
    [GAI-A] -> Mutating: SQUARE ===> TANH
  [GAI-A] [Result] 'TANH' ACCEPTED. Score: -0.2344 (Delta: 0.0000)

[GAI-A] --- Stagnation at Score -0.1859 ---
  [GAI-A] [Evolution] Targeting Chain 1 Layer 0 (Imp: 1.009e-03)...
    [GAI-A] -> Mutating: TANH ===> IDENTITY
  [GAI-A] [Result] 'IDENTITY' ACCEPTED. Score: -0.2225 (Delta: 0.0000)
[GAI-A] Epoch 3000: Val Loss 0.23239 | Temp 0.2500

[GAI-A] --- Stagnation at Score -0.1859 ---
  [GAI-A] [Evolution] Targeting Chain 1 Layer 0 (Imp: 9.966e-04)...
    [GAI-A] -> Mutating: IDENTITY ===> RELU
  [GAI-A] [Result] 'RELU' ACCEPTED. Score: -0.1852 (Delta: 0.0469)

[GAI-A] --- Stagnation at Score -0.1852 ---
  [GAI-A] [Evolution] Targeting Chain 1 Layer 0 (Imp: 9.958e-04)...
    [GAI-A] -> Mutating: RELU ===> IDENTITY
  [GAI-A] [Result] 'IDENTITY' ACCEPTED. Score: -0.1859 (Delta: 0.0000)
[GAI-A] Epoch 3500: Val Loss 0.23221 | Temp 0.2083

[GAI-A] --- Stagnation at Score -0.1852 ---
  [GAI-A] [Evolution] Targeting Chain 1 Layer 0 (Imp: 9.893e-04)...
    [GAI-A] -> Mutating: IDENTITY ===> RELU
  [GAI-A] [Result] 'RELU' ACCEPTED. Score: -0.1852 (Delta: 0.0470)

[GAI-A] --- Stagnation at Score -0.1852 ---
  [GAI-A] [Evolution] Targeting Chain 1 Layer 0 (Imp: 9.891e-04)...
    [GAI-A] -> Mutating: RELU ===> IDENTITY
  [GAI-A] [Result] 'IDENTITY' ACCEPTED. Score: -0.1856 (Delta: 0.0000)

[GAI-A] --- Stagnation at Score -0.1852 ---
  [GAI-A] [Evolution] Targeting Chain 1 Layer 0 (Imp: 9.830e-04)...
    [GAI-A] -> Mutating: IDENTITY ===> GAUSSIAN
  [GAI-A] [Result] 'GAUSSIAN' ACCEPTED. Score: -0.0529 (Delta: 0.1790)
[GAI-A] Epoch 4000: Val Loss 0.05359 | Temp 0.1667

[GAI-A] --- Stagnation at Score -0.0529 ---
  [GAI-A] [Evolution] Targeting Chain 1 Layer 0 (Imp: 9.426e-04)...
    [GAI-A] -> Mutating: GAUSSIAN ===> RELU
  [GAI-A] [Result] 'RELU' REJECTED. Score: -0.0536 (Delta: 0.0000)
  [GAI-A] Instant Retry: Triggering evolution again...

[GAI-A] --- Stagnation at Score -0.0529 ---
  [GAI-A] [Evolution] Targeting Chain 1 Layer 0 (Imp: 9.045e-04)...
    [GAI-A] -> Mutating: GAUSSIAN ===> SQUARE
  [GAI-A] [Result] 'SQUARE' ACCEPTED. Score: -0.0536 (Delta: 0.0000)
[GAI-A] Epoch 4500: Val Loss 0.14738 | Temp 0.1250

[GAI-A] --- Stagnation at Score -0.0529 ---
  [GAI-A] [Evolution] Targeting Chain 1 Layer 0 (Imp: 8.984e-04)...
    [GAI-A] -> Mutating: SQUARE ===> GAUSSIAN
  [GAI-A] [Result] 'GAUSSIAN' ACCEPTED. Score: -0.1473 (Delta: 0.0000)

[GAI-A] --- Stagnation at Score -0.0529 ---
  [GAI-A] [Evolution] Targeting Chain 1 Layer 0 (Imp: 9.175e-04)...
    [GAI-A] -> Mutating: GAUSSIAN ===> TANH
  [GAI-A] [Result] 'TANH' ACCEPTED. Score: -0.1437 (Delta: 0.0094)

[GAI-A] --- Stagnation at Score -0.0529 ---
  [GAI-A] [Evolution] Targeting Chain 1 Layer 0 (Imp: 9.168e-04)...
    [GAI-A] -> Mutating: TANH ===> SQUARE
  [GAI-A] [Result] 'SQUARE' ACCEPTED. Score: -0.1302 (Delta: 0.0048)
[GAI-A] Epoch 5000: Val Loss 0.11934 | Temp 0.0833

[GAI-A] --- Stagnation at Score -0.0529 ---
  [GAI-A] [Evolution] Targeting Chain 1 Layer 0 (Imp: 9.036e-04)...
    [GAI-A] -> Mutating: SQUARE ===> GAUSSIAN
  [GAI-A] [Result] 'GAUSSIAN' ACCEPTED. Score: -0.1152 (Delta: 0.0001)

[GAI-A] --- Stagnation at Score -0.0529 ---
  [GAI-A] [Evolution] Targeting Chain 1 Layer 0 (Imp: 9.104e-04)...
    [GAI-A] -> Mutating: GAUSSIAN ===> IDENTITY
  [GAI-A] [Result] 'IDENTITY' ACCEPTED. Score: -0.0537 (Delta: 0.0000)

[GAI-A] --- Stagnation at Score -0.0529 ---
  [GAI-A] [Evolution] Targeting Chain 1 Layer 0 (Imp: 9.118e-04)...
    [GAI-A] -> Mutating: IDENTITY ===> SIN
[GAI-A] Epoch 5500: Val Loss 0.13273 | Temp 0.0417
  [GAI-A] [Result] 'SIN' ACCEPTED. Score: -0.1300 (Delta: 0.0000)

[GAI-A] --- Stagnation at Score -0.0529 ---
  [GAI-A] [Evolution] Targeting Chain 1 Layer 0 (Imp: 9.145e-04)...
    [GAI-A] -> Mutating: SIN ===> TANH
  [GAI-A] [Result] 'TANH' ACCEPTED. Score: -0.1295 (Delta: 0.0000)

[GAI-A] --- Stagnation at Score -0.0529 ---
  [GAI-A] [Evolution] Targeting Chain 1 Layer 0 (Imp: 9.117e-04)...
    [GAI-A] -> Mutating: TANH ===> SQUARE
  [GAI-A] [Result] 'SQUARE' ACCEPTED. Score: -0.1182 (Delta: 0.0095)
[GAI-A] Restoring Best Ever State (Score: -0.0529)
[GAI-A] Epoch 0: Val Loss 1.89664 | Temp 0.5000
[GAI-A] Epoch 500: Val Loss 0.16496 | Temp 0.4583
[GAI-A] Epoch 1000: Val Loss 0.15366 | Temp 0.4167
[GAI-A] Epoch 1500: Val Loss 0.15120 | Temp 0.3750
[GAI-A] Epoch 2000: Val Loss 0.14897 | Temp 0.3333
[GAI-A] Epoch 2500: Val Loss 0.14678 | Temp 0.2917
[GAI-A] Epoch 3000: Val Loss 0.14511 | Temp 0.2500
[GAI-A] Epoch 3500: Val Loss 0.14407 | Temp 0.2083

[GAI-A] --- Stagnation at Score -0.1436 ---
  [GAI-A] [Evolution] Targeting Chain 0 Layer 0 (Imp: 2.135e-04)...
    [GAI-A] -> Mutating: GAUSSIAN ===> SQUARE
  [GAI-A] [Result] 'SQUARE' ACCEPTED. Score: -0.1436 (Delta: 0.0000)
[GAI-A] Epoch 4000: Val Loss 0.63346 | Temp 0.1667

[GAI-A] --- Stagnation at Score -0.1436 ---
  [GAI-A] [Evolution] Targeting Chain 0 Layer 0 (Imp: 2.409e-04)...
    [GAI-A] -> Mutating: SQUARE ===> GAUSSIAN
  [GAI-A] [Result] 'GAUSSIAN' ACCEPTED. Score: -0.3761 (Delta: 0.0016)

[GAI-A] --- Stagnation at Score -0.1436 ---
  [GAI-A] [Evolution] Targeting Chain 0 Layer 0 (Imp: 2.416e-04)...
    [GAI-A] -> Mutating: GAUSSIAN ===> RELU
  [GAI-A] [Result] 'RELU' ACCEPTED. Score: -0.1674 (Delta: 0.0030)

[GAI-A] --- Stagnation at Score -0.1436 ---
  [GAI-A] [Evolution] Targeting Chain 0 Layer 0 (Imp: 2.574e-04)...
    [GAI-A] -> Mutating: RELU ===> SIN
[GAI-A] Epoch 4500: Val Loss 0.19439 | Temp 0.1250
  [GAI-A] [Result] 'SIN' ACCEPTED. Score: -0.1541 (Delta: 0.0042)

[GAI-A] --- Stagnation at Score -0.1436 ---
  [GAI-A] [Evolution] Targeting Chain 0 Layer 0 (Imp: 2.597e-04)...
    [GAI-A] -> Mutating: SIN ===> SQUARE
  [GAI-A] [Result] 'SQUARE' ACCEPTED. Score: -0.1436 (Delta: 0.0000)

[GAI-A] --- Stagnation at Score -0.1436 ---
  [GAI-A] [Evolution] Targeting Chain 0 Layer 0 (Imp: 2.585e-04)...
    [GAI-A] -> Mutating: SQUARE ===> GAUSSIAN
  [GAI-A] [Result] 'GAUSSIAN' ACCEPTED. Score: -0.1471 (Delta: 0.0001)
[GAI-A] Epoch 5000: Val Loss 0.09320 | Temp 0.0833

[GAI-A] --- Stagnation at Score -0.0931 ---
  [GAI-A] [Evolution] Targeting Chain 0 Layer 0 (Imp: 2.687e-04)...
    [GAI-A] -> Mutating: GAUSSIAN ===> SIN
  [GAI-A] [Result] 'SIN' REJECTED. Score: -0.0941 (Delta: 0.0000)
  [GAI-A] Instant Retry: Triggering evolution again...

[GAI-A] --- Stagnation at Score -0.0931 ---
  [GAI-A] [Evolution] Targeting Chain 0 Layer 0 (Imp: 2.701e-04)...
    [GAI-A] -> Mutating: GAUSSIAN ===> IDENTITY
  [GAI-A] [Result] 'IDENTITY' REJECTED. Score: -0.0942 (Delta: 0.0000)
  [GAI-A] Instant Retry: Triggering evolution again...
[GAI-A] Epoch 5500: Val Loss 0.09435 | Temp 0.0417

[GAI-A] --- Stagnation at Score -0.0931 ---
  [GAI-A] [Evolution] Targeting Chain 0 Layer 0 (Imp: 2.717e-04)...
    [GAI-A] -> Mutating: GAUSSIAN ===> SQUARE
  [GAI-A] [Result] 'SQUARE' REJECTED. Score: -0.0943 (Delta: 0.0000)
  [GAI-A] Instant Retry: Triggering evolution again...

[GAI-A] --- Stagnation at Score -0.0931 ---
  [GAI-A] [Evolution] Targeting Chain 0 Layer 0 (Imp: 2.734e-04)...
    [GAI-A] -> Mutating: GAUSSIAN ===> TANH
  [GAI-A] [Result] 'TANH' REJECTED. Score: -0.0943 (Delta: 0.0000)
  [GAI-A] Instant Retry: Triggering evolution again...

[GAI-A] --- Stagnation at Score -0.0931 ---
  [GAI-A] [Evolution] Targeting Chain 0 Layer 0 (Imp: 2.745e-04)...
    [GAI-A] -> Mutating: GAUSSIAN ===> RELU
  [GAI-A] [Result] 'RELU' REJECTED. Score: -0.0943 (Delta: 0.0000)
  [GAI-A] Instant Retry: Triggering evolution again...
[GAI-A] Restoring Best Ever State (Score: -0.0931)
[GAI-A] Epoch 0: Val Loss 1.25405 | Temp 0.5000

[GAI-A] --- Stagnation at Score -0.2778 ---
  [GAI-A] [Evolution] Targeting Chain 1 Layer 0 (Imp: 5.226e-05)...
    [GAI-A] -> Mutating: RELU ===> IDENTITY
[GAI-A] Epoch 500: Val Loss 0.25982 | Temp 0.4583
  [GAI-A] [Result] 'IDENTITY' ACCEPTED. Score: -0.2533 (Delta: 0.0247)
[GAI-A] Epoch 1000: Val Loss 0.25138 | Temp 0.4167

[GAI-A] --- Stagnation at Score -0.2508 ---
  [GAI-A] [Evolution] Targeting Chain 1 Layer 0 (Imp: 1.539e-03)...
    [GAI-A] -> Mutating: IDENTITY ===> RELU
  [GAI-A] [Result] 'RELU' REJECTED. Score: -0.2511 (Delta: 0.0000)
  [GAI-A] Instant Retry: Triggering evolution again...

[GAI-A] --- Stagnation at Score -0.2508 ---
  [GAI-A] [Evolution] Targeting Chain 1 Layer 0 (Imp: 1.694e-03)...
    [GAI-A] -> Mutating: IDENTITY ===> TANH
[GAI-A] Epoch 1500: Val Loss 0.28162 | Temp 0.3750
  [GAI-A] [Result] 'TANH' ACCEPTED. Score: -0.2509 (Delta: 0.0000)

[GAI-A] --- Stagnation at Score -0.2508 ---
  [GAI-A] [Evolution] Targeting Chain 1 Layer 0 (Imp: 1.678e-03)...
    [GAI-A] -> Mutating: TANH ===> GAUSSIAN
  [GAI-A] [Result] 'GAUSSIAN' ACCEPTED. Score: -0.2777 (Delta: 0.0000)

[GAI-A] --- Stagnation at Score -0.2508 ---
  [GAI-A] [Evolution] Targeting Chain 1 Layer 0 (Imp: 1.535e-03)...
    [GAI-A] -> Mutating: GAUSSIAN ===> SIN
  [GAI-A] [Result] 'SIN' ACCEPTED. Score: -0.2742 (Delta: 0.0028)
[GAI-A] Epoch 2000: Val Loss 0.18415 | Temp 0.3333

[GAI-A] --- Stagnation at Score -0.1827 ---
  [GAI-A] [Evolution] Targeting Chain 1 Layer 0 (Imp: 1.432e-03)...
    [GAI-A] -> Mutating: SIN ===> TANH
  [GAI-A] [Result] 'TANH' REJECTED. Score: -0.1842 (Delta: 0.0000)
  [GAI-A] Instant Retry: Triggering evolution again...

[GAI-A] --- Stagnation at Score -0.1827 ---
  [GAI-A] [Evolution] Targeting Chain 1 Layer 0 (Imp: 1.349e-03)...
    [GAI-A] -> Mutating: SIN ===> GAUSSIAN
  [GAI-A] [Result] 'GAUSSIAN' ACCEPTED. Score: -0.1849 (Delta: 0.0000)

[GAI-A] --- Stagnation at Score -0.1827 ---
  [GAI-A] [Evolution] Targeting Chain 1 Layer 0 (Imp: 1.262e-03)...
    [GAI-A] -> Mutating: GAUSSIAN ===> SQUARE
[GAI-A] Epoch 2500: Val Loss 0.30207 | Temp 0.2917
  [GAI-A] [Result] 'SQUARE' REJECTED. Score: -0.2774 (Delta: 0.0000)
  [GAI-A] Instant Retry: Triggering evolution again...

[GAI-A] --- Stagnation at Score -0.1827 ---
  [GAI-A] [Evolution] Targeting Chain 1 Layer 0 (Imp: 1.186e-03)...
    [GAI-A] -> Mutating: GAUSSIAN ===> IDENTITY
  [GAI-A] [Result] 'IDENTITY' ACCEPTED. Score: -0.2770 (Delta: 0.0000)
[GAI-A] Epoch 3000: Val Loss 0.25281 | Temp 0.2500

[GAI-A] --- Stagnation at Score -0.1827 ---
  [GAI-A] [Evolution] Targeting Chain 1 Layer 0 (Imp: 1.474e-03)...
    [GAI-A] -> Mutating: IDENTITY ===> SIN
[GAI-A] Epoch 3500: Val Loss 0.09747 | Temp 0.2083
  [GAI-A] [Result] 'SIN' ACCEPTED. Score: -0.0969 (Delta: 0.1542)

[GAI-A] --- Stagnation at Score -0.0969 ---
  [GAI-A] [Evolution] Targeting Chain 1 Layer 0 (Imp: 1.410e-03)...
    [GAI-A] -> Mutating: SIN ===> GAUSSIAN
  [GAI-A] [Result] 'GAUSSIAN' ACCEPTED. Score: -0.0970 (Delta: 0.0000)

[GAI-A] --- Stagnation at Score -0.0969 ---
  [GAI-A] [Evolution] Targeting Chain 1 Layer 0 (Imp: 1.355e-03)...
    [GAI-A] -> Mutating: GAUSSIAN ===> SIN
  [GAI-A] [Result] 'SIN' ACCEPTED. Score: -0.2699 (Delta: 0.0070)
[GAI-A] Epoch 4000: Val Loss 0.18421 | Temp 0.1667

[GAI-A] --- Stagnation at Score -0.0969 ---
  [GAI-A] [Evolution] Targeting Chain 1 Layer 0 (Imp: 1.322e-03)...
    [GAI-A] -> Mutating: SIN ===> GAUSSIAN
  [GAI-A] [Result] 'GAUSSIAN' REJECTED. Score: -0.1842 (Delta: 0.0000)
  [GAI-A] Instant Retry: Triggering evolution again...

[GAI-A] --- Stagnation at Score -0.0969 ---
  [GAI-A] [Evolution] Targeting Chain 1 Layer 0 (Imp: 1.293e-03)...
    [GAI-A] -> Mutating: SIN ===> IDENTITY
  [GAI-A] [Result] 'IDENTITY' ACCEPTED. Score: -0.1841 (Delta: 0.0000)

[GAI-A] --- Stagnation at Score -0.0969 ---
  [GAI-A] [Evolution] Targeting Chain 1 Layer 0 (Imp: 1.305e-03)...
    [GAI-A] -> Mutating: IDENTITY ===> SIN
[GAI-A] Epoch 4500: Val Loss 0.10345 | Temp 0.1250
[GAI-A] Epoch 5000: Val Loss 0.09739 | Temp 0.0833
  [GAI-A] [Result] 'SIN' ACCEPTED. Score: -0.0971 (Delta: 0.1633)
[GAI-A] Epoch 5500: Val Loss 0.09618 | Temp 0.0417

[GAI-A] --- Stagnation at Score -0.0959 ---
  [GAI-A] [Evolution] Targeting Chain 1 Layer 0 (Imp: 1.094e-03)...
    [GAI-A] -> Mutating: SIN ===> IDENTITY
  [GAI-A] [Result] 'IDENTITY' ACCEPTED. Score: -0.0959 (Delta: 0.0000)
[GAI-A] Restoring Best Ever State (Score: -0.0959)
[GAI-A] Epoch 0: Val Loss 1.02535 | Temp 0.5000
[GAI-A] Epoch 500: Val Loss 0.04288 | Temp 0.4583

[GAI-A] --- Stagnation at Score -0.0427 ---
  [GAI-A] [Evolution] Targeting Chain 0 Layer 0 (Imp: 3.365e-04)...
    [GAI-A] -> Mutating: GAUSSIAN ===> SQUARE
  [GAI-A] [Result] 'SQUARE' ACCEPTED. Score: -0.0429 (Delta: 0.0000)
[GAI-A] Epoch 1000: Val Loss 0.00007 | Temp 0.4167
[GAI-A] Epoch 1500: Val Loss 0.00000 | Temp 0.3750

[GAI-A] --- Stagnation at Score -0.0000 ---
  [GAI-A] [Evolution] Targeting Chain 0 Layer 0 (Imp: 2.678e-04)...
    [GAI-A] -> Mutating: SQUARE ===> RELU
  [GAI-A] [Result] 'RELU' REJECTED. Score: -0.0000 (Delta: 0.0000)
  [GAI-A] Instant Retry: Triggering evolution again...
[GAI-A] Epoch 2000: Val Loss 0.00000 | Temp 0.3333

[GAI-A] --- Stagnation at Score -0.0000 ---
  [GAI-A] [Evolution] Targeting Chain 0 Layer 0 (Imp: 2.082e-04)...
    [GAI-A] -> Mutating: SQUARE ===> SIN
  [GAI-A] [Result] 'SIN' REJECTED. Score: -0.0000 (Delta: 0.0000)
  [GAI-A] Instant Retry: Triggering evolution again...
[GAI-A] Epoch 2500: Val Loss 0.00000 | Temp 0.2917

[GAI-A] --- Stagnation at Score -0.0000 ---
  [GAI-A] [Evolution] Targeting Chain 0 Layer 0 (Imp: 1.630e-04)...
    [GAI-A] -> Mutating: SQUARE ===> GAUSSIAN
  [GAI-A] [Result] 'GAUSSIAN' ACCEPTED. Score: -0.0000 (Delta: 0.0000)

[GAI-A] --- Stagnation at Score -0.0000 ---
  [GAI-A] [Evolution] Targeting Chain 0 Layer 0 (Imp: 2.107e-04)...
    [GAI-A] -> Mutating: GAUSSIAN ===> IDENTITY
  [GAI-A] [Result] 'IDENTITY' ACCEPTED. Score: -0.0957 (Delta: 0.0000)

[GAI-A] --- Stagnation at Score -0.0000 ---
  [GAI-A] [Evolution] Targeting Chain 0 Layer 0 (Imp: 2.111e-04)...
    [GAI-A] -> Mutating: IDENTITY ===> GAUSSIAN
  [GAI-A] [Result] 'GAUSSIAN' ACCEPTED. Score: -0.0953 (Delta: 0.0000)
[GAI-A] Epoch 3000: Val Loss 0.13024 | Temp 0.2500

[GAI-A] --- Stagnation at Score -0.0000 ---
  [GAI-A] [Evolution] Targeting Chain 0 Layer 0 (Imp: 2.525e-04)...
    [GAI-A] -> Mutating: GAUSSIAN ===> SQUARE
  [GAI-A] [Result] 'SQUARE' ACCEPTED. Score: -0.0957 (Delta: 0.0000)

[GAI-A] --- Stagnation at Score -0.0000 ---
  [GAI-A] [Evolution] Targeting Chain 0 Layer 0 (Imp: 2.446e-04)...
    [GAI-A] -> Mutating: SQUARE ===> TANH
  [GAI-A] [Result] 'TANH' ACCEPTED. Score: -0.0000 (Delta: 0.0000)
[GAI-A] Epoch 3500: Val Loss 0.09493 | Temp 0.2083

[GAI-A] --- Stagnation at Score -0.0000 ---
  [GAI-A] [Evolution] Targeting Chain 0 Layer 0 (Imp: 2.540e-04)...
    [GAI-A] -> Mutating: TANH ===> IDENTITY
  [GAI-A] [Result] 'IDENTITY' ACCEPTED. Score: -0.0948 (Delta: 0.0002)

[GAI-A] --- Stagnation at Score -0.0000 ---
  [GAI-A] [Evolution] Targeting Chain 0 Layer 0 (Imp: 2.637e-04)...
    [GAI-A] -> Mutating: IDENTITY ===> SQUARE
  [GAI-A] [Result] 'SQUARE' ACCEPTED. Score: -0.0950 (Delta: 0.0000)

[GAI-A] --- Stagnation at Score -0.0000 ---
  [GAI-A] [Evolution] Targeting Chain 0 Layer 0 (Imp: 2.569e-04)...
    [GAI-A] -> Mutating: SQUARE ===> IDENTITY
  [GAI-A] [Result] 'IDENTITY' ACCEPTED. Score: -0.0001 (Delta: 0.0000)
[GAI-A] Epoch 4000: Val Loss 0.09502 | Temp 0.1667

[GAI-A] --- Stagnation at Score -0.0000 ---
  [GAI-A] [Evolution] Targeting Chain 0 Layer 0 (Imp: 2.558e-04)...
    [GAI-A] -> Mutating: IDENTITY ===> SQUARE
  [GAI-A] [Result] 'SQUARE' ACCEPTED. Score: -0.0950 (Delta: 0.0000)

[GAI-A] --- Stagnation at Score -0.0000 ---
  [GAI-A] [Evolution] Targeting Chain 0 Layer 0 (Imp: 2.473e-04)...
    [GAI-A] -> Mutating: SQUARE ===> GAUSSIAN
  [GAI-A] [Result] 'GAUSSIAN' ACCEPTED. Score: -0.0000 (Delta: 0.0000)

[GAI-A] --- Stagnation at Score -0.0000 ---
  [GAI-A] [Evolution] Targeting Chain 0 Layer 0 (Imp: 2.730e-04)...
    [GAI-A] -> Mutating: GAUSSIAN ===> IDENTITY
  [GAI-A] [Result] 'IDENTITY' ACCEPTED. Score: -0.0958 (Delta: 0.0000)
[GAI-A] Epoch 4500: Val Loss 0.09577 | Temp 0.1250

[GAI-A] --- Stagnation at Score -0.0000 ---
  [GAI-A] [Evolution] Targeting Chain 0 Layer 0 (Imp: 2.800e-04)...
    [GAI-A] -> Mutating: IDENTITY ===> GAUSSIAN
  [GAI-A] [Result] 'GAUSSIAN' REJECTED. Score: -0.0957 (Delta: 0.0000)
  [GAI-A] Instant Retry: Triggering evolution again...

[GAI-A] --- Stagnation at Score -0.0000 ---
  [GAI-A] [Evolution] Targeting Chain 0 Layer 0 (Imp: 2.882e-04)...
    [GAI-A] -> Mutating: IDENTITY ===> TANH
  [GAI-A] [Result] 'TANH' ACCEPTED. Score: -0.0954 (Delta: 0.0002)

[GAI-A] --- Stagnation at Score -0.0000 ---
  [GAI-A] [Evolution] Targeting Chain 0 Layer 0 (Imp: 2.949e-04)...
    [GAI-A] -> Mutating: TANH ===> IDENTITY
  [GAI-A] [Result] 'IDENTITY' ACCEPTED. Score: -0.0958 (Delta: 0.0000)
[GAI-A] Epoch 5000: Val Loss 0.09541 | Temp 0.0833

[GAI-A] --- Stagnation at Score -0.0000 ---
  [GAI-A] [Evolution] Targeting Chain 0 Layer 0 (Imp: 3.016e-04)...
    [GAI-A] -> Mutating: IDENTITY ===> SQUARE
  [GAI-A] [Result] 'SQUARE' ACCEPTED. Score: -0.0949 (Delta: 0.0007)

[GAI-A] --- Stagnation at Score -0.0000 ---
  [GAI-A] [Evolution] Targeting Chain 0 Layer 0 (Imp: 3.050e-04)...
    [GAI-A] -> Mutating: SQUARE ===> TANH
  [GAI-A] [Result] 'TANH' ACCEPTED. Score: -0.0951 (Delta: 0.0000)
[GAI-A] Epoch 5500: Val Loss 0.09570 | Temp 0.0417

[GAI-A] --- Stagnation at Score -0.0000 ---
  [GAI-A] [Evolution] Targeting Chain 0 Layer 0 (Imp: 3.098e-04)...
    [GAI-A] -> Mutating: TANH ===> SQUARE
  [GAI-A] [Result] 'SQUARE' ACCEPTED. Score: -0.0951 (Delta: 0.0006)

[GAI-A] --- Stagnation at Score -0.0000 ---
  [GAI-A] [Evolution] Targeting Chain 0 Layer 0 (Imp: 3.114e-04)...
    [GAI-A] -> Mutating: SQUARE ===> IDENTITY
  [GAI-A] [Result] 'IDENTITY' ACCEPTED. Score: -0.0950 (Delta: 0.0000)

[GAI-A] --- Stagnation at Score -0.0000 ---
  [GAI-A] [Evolution] Targeting Chain 0 Layer 0 (Imp: 3.153e-04)...
    [GAI-A] -> Mutating: IDENTITY ===> TANH
  [GAI-A] [Result] 'TANH' ACCEPTED. Score: -0.0954 (Delta: 0.0001)
[GAI-A] Restoring Best Ever State (Score: -0.0000)
GAI-A      fixed      6000    1/28       6.640e-02    1.439e-14  tanh,sin; square,tanh; sin,tanh
[GAI-A] Epoch 0: Val Loss 1.61939 | Temp 0.5000
[GAI-A] Epoch 500: Val Loss 0.14362 | Temp 0.4583

[GAI-A] --- Stagnation at Score -0.1425 ---
  [GAI-A] [Evolution] Targeting Chain 0 Layer 0 (Imp: 2.738e-04)...
    [GAI-A] -> Mutating: GAUSSIAN ===> SQUARE
  [GAI-A] [Result] 'SQUARE' REJECTED. Score: -0.1425 (Delta: 0.0000)
  [GAI-A] Instant Retry: Triggering evolution again...
[GAI-A] Epoch 1000: Val Loss 0.14253 | Temp 0.4167

[GAI-A] --- Stagnation at Score -0.1416 ---
  [GAI-A] [Evolution] Targeting Chain 0 Layer 0 (Imp: 2.810e-04)...
    [GAI-A] -> Mutating: GAUSSIAN ===> TANH
  [GAI-A] [Result] 'TANH' REJECTED. Score: -0.1426 (Delta: 0.0000)
  [GAI-A] Instant Retry: Triggering evolution again...

[GAI-A] --- Stagnation at Score -0.1416 ---
  [GAI-A] [Evolution] Targeting Chain 0 Layer 0 (Imp: 2.860e-04)...
    [GAI-A] -> Mutating: GAUSSIAN ===> IDENTITY
  [GAI-A] [Result] 'IDENTITY' REJECTED. Score: -0.1426 (Delta: 0.0000)
  [GAI-A] Instant Retry: Triggering evolution again...

[GAI-A] --- Stagnation at Score -0.1416 ---
  [GAI-A] [Evolution] Targeting Chain 0 Layer 0 (Imp: 2.896e-04)...
    [GAI-A] -> Mutating: GAUSSIAN ===> SIN
  [GAI-A] [Result] 'SIN' REJECTED. Score: -0.1425 (Delta: 0.0000)
  [GAI-A] Instant Retry: Triggering evolution again...
[GAI-A] Epoch 1500: Val Loss 0.14330 | Temp 0.3750

[GAI-A] --- Stagnation at Score -0.1415 ---
  [GAI-A] [Evolution] Targeting Chain 0 Layer 0 (Imp: 2.918e-04)...
    [GAI-A] -> Mutating: GAUSSIAN ===> RELU
  [GAI-A] [Result] 'RELU' REJECTED. Score: -0.1426 (Delta: 0.0000)
  [GAI-A] Instant Retry: Triggering evolution again...

[GAI-A] --- Stagnation at Score -0.1415 ---
  [GAI-A] [Evolution] Targeting Chain 0 Layer 0 (Imp: 2.932e-04)...
  [GAI-A] [Evolution] Targeting Chain 1 Layer 0 (Imp: 2.998e-04)...
    [GAI-A] -> Mutating: GAUSSIAN ===> SQUARE
  [GAI-A] [Result] 'SQUARE' REJECTED. Score: -0.1425 (Delta: 0.0000)
  [GAI-A] Instant Retry: Triggering evolution again...
[GAI-A] Epoch 2000: Val Loss 0.14250 | Temp 0.3333

[GAI-A] --- Stagnation at Score -0.1415 ---
  [GAI-A] [Evolution] Targeting Chain 0 Layer 0 (Imp: 2.943e-04)...
  [GAI-A] [Evolution] Targeting Chain 1 Layer 0 (Imp: 3.006e-04)...
    [GAI-A] -> Mutating: GAUSSIAN ===> SIN
  [GAI-A] [Result] 'SIN' REJECTED. Score: -0.1425 (Delta: 0.0000)
  [GAI-A] Instant Retry: Triggering evolution again...

[GAI-A] --- Stagnation at Score -0.1415 ---
  [GAI-A] [Evolution] Targeting Chain 0 Layer 0 (Imp: 2.955e-04)...
  [GAI-A] [Evolution] Targeting Chain 1 Layer 0 (Imp: 3.016e-04)...
    [GAI-A] -> Mutating: GAUSSIAN ===> RELU
  [GAI-A] [Result] 'RELU' REJECTED. Score: -0.1424 (Delta: 0.0000)
  [GAI-A] Instant Retry: Triggering evolution again...

[GAI-A] --- Stagnation at Score -0.1415 ---
  [GAI-A] [Evolution] Targeting Chain 0 Layer 0 (Imp: 2.970e-04)...
  [GAI-A] [Evolution] Targeting Chain 1 Layer 0 (Imp: 3.023e-04)...
    [GAI-A] -> Mutating: GAUSSIAN ===> TANH
[GAI-A] Epoch 2500: Val Loss 0.18840 | Temp 0.2917
  [GAI-A] [Result] 'TANH' REJECTED. Score: -0.1423 (Delta: 0.0000)
  [GAI-A] Instant Retry: Triggering evolution again...

[GAI-A] --- Stagnation at Score -0.1415 ---
  [GAI-A] [Evolution] Targeting Chain 0 Layer 0 (Imp: 2.982e-04)...
  [GAI-A] [Evolution] Targeting Chain 1 Layer 0 (Imp: 3.031e-04)...
    [GAI-A] -> Mutating: GAUSSIAN ===> IDENTITY
  [GAI-A] [Result] 'IDENTITY' REJECTED. Score: -0.1424 (Delta: 0.0000)
  [GAI-A] Instant Retry: Triggering evolution again...

[GAI-A] --- Stagnation at Score -0.1415 ---
  [GAI-A] [Evolution] Targeting Chain 0 Layer 0 (Imp: 2.992e-04)...
  [GAI-A] [Evolution] Targeting Chain 1 Layer 0 (Imp: 3.039e-04)...
[GAI-A] No mutations possible or supported.
[GAI-A] No mutations left; continuing to train with the structure frozen.
[GAI-A] Epoch 3000: Val Loss 0.14247 | Temp 0.2500
[GAI-A] Epoch 3500: Val Loss 0.14257 | Temp 0.2083
[GAI-A] Epoch 4000: Val Loss 0.14257 | Temp 0.1667
[GAI-A] Epoch 4500: Val Loss 0.14257 | Temp 0.1250
[GAI-A] Epoch 5000: Val Loss 0.14257 | Temp 0.0833
[GAI-A] Epoch 5500: Val Loss 0.14257 | Temp 0.0417
[GAI-A] Restoring Best Ever State (Score: -0.1415)
[GAI-A] Epoch 0: Val Loss 0.60286 | Temp 0.5000
[GAI-A] Epoch 500: Val Loss 0.17144 | Temp 0.4583
[GAI-A] Epoch 1000: Val Loss 0.14859 | Temp 0.4167
[GAI-A] Epoch 1500: Val Loss 0.14579 | Temp 0.3750

[GAI-A] --- Stagnation at Score -0.1452 ---
  [GAI-A] [Evolution] Targeting Chain 0 Layer 0 (Imp: 1.390e-04)...
    [GAI-A] -> Mutating: RELU ===> IDENTITY
[GAI-A] Epoch 2000: Val Loss 0.12670 | Temp 0.3333
  [GAI-A] [Result] 'IDENTITY' ACCEPTED. Score: -0.1251 (Delta: 0.0200)
[GAI-A] Epoch 2500: Val Loss 0.10204 | Temp 0.2917
[GAI-A] Epoch 3000: Val Loss 0.09671 | Temp 0.2500
[GAI-A] Epoch 3500: Val Loss 0.09585 | Temp 0.2083

[GAI-A] --- Stagnation at Score -0.0957 ---
  [GAI-A] [Evolution] Targeting Chain 0 Layer 0 (Imp: 1.221e-03)...
    [GAI-A] -> Mutating: IDENTITY ===> TANH
  [GAI-A] [Result] 'TANH' REJECTED. Score: -0.0958 (Delta: 0.0000)
  [GAI-A] Instant Retry: Triggering evolution again...

[GAI-A] --- Stagnation at Score -0.0957 ---
  [GAI-A] [Evolution] Targeting Chain 0 Layer 0 (Imp: 1.299e-03)...
    [GAI-A] -> Mutating: IDENTITY ===> GAUSSIAN
  [GAI-A] [Result] 'GAUSSIAN' REJECTED. Score: -0.0958 (Delta: 0.0000)
  [GAI-A] Instant Retry: Triggering evolution again...
[GAI-A] Epoch 4000: Val Loss 0.09642 | Temp 0.1667

[GAI-A] --- Stagnation at Score -0.0957 ---
  [GAI-A] [Evolution] Targeting Chain 0 Layer 0 (Imp: 1.402e-03)...
    [GAI-A] -> Mutating: IDENTITY ===> SIN
  [GAI-A] [Result] 'SIN' REJECTED. Score: -0.0960 (Delta: 0.0000)
  [GAI-A] Instant Retry: Triggering evolution again...
[GAI-A] Epoch 4500: Val Loss 0.11356 | Temp 0.1250

[GAI-A] --- Stagnation at Score -0.0952 ---
  [GAI-A] [Evolution] Targeting Chain 0 Layer 0 (Imp: 1.427e-03)...
    [GAI-A] -> Mutating: IDENTITY ===> RELU
  [GAI-A] [Result] 'RELU' REJECTED. Score: -0.0960 (Delta: 0.0000)
  [GAI-A] Instant Retry: Triggering evolution again...
[GAI-A] Epoch 5000: Val Loss 0.09643 | Temp 0.0833

[GAI-A] --- Stagnation at Score -0.0952 ---
  [GAI-A] [Evolution] Targeting Chain 0 Layer 0 (Imp: 1.473e-03)...
    [GAI-A] -> Mutating: IDENTITY ===> SQUARE
  [GAI-A] [Result] 'SQUARE' REJECTED. Score: -0.0961 (Delta: 0.0000)
  [GAI-A] Instant Retry: Triggering evolution again...

[GAI-A] --- Stagnation at Score -0.0952 ---
  [GAI-A] [Evolution] Targeting Chain 0 Layer 0 (Imp: 1.477e-03)...
  [GAI-A] [Evolution] Targeting Chain 1 Layer 0 (Imp: 2.131e-03)...
    [GAI-A] -> Mutating: TANH ===> SIN
  [GAI-A] [Result] 'SIN' REJECTED. Score: -0.1009 (Delta: 0.0000)
  [GAI-A] Instant Retry: Triggering evolution again...
[GAI-A] Epoch 5500: Val Loss 0.11414 | Temp 0.0417
[GAI-A] Restoring Best Ever State (Score: -0.0952)
[GAI-A] Epoch 0: Val Loss 0.70634 | Temp 0.5000
[GAI-A] Epoch 500: Val Loss 0.12463 | Temp 0.4583
[GAI-A] Epoch 1000: Val Loss 0.11582 | Temp 0.4167
[GAI-A] Epoch 1500: Val Loss 0.11378 | Temp 0.3750
[GAI-A] Epoch 2000: Val Loss 0.11261 | Temp 0.3333
[GAI-A] Epoch 2500: Val Loss 0.11187 | Temp 0.2917

[GAI-A] --- Stagnation at Score -0.1114 ---
  [GAI-A] [Evolution] Targeting Chain 0 Layer 0 (Imp: 1.294e-03)...
    [GAI-A] -> Mutating: TANH ===> GAUSSIAN
  [GAI-A] [Result] 'GAUSSIAN' REJECTED. Score: -0.1114 (Delta: 0.0000)
  [GAI-A] Instant Retry: Triggering evolution again...
[GAI-A] Epoch 3000: Val Loss 0.11404 | Temp 0.2500

[GAI-A] --- Stagnation at Score -0.1089 ---
  [GAI-A] [Evolution] Targeting Chain 0 Layer 0 (Imp: 1.344e-03)...
    [GAI-A] -> Mutating: TANH ===> IDENTITY
  [GAI-A] [Result] 'IDENTITY' ACCEPTED. Score: -0.0953 (Delta: 0.0158)

[GAI-A] --- Stagnation at Score -0.0953 ---
  [GAI-A] [Evolution] Targeting Chain 0 Layer 0 (Imp: 1.691e-03)...
    [GAI-A] -> Mutating: IDENTITY ===> RELU
  [GAI-A] [Result] 'RELU' REJECTED. Score: -0.0967 (Delta: 0.0000)
  [GAI-A] Instant Retry: Triggering evolution again...
[GAI-A] Epoch 3500: Val Loss 0.09963 | Temp 0.2083

[GAI-A] --- Stagnation at Score -0.0953 ---
  [GAI-A] [Evolution] Targeting Chain 0 Layer 0 (Imp: 1.518e-03)...
    [GAI-A] -> Mutating: IDENTITY ===> SQUARE
[GAI-A] Epoch 4000: Val Loss 1.24624 | Temp 0.1667
  [GAI-A] [Result] 'SQUARE' REJECTED. Score: -0.0970 (Delta: 0.0000)
  [GAI-A] Instant Retry: Triggering evolution again...

[GAI-A] --- Stagnation at Score -0.0953 ---
  [GAI-A] [Evolution] Targeting Chain 0 Layer 0 (Imp: 1.492e-03)...
    [GAI-A] -> Mutating: IDENTITY ===> SIN
  [GAI-A] [Result] 'SIN' REJECTED. Score: -0.1005 (Delta: 0.0000)
  [GAI-A] Instant Retry: Triggering evolution again...
[GAI-A] Epoch 4500: Val Loss 0.09751 | Temp 0.1250

[GAI-A] --- Stagnation at Score -0.0953 ---
  [GAI-A] [Evolution] Targeting Chain 0 Layer 0 (Imp: 1.451e-03)...
    [GAI-A] -> Mutating: IDENTITY ===> TANH
  [GAI-A] [Result] 'TANH' REJECTED. Score: -0.0973 (Delta: 0.0000)
  [GAI-A] Instant Retry: Triggering evolution again...
[GAI-A] Epoch 5000: Val Loss 0.09751 | Temp 0.0833

[GAI-A] --- Stagnation at Score -0.0953 ---
  [GAI-A] [Evolution] Targeting Chain 0 Layer 0 (Imp: 1.447e-03)...
  [GAI-A] [Evolution] Targeting Chain 1 Layer 0 (Imp: 2.189e-03)...
    [GAI-A] -> Mutating: TANH ===> RELU
  [GAI-A] [Result] 'RELU' REJECTED. Score: -0.0975 (Delta: 0.0000)
  [GAI-A] Instant Retry: Triggering evolution again...

[GAI-A] --- Stagnation at Score -0.0953 ---
  [GAI-A] [Evolution] Targeting Chain 0 Layer 0 (Imp: 1.439e-03)...
  [GAI-A] [Evolution] Targeting Chain 1 Layer 0 (Imp: 2.175e-03)...
    [GAI-A] -> Mutating: TANH ===> IDENTITY
  [GAI-A] [Result] 'IDENTITY' REJECTED. Score: -0.0976 (Delta: 0.0000)
  [GAI-A] Instant Retry: Triggering evolution again...

[GAI-A] --- Stagnation at Score -0.0953 ---
  [GAI-A] [Evolution] Targeting Chain 0 Layer 0 (Imp: 1.432e-03)...
  [GAI-A] [Evolution] Targeting Chain 1 Layer 0 (Imp: 2.163e-03)...
    [GAI-A] -> Mutating: TANH ===> SQUARE
  [GAI-A] [Result] 'SQUARE' REJECTED. Score: -0.0977 (Delta: 0.0000)
  [GAI-A] Instant Retry: Triggering evolution again...
[GAI-A] Epoch 5500: Val Loss 0.11649 | Temp 0.0417

[GAI-A] --- Stagnation at Score -0.0953 ---
  [GAI-A] [Evolution] Targeting Chain 0 Layer 0 (Imp: 1.418e-03)...
  [GAI-A] [Evolution] Targeting Chain 1 Layer 0 (Imp: 2.146e-03)...
    [GAI-A] -> Mutating: TANH ===> GAUSSIAN
  [GAI-A] [Result] 'GAUSSIAN' REJECTED. Score: -0.1014 (Delta: 0.0000)
  [GAI-A] Instant Retry: Triggering evolution again...

[GAI-A] --- Stagnation at Score -0.0953 ---
  [GAI-A] [Evolution] Targeting Chain 0 Layer 0 (Imp: 1.400e-03)...
  [GAI-A] [Evolution] Targeting Chain 1 Layer 0 (Imp: 2.125e-03)...
    [GAI-A] -> Mutating: TANH ===> SIN
  [GAI-A] [Result] 'SIN' REJECTED. Score: -0.1066 (Delta: 0.0000)
  [GAI-A] Instant Retry: Triggering evolution again...
[GAI-A] Restoring Best Ever State (Score: -0.0953)
[GAI-A] Epoch 0: Val Loss 0.65159 | Temp 0.5000

[GAI-A] --- Stagnation at Score -0.2779 ---
  [GAI-A] [Evolution] Targeting Chain 1 Layer 0 (Imp: 1.756e-05)...
    [GAI-A] -> Mutating: RELU ===> IDENTITY
[GAI-A] Epoch 500: Val Loss 0.25839 | Temp 0.4583
  [GAI-A] [Result] 'IDENTITY' ACCEPTED. Score: -0.2513 (Delta: 0.0267)

[GAI-A] --- Stagnation at Score -0.2508 ---
  [GAI-A] [Evolution] Targeting Chain 1 Layer 0 (Imp: 1.653e-03)...
    [GAI-A] -> Mutating: IDENTITY ===> TANH
[GAI-A] Epoch 1000: Val Loss 0.68070 | Temp 0.4167
  [GAI-A] [Result] 'TANH' REJECTED. Score: -0.2515 (Delta: 0.0000)
  [GAI-A] Instant Retry: Triggering evolution again...

[GAI-A] --- Stagnation at Score -0.2508 ---
  [GAI-A] [Evolution] Targeting Chain 1 Layer 0 (Imp: 1.976e-03)...
    [GAI-A] -> Mutating: IDENTITY ===> RELU
  [GAI-A] [Result] 'RELU' REJECTED. Score: -0.2515 (Delta: 0.0000)
  [GAI-A] Instant Retry: Triggering evolution again...

[GAI-A] --- Stagnation at Score -0.2508 ---
  [GAI-A] [Evolution] Targeting Chain 1 Layer 0 (Imp: 2.203e-03)...
    [GAI-A] -> Mutating: IDENTITY ===> SIN
  [GAI-A] [Result] 'SIN' REJECTED. Score: -0.2511 (Delta: 0.0000)
  [GAI-A] Instant Retry: Triggering evolution again...
[GAI-A] Epoch 1500: Val Loss 0.25929 | Temp 0.3750

[GAI-A] --- Stagnation at Score -0.2508 ---
  [GAI-A] [Evolution] Targeting Chain 1 Layer 0 (Imp: 2.312e-03)...
    [GAI-A] -> Mutating: IDENTITY ===> SQUARE
  [GAI-A] [Result] 'SQUARE' REJECTED. Score: -0.2509 (Delta: 0.0000)
  [GAI-A] Instant Retry: Triggering evolution again...

[GAI-A] --- Stagnation at Score -0.2508 ---
  [GAI-A] [Evolution] Targeting Chain 1 Layer 0 (Imp: 2.343e-03)...
    [GAI-A] -> Mutating: IDENTITY ===> GAUSSIAN
  [GAI-A] [Result] 'GAUSSIAN' ACCEPTED. Score: -0.2457 (Delta: 0.0054)
[GAI-A] Epoch 2000: Val Loss 0.23130 | Temp 0.3333
[GAI-A] Epoch 2500: Val Loss 0.19956 | Temp 0.2917
[GAI-A] Epoch 3000: Val Loss 0.19697 | Temp 0.2500
[GAI-A] Epoch 3500: Val Loss 0.19497 | Temp 0.2083
[GAI-A] Epoch 4000: Val Loss 0.19319 | Temp 0.1667
[GAI-A] Epoch 4500: Val Loss 0.19171 | Temp 0.1250
[GAI-A] Epoch 5000: Val Loss 0.19049 | Temp 0.0833
[GAI-A] Epoch 5500: Val Loss 0.18949 | Temp 0.0417
[GAI-A] Restoring Best Ever State (Score: -0.1886)
[GAI-A] Epoch 0: Val Loss 1.65944 | Temp 0.5000
[GAI-A] Epoch 500: Val Loss 0.19011 | Temp 0.4583
[GAI-A] Epoch 1000: Val Loss 0.18731 | Temp 0.4167
[GAI-A] Epoch 1500: Val Loss 0.18602 | Temp 0.3750
[GAI-A] Epoch 2000: Val Loss 0.18528 | Temp 0.3333

[GAI-A] --- Stagnation at Score -0.1851 ---
  [GAI-A] [Evolution] Targeting Chain 1 Layer 0 (Imp: 4.265e-04)...
    [GAI-A] -> Mutating: SIN ===> IDENTITY
  [GAI-A] [Result] 'IDENTITY' REJECTED. Score: -0.1851 (Delta: 0.0000)
  [GAI-A] Instant Retry: Triggering evolution again...

[GAI-A] --- Stagnation at Score -0.1848 ---
  [GAI-A] [Evolution] Targeting Chain 1 Layer 0 (Imp: 4.307e-04)...
    [GAI-A] -> Mutating: SIN ===> SQUARE
  [GAI-A] [Result] 'SQUARE' REJECTED. Score: -0.1849 (Delta: 0.0000)
  [GAI-A] Instant Retry: Triggering evolution again...
[GAI-A] Epoch 2500: Val Loss 0.18514 | Temp 0.2917

[GAI-A] --- Stagnation at Score -0.1844 ---
  [GAI-A] [Evolution] Targeting Chain 1 Layer 0 (Imp: 4.342e-04)...
    [GAI-A] -> Mutating: SIN ===> GAUSSIAN
  [GAI-A] [Result] 'GAUSSIAN' REJECTED. Score: -0.1851 (Delta: 0.0000)
  [GAI-A] Instant Retry: Triggering evolution again...

[GAI-A] --- Stagnation at Score -0.1844 ---
  [GAI-A] [Evolution] Targeting Chain 1 Layer 0 (Imp: 4.396e-04)...
    [GAI-A] -> Mutating: SIN ===> TANH
  [GAI-A] [Result] 'TANH' REJECTED. Score: -0.1849 (Delta: 0.0000)
  [GAI-A] Instant Retry: Triggering evolution again...

[GAI-A] --- Stagnation at Score -0.1838 ---
  [GAI-A] [Evolution] Targeting Chain 1 Layer 0 (Imp: 4.433e-04)...
    [GAI-A] -> Mutating: SIN ===> RELU
[GAI-A] Epoch 3000: Val Loss 0.28620 | Temp 0.2500
  [GAI-A] [Result] 'RELU' REJECTED. Score: -0.1849 (Delta: 0.0000)
  [GAI-A] Instant Retry: Triggering evolution again...

[GAI-A] --- Stagnation at Score -0.1829 ---
  [GAI-A] [Evolution] Targeting Chain 1 Layer 0 (Imp: 4.468e-04)...
  [GAI-A] [Evolution] Targeting Chain 0 Layer 0 (Imp: 9.411e-04)...
    [GAI-A] -> Mutating: RELU ===> IDENTITY
  [GAI-A] [Result] 'IDENTITY' REJECTED. Score: -0.1849 (Delta: 0.0000)
  [GAI-A] Instant Retry: Triggering evolution again...

[GAI-A] --- Stagnation at Score -0.1829 ---
  [GAI-A] [Evolution] Targeting Chain 1 Layer 0 (Imp: 4.484e-04)...
  [GAI-A] [Evolution] Targeting Chain 0 Layer 0 (Imp: 9.446e-04)...
    [GAI-A] -> Mutating: RELU ===> GAUSSIAN
  [GAI-A] [Result] 'GAUSSIAN' REJECTED. Score: -0.1852 (Delta: 0.0000)
  [GAI-A] Instant Retry: Triggering evolution again...
[GAI-A] Epoch 3500: Val Loss 0.18512 | Temp 0.2083

[GAI-A] --- Stagnation at Score -0.1829 ---
  [GAI-A] [Evolution] Targeting Chain 1 Layer 0 (Imp: 4.501e-04)...
  [GAI-A] [Evolution] Targeting Chain 0 Layer 0 (Imp: 9.476e-04)...
    [GAI-A] -> Mutating: RELU ===> SIN
  [GAI-A] [Result] 'SIN' ACCEPTED. Score: -0.0002 (Delta: 0.1849)

[GAI-A] --- Stagnation at Score -0.0002 ---
  [GAI-A] [Evolution] Targeting Chain 0 Layer 0 (Imp: 9.899e-05)...
    [GAI-A] -> Mutating: SIN ===> RELU
  [GAI-A] [Result] 'RELU' REJECTED. Score: -0.0002 (Delta: 0.0000)
  [GAI-A] Instant Retry: Triggering evolution again...
[GAI-A] Epoch 4000: Val Loss 0.00024 | Temp 0.1667

[GAI-A] --- Stagnation at Score -0.0002 ---
  [GAI-A] [Evolution] Targeting Chain 0 Layer 0 (Imp: 7.056e-05)...
    [GAI-A] -> Mutating: SIN ===> TANH
  [GAI-A] [Result] 'TANH' REJECTED. Score: -0.0002 (Delta: 0.0000)
  [GAI-A] Instant Retry: Triggering evolution again...

[GAI-A] --- Stagnation at Score -0.0002 ---
  [GAI-A] [Evolution] Targeting Chain 0 Layer 0 (Imp: 6.064e-05)...
    [GAI-A] -> Mutating: SIN ===> SQUARE
  [GAI-A] [Result] 'SQUARE' REJECTED. Score: -0.0002 (Delta: 0.0000)
  [GAI-A] Instant Retry: Triggering evolution again...
[GAI-A] Epoch 4500: Val Loss 0.00024 | Temp 0.1250

[GAI-A] --- Stagnation at Score -0.0002 ---
  [GAI-A] [Evolution] Targeting Chain 0 Layer 0 (Imp: 5.473e-05)...
  [GAI-A] [Evolution] Targeting Chain 1 Layer 0 (Imp: 5.527e-05)...
[GAI-A] No mutations possible or supported.
[GAI-A] No mutations left; continuing to train with the structure frozen.
[GAI-A] Epoch 5000: Val Loss 0.00024 | Temp 0.0833
[GAI-A] Epoch 5500: Val Loss 0.00024 | Temp 0.0417
[GAI-A] Restoring Best Ever State (Score: -0.0002)
[GAI-A] Epoch 0: Val Loss 0.74096 | Temp 0.5000

[GAI-A] --- Stagnation at Score -0.0002 ---
  [GAI-A] [Evolution] Targeting Chain 1 Layer 0 (Imp: 1.252e-04)...
    [GAI-A] -> Mutating: SIN ===> TANH
  [GAI-A] [Result] 'TANH' REJECTED. Score: -0.0002 (Delta: 0.0000)
  [GAI-A] Instant Retry: Triggering evolution again...
[GAI-A] Epoch 500: Val Loss 0.00068 | Temp 0.4583

[GAI-A] --- Stagnation at Score -0.0002 ---
  [GAI-A] [Evolution] Targeting Chain 1 Layer 0 (Imp: 9.112e-05)...
    [GAI-A] -> Mutating: SIN ===> RELU
  [GAI-A] [Result] 'RELU' REJECTED. Score: -0.0002 (Delta: 0.0000)
  [GAI-A] Instant Retry: Triggering evolution again...
[GAI-A] Epoch 1000: Val Loss 0.00024 | Temp 0.4167

[GAI-A] --- Stagnation at Score -0.0002 ---
  [GAI-A] [Evolution] Targeting Chain 1 Layer 0 (Imp: 7.149e-05)...
    [GAI-A] -> Mutating: SIN ===> SQUARE
  [GAI-A] [Result] 'SQUARE' REJECTED. Score: -0.0002 (Delta: 0.0000)
  [GAI-A] Instant Retry: Triggering evolution again...
[GAI-A] Epoch 1500: Val Loss 0.00024 | Temp 0.3750

[GAI-A] --- Stagnation at Score -0.0002 ---
  [GAI-A] [Evolution] Targeting Chain 1 Layer 0 (Imp: 6.073e-05)...
    [GAI-A] -> Mutating: SIN ===> IDENTITY
  [GAI-A] [Result] 'IDENTITY' REJECTED. Score: -0.0002 (Delta: 0.0000)
  [GAI-A] Instant Retry: Triggering evolution again...

[GAI-A] --- Stagnation at Score -0.0002 ---
  [GAI-A] [Evolution] Targeting Chain 1 Layer 0 (Imp: 5.657e-05)...
    [GAI-A] -> Mutating: SIN ===> GAUSSIAN
  [GAI-A] [Result] 'GAUSSIAN' REJECTED. Score: -0.0002 (Delta: 0.0000)
  [GAI-A] Instant Retry: Triggering evolution again...
[GAI-A] Epoch 2000: Val Loss 0.00094 | Temp 0.3333
[GAI-A] Epoch 2500: Val Loss 0.00024 | Temp 0.2917

[GAI-A] --- Stagnation at Score -0.0002 ---
  [GAI-A] [Evolution] Targeting Chain 1 Layer 0 (Imp: 5.145e-05)...
  [GAI-A] [Evolution] Targeting Chain 0 Layer 0 (Imp: 5.676e-05)...
    [GAI-A] -> Mutating: SIN ===> SQUARE
  [GAI-A] [Result] 'SQUARE' REJECTED. Score: -0.0002 (Delta: 0.0000)
  [GAI-A] Instant Retry: Triggering evolution again...

[GAI-A] --- Stagnation at Score -0.0002 ---
  [GAI-A] [Evolution] Targeting Chain 1 Layer 0 (Imp: 4.935e-05)...
  [GAI-A] [Evolution] Targeting Chain 0 Layer 0 (Imp: 5.440e-05)...
    [GAI-A] -> Mutating: SIN ===> IDENTITY
[GAI-A] Epoch 3000: Val Loss 0.23979 | Temp 0.2500
  [GAI-A] [Result] 'IDENTITY' REJECTED. Score: -0.0002 (Delta: 0.0000)
  [GAI-A] Instant Retry: Triggering evolution again...

[GAI-A] --- Stagnation at Score -0.0002 ---
  [GAI-A] [Evolution] Targeting Chain 1 Layer 0 (Imp: 4.819e-05)...
  [GAI-A] [Evolution] Targeting Chain 0 Layer 0 (Imp: 5.303e-05)...
    [GAI-A] -> Mutating: SIN ===> TANH
  [GAI-A] [Result] 'TANH' REJECTED. Score: -0.0002 (Delta: 0.0000)
  [GAI-A] Instant Retry: Triggering evolution again...
[GAI-A] Epoch 3500: Val Loss 0.00024 | Temp 0.2083

[GAI-A] --- Stagnation at Score -0.0002 ---
  [GAI-A] [Evolution] Targeting Chain 1 Layer 0 (Imp: 4.739e-05)...
  [GAI-A] [Evolution] Targeting Chain 0 Layer 0 (Imp: 5.196e-05)...
    [GAI-A] -> Mutating: SIN ===> GAUSSIAN
  [GAI-A] [Result] 'GAUSSIAN' REJECTED. Score: -0.0002 (Delta: 0.0000)
  [GAI-A] Instant Retry: Triggering evolution again...
[GAI-A] Epoch 4000: Val Loss 0.00024 | Temp 0.1667

[GAI-A] --- Stagnation at Score -0.0002 ---
  [GAI-A] [Evolution] Targeting Chain 1 Layer 0 (Imp: 4.599e-05)...
  [GAI-A] [Evolution] Targeting Chain 0 Layer 0 (Imp: 5.060e-05)...
    [GAI-A] -> Mutating: SIN ===> RELU
  [GAI-A] [Result] 'RELU' REJECTED. Score: -0.0002 (Delta: 0.0000)
  [GAI-A] Instant Retry: Triggering evolution again...

[GAI-A] --- Stagnation at Score -0.0002 ---
  [GAI-A] [Evolution] Targeting Chain 1 Layer 0 (Imp: 4.520e-05)...
  [GAI-A] [Evolution] Targeting Chain 0 Layer 0 (Imp: 4.980e-05)...
[GAI-A] No mutations possible or supported.
[GAI-A] No mutations left; continuing to train with the structure frozen.
[GAI-A] Epoch 4500: Val Loss 0.00024 | Temp 0.1250
[GAI-A] Epoch 5000: Val Loss 0.00024 | Temp 0.0833
[GAI-A] Epoch 5500: Val Loss 0.00024 | Temp 0.0417
[GAI-A] Restoring Best Ever State (Score: -0.0002)
[GAI-A] Epoch 0: Val Loss 1.06195 | Temp 0.5000
[GAI-A] Epoch 500: Val Loss 0.12175 | Temp 0.4583
[GAI-A] Epoch 1000: Val Loss 0.10248 | Temp 0.4167
[GAI-A] Epoch 1500: Val Loss 0.09763 | Temp 0.3750
[GAI-A] Epoch 2000: Val Loss 0.09584 | Temp 0.3333
[GAI-A] Epoch 2500: Val Loss 0.09505 | Temp 0.2917

[GAI-A] --- Stagnation at Score -0.0947 ---
  [GAI-A] [Evolution] Targeting Chain 1 Layer 0 (Imp: 3.445e-04)...
    [GAI-A] -> Mutating: GAUSSIAN ===> TANH
  [GAI-A] [Result] 'TANH' REJECTED. Score: -0.0947 (Delta: 0.0000)
  [GAI-A] Instant Retry: Triggering evolution again...
[GAI-A] Epoch 3000: Val Loss 0.09655 | Temp 0.2500

[GAI-A] --- Stagnation at Score -0.0944 ---
  [GAI-A] [Evolution] Targeting Chain 1 Layer 0 (Imp: 3.422e-04)...
    [GAI-A] -> Mutating: GAUSSIAN ===> IDENTITY
  [GAI-A] [Result] 'IDENTITY' REJECTED. Score: -0.0946 (Delta: 0.0000)
  [GAI-A] Instant Retry: Triggering evolution again...

[GAI-A] --- Stagnation at Score -0.0942 ---
  [GAI-A] [Evolution] Targeting Chain 1 Layer 0 (Imp: 3.402e-04)...
    [GAI-A] -> Mutating: GAUSSIAN ===> SIN
  [GAI-A] [Result] 'SIN' REJECTED. Score: -0.0946 (Delta: 0.0000)
  [GAI-A] Instant Retry: Triggering evolution again...
[GAI-A] Epoch 3500: Val Loss 0.09453 | Temp 0.2083

[GAI-A] --- Stagnation at Score -0.0942 ---
  [GAI-A] [Evolution] Targeting Chain 1 Layer 0 (Imp: 3.381e-04)...
    [GAI-A] -> Mutating: GAUSSIAN ===> SQUARE
  [GAI-A] [Result] 'SQUARE' REJECTED. Score: -0.0945 (Delta: 0.0000)
  [GAI-A] Instant Retry: Triggering evolution again...

[GAI-A] --- Stagnation at Score -0.0942 ---
  [GAI-A] [Evolution] Targeting Chain 1 Layer 0 (Imp: 3.366e-04)...
    [GAI-A] -> Mutating: GAUSSIAN ===> RELU
  [GAI-A] [Result] 'RELU' REJECTED. Score: -0.0944 (Delta: 0.0000)
  [GAI-A] Instant Retry: Triggering evolution again...
[GAI-A] Epoch 4000: Val Loss 0.09440 | Temp 0.1667

[GAI-A] --- Stagnation at Score -0.0941 ---
  [GAI-A] [Evolution] Targeting Chain 1 Layer 0 (Imp: 3.353e-04)...
  [GAI-A] [Evolution] Targeting Chain 0 Layer 0 (Imp: 5.625e-04)...
    [GAI-A] -> Mutating: TANH ===> GAUSSIAN
  [GAI-A] [Result] 'GAUSSIAN' REJECTED. Score: -0.0944 (Delta: 0.0000)
  [GAI-A] Instant Retry: Triggering evolution again...

[GAI-A] --- Stagnation at Score -0.0937 ---
  [GAI-A] [Evolution] Targeting Chain 1 Layer 0 (Imp: 3.339e-04)...
  [GAI-A] [Evolution] Targeting Chain 0 Layer 0 (Imp: 5.624e-04)...
    [GAI-A] -> Mutating: TANH ===> RELU
  [GAI-A] [Result] 'RELU' REJECTED. Score: -0.0941 (Delta: 0.0000)
  [GAI-A] Instant Retry: Triggering evolution again...
[GAI-A] Epoch 4500: Val Loss 0.09397 | Temp 0.1250

[GAI-A] --- Stagnation at Score -0.0937 ---
  [GAI-A] [Evolution] Targeting Chain 1 Layer 0 (Imp: 3.320e-04)...
  [GAI-A] [Evolution] Targeting Chain 0 Layer 0 (Imp: 5.622e-04)...
    [GAI-A] -> Mutating: TANH ===> SQUARE
  [GAI-A] [Result] 'SQUARE' REJECTED. Score: -0.0940 (Delta: 0.0000)
  [GAI-A] Instant Retry: Triggering evolution again...

[GAI-A] --- Stagnation at Score -0.0937 ---
  [GAI-A] [Evolution] Targeting Chain 1 Layer 0 (Imp: 3.304e-04)...
  [GAI-A] [Evolution] Targeting Chain 0 Layer 0 (Imp: 5.622e-04)...
    [GAI-A] -> Mutating: TANH ===> SIN
[GAI-A] Epoch 5000: Val Loss 0.00427 | Temp 0.0833
  [GAI-A] [Result] 'SIN' ACCEPTED. Score: -0.0040 (Delta: 0.0899)

[GAI-A] --- Stagnation at Score -0.0040 ---
  [GAI-A] [Evolution] Targeting Chain 1 Layer 0 (Imp: 1.234e-04)...
  [GAI-A] [Evolution] Targeting Chain 0 Layer 0 (Imp: 1.446e-04)...
    [GAI-A] -> Mutating: SIN ===> TANH
  [GAI-A] [Result] 'TANH' REJECTED. Score: -0.0040 (Delta: 0.0000)
  [GAI-A] Instant Retry: Triggering evolution again...
[GAI-A] Epoch 5500: Val Loss 0.00399 | Temp 0.0417

[GAI-A] --- Stagnation at Score -0.0039 ---
  [GAI-A] [Evolution] Targeting Chain 1 Layer 0 (Imp: 1.142e-04)...
  [GAI-A] [Evolution] Targeting Chain 0 Layer 0 (Imp: 1.356e-04)...
    [GAI-A] -> Mutating: SIN ===> IDENTITY
  [GAI-A] [Result] 'IDENTITY' REJECTED. Score: -0.0040 (Delta: 0.0000)
  [GAI-A] Instant Retry: Triggering evolution again...

[GAI-A] --- Stagnation at Score -0.0039 ---
  [GAI-A] [Evolution] Targeting Chain 1 Layer 0 (Imp: 1.101e-04)...
  [GAI-A] [Evolution] Targeting Chain 0 Layer 0 (Imp: 1.315e-04)...
[GAI-A] No mutations possible or supported.
[GAI-A] No mutations left; continuing to train with the structure frozen.
[GAI-A] Restoring Best Ever State (Score: -0.0039)
[GAI-A] Epoch 0: Val Loss 0.65122 | Temp 0.5000
[GAI-A] Epoch 500: Val Loss 0.05340 | Temp 0.4583

[GAI-A] --- Stagnation at Score -0.0533 ---
  [GAI-A] [Evolution] Targeting Chain 1 Layer 0 (Imp: 5.274e-05)...
    [GAI-A] -> Mutating: RELU ===> SIN
  [GAI-A] [Result] 'SIN' REJECTED. Score: -0.0533 (Delta: 0.0000)
  [GAI-A] Instant Retry: Triggering evolution again...

[GAI-A] --- Stagnation at Score -0.0531 ---
  [GAI-A] [Evolution] Targeting Chain 1 Layer 0 (Imp: 4.476e-05)...
    [GAI-A] -> Mutating: RELU ===> IDENTITY
[GAI-A] Epoch 1000: Val Loss 0.09530 | Temp 0.4167
  [GAI-A] [Result] 'IDENTITY' REJECTED. Score: -0.0533 (Delta: 0.0000)
  [GAI-A] Instant Retry: Triggering evolution again...

[GAI-A] --- Stagnation at Score -0.0531 ---
  [GAI-A] [Evolution] Targeting Chain 1 Layer 0 (Imp: 3.933e-05)...
    [GAI-A] -> Mutating: RELU ===> SQUARE
  [GAI-A] [Result] 'SQUARE' REJECTED. Score: -0.0533 (Delta: 0.0000)
  [GAI-A] Instant Retry: Triggering evolution again...

[GAI-A] --- Stagnation at Score -0.0531 ---
  [GAI-A] [Evolution] Targeting Chain 1 Layer 0 (Imp: 3.511e-05)...
    [GAI-A] -> Mutating: RELU ===> GAUSSIAN
  [GAI-A] [Result] 'GAUSSIAN' REJECTED. Score: -0.0533 (Delta: 0.0000)
  [GAI-A] Instant Retry: Triggering evolution again...
[GAI-A] Epoch 1500: Val Loss 0.05326 | Temp 0.3750

[GAI-A] --- Stagnation at Score -0.0531 ---
  [GAI-A] [Evolution] Targeting Chain 1 Layer 0 (Imp: 3.095e-05)...
    [GAI-A] -> Mutating: RELU ===> TANH
  [GAI-A] [Result] 'TANH' REJECTED. Score: -0.0533 (Delta: 0.0000)
  [GAI-A] Instant Retry: Triggering evolution again...

[GAI-A] --- Stagnation at Score -0.0531 ---
  [GAI-A] [Evolution] Targeting Chain 1 Layer 0 (Imp: 2.861e-05)...
  [GAI-A] [Evolution] Targeting Chain 0 Layer 0 (Imp: 4.596e-04)...
    [GAI-A] -> Mutating: SIN ===> TANH
  [GAI-A] [Result] 'TANH' REJECTED. Score: -0.0533 (Delta: 0.0000)
  [GAI-A] Instant Retry: Triggering evolution again...
[GAI-A] Epoch 2000: Val Loss 0.05326 | Temp 0.3333

[GAI-A] --- Stagnation at Score -0.0531 ---
  [GAI-A] [Evolution] Targeting Chain 1 Layer 0 (Imp: 2.599e-05)...
  [GAI-A] [Evolution] Targeting Chain 0 Layer 0 (Imp: 4.570e-04)...
    [GAI-A] -> Mutating: SIN ===> GAUSSIAN
  [GAI-A] [Result] 'GAUSSIAN' REJECTED. Score: -0.0533 (Delta: 0.0000)
  [GAI-A] Instant Retry: Triggering evolution again...

[GAI-A] --- Stagnation at Score -0.0531 ---
  [GAI-A] [Evolution] Targeting Chain 1 Layer 0 (Imp: 2.398e-05)...
  [GAI-A] [Evolution] Targeting Chain 0 Layer 0 (Imp: 4.559e-04)...
    [GAI-A] -> Mutating: SIN ===> RELU
  [GAI-A] [Result] 'RELU' REJECTED. Score: -0.0533 (Delta: 0.0000)
  [GAI-A] Instant Retry: Triggering evolution again...

[GAI-A] --- Stagnation at Score -0.0529 ---
  [GAI-A] [Evolution] Targeting Chain 1 Layer 0 (Imp: 2.259e-05)...
  [GAI-A] [Evolution] Targeting Chain 0 Layer 0 (Imp: 4.542e-04)...
    [GAI-A] -> Mutating: SIN ===> IDENTITY
[GAI-A] Epoch 2500: Val Loss 0.35778 | Temp 0.2917
  [GAI-A] [Result] 'IDENTITY' REJECTED. Score: -0.0533 (Delta: 0.0000)
  [GAI-A] Instant Retry: Triggering evolution again...

[GAI-A] --- Stagnation at Score -0.0529 ---
  [GAI-A] [Evolution] Targeting Chain 1 Layer 0 (Imp: 2.136e-05)...
  [GAI-A] [Evolution] Targeting Chain 0 Layer 0 (Imp: 4.530e-04)...
    [GAI-A] -> Mutating: SIN ===> SQUARE
  [GAI-A] [Result] 'SQUARE' REJECTED. Score: -0.0533 (Delta: 0.0000)
  [GAI-A] Instant Retry: Triggering evolution again...

[GAI-A] --- Stagnation at Score -0.0529 ---
  [GAI-A] [Evolution] Targeting Chain 1 Layer 0 (Imp: 2.031e-05)...
  [GAI-A] [Evolution] Targeting Chain 0 Layer 0 (Imp: 4.517e-04)...
[GAI-A] No mutations possible or supported.
[GAI-A] No mutations left; continuing to train with the structure frozen.
[GAI-A] Epoch 3000: Val Loss 0.05326 | Temp 0.2500
[GAI-A] Epoch 3500: Val Loss 0.05326 | Temp 0.2083
[GAI-A] Epoch 4000: Val Loss 0.05326 | Temp 0.1667
[GAI-A] Epoch 4500: Val Loss 0.05326 | Temp 0.1250
[GAI-A] Epoch 5000: Val Loss 0.05326 | Temp 0.0833
[GAI-A] Epoch 5500: Val Loss 0.05326 | Temp 0.0417
[GAI-A] Restoring Best Ever State (Score: -0.0529)
[GAI-A] Epoch 0: Val Loss 1.20577 | Temp 0.5000
[GAI-A] Epoch 500: Val Loss 0.51488 | Temp 0.4583

[GAI-A] --- Stagnation at Score -0.5141 ---
  [GAI-A] [Evolution] Targeting Chain 0 Layer 0 (Imp: 5.569e-06)...
    [GAI-A] -> Mutating: RELU ===> IDENTITY
  [GAI-A] [Result] 'IDENTITY' ACCEPTED. Score: -0.2275 (Delta: 0.2866)

[GAI-A] --- Stagnation at Score -0.2275 ---
  [GAI-A] [Evolution] Targeting Chain 0 Layer 0 (Imp: 7.069e-04)...
    [GAI-A] -> Mutating: IDENTITY ===> SIN
[GAI-A] Epoch 1000: Val Loss 0.00822 | Temp 0.4167
  [GAI-A] [Result] 'SIN' ACCEPTED. Score: -0.0002 (Delta: 0.2301)

[GAI-A] --- Stagnation at Score -0.0002 ---
  [GAI-A] [Evolution] Targeting Chain 0 Layer 0 (Imp: 1.038e-04)...
    [GAI-A] -> Mutating: SIN ===> SQUARE
  [GAI-A] [Result] 'SQUARE' REJECTED. Score: -0.0002 (Delta: 0.0000)
  [GAI-A] Instant Retry: Triggering evolution again...
[GAI-A] Epoch 1500: Val Loss 0.00024 | Temp 0.3750

[GAI-A] --- Stagnation at Score -0.0002 ---
  [GAI-A] [Evolution] Targeting Chain 0 Layer 0 (Imp: 7.166e-05)...
    [GAI-A] -> Mutating: SIN ===> IDENTITY
  [GAI-A] [Result] 'IDENTITY' REJECTED. Score: -0.0002 (Delta: 0.0000)
  [GAI-A] Instant Retry: Triggering evolution again...

[GAI-A] --- Stagnation at Score -0.0002 ---
  [GAI-A] [Evolution] Targeting Chain 0 Layer 0 (Imp: 6.277e-05)...
    [GAI-A] -> Mutating: SIN ===> GAUSSIAN
  [GAI-A] [Result] 'GAUSSIAN' REJECTED. Score: -0.0002 (Delta: 0.0000)
  [GAI-A] Instant Retry: Triggering evolution again...
[GAI-A] Epoch 2000: Val Loss 0.00024 | Temp 0.3333

[GAI-A] --- Stagnation at Score -0.0002 ---
  [GAI-A] [Evolution] Targeting Chain 0 Layer 0 (Imp: 5.816e-05)...
    [GAI-A] -> Mutating: SIN ===> RELU
  [GAI-A] [Result] 'RELU' REJECTED. Score: -0.0002 (Delta: 0.0000)
  [GAI-A] Instant Retry: Triggering evolution again...

[GAI-A] --- Stagnation at Score -0.0002 ---
  [GAI-A] [Evolution] Targeting Chain 0 Layer 0 (Imp: 5.412e-05)...
    [GAI-A] -> Mutating: SIN ===> TANH
  [GAI-A] [Result] 'TANH' REJECTED. Score: -0.0002 (Delta: 0.0000)
  [GAI-A] Instant Retry: Triggering evolution again...
[GAI-A] Epoch 2500: Val Loss 0.00024 | Temp 0.2917

[GAI-A] --- Stagnation at Score -0.0002 ---
  [GAI-A] [Evolution] Targeting Chain 0 Layer 0 (Imp: 5.204e-05)...
  [GAI-A] [Evolution] Targeting Chain 1 Layer 0 (Imp: 5.211e-05)...
    [GAI-A] -> Mutating: SIN ===> IDENTITY
  [GAI-A] [Result] 'IDENTITY' REJECTED. Score: -0.0002 (Delta: 0.0000)
  [GAI-A] Instant Retry: Triggering evolution again...

[GAI-A] --- Stagnation at Score -0.0002 ---
  [GAI-A] [Evolution] Targeting Chain 1 Layer 0 (Imp: 4.953e-05)...
    [GAI-A] -> Mutating: SIN ===> RELU
  [GAI-A] [Result] 'RELU' REJECTED. Score: -0.0002 (Delta: 0.0000)
  [GAI-A] Instant Retry: Triggering evolution again...
[GAI-A] Epoch 3000: Val Loss 0.00036 | Temp 0.2500

[GAI-A] --- Stagnation at Score -0.0002 ---
  [GAI-A] [Evolution] Targeting Chain 1 Layer 0 (Imp: 4.655e-05)...
    [GAI-A] -> Mutating: SIN ===> TANH
  [GAI-A] [Result] 'TANH' REJECTED. Score: -0.0002 (Delta: 0.0000)
  [GAI-A] Instant Retry: Triggering evolution again...
[GAI-A] Epoch 3500: Val Loss 0.00024 | Temp 0.2083

[GAI-A] --- Stagnation at Score -0.0002 ---
  [GAI-A] [Evolution] Targeting Chain 1 Layer 0 (Imp: 4.495e-05)...
    [GAI-A] -> Mutating: SIN ===> GAUSSIAN
  [GAI-A] [Result] 'GAUSSIAN' REJECTED. Score: -0.0002 (Delta: 0.0000)
  [GAI-A] Instant Retry: Triggering evolution again...
[GAI-A] Epoch 4000: Val Loss 0.00024 | Temp 0.1667

[GAI-A] --- Stagnation at Score -0.0002 ---
  [GAI-A] [Evolution] Targeting Chain 1 Layer 0 (Imp: 4.331e-05)...
    [GAI-A] -> Mutating: SIN ===> SQUARE
  [GAI-A] [Result] 'SQUARE' REJECTED. Score: -0.0002 (Delta: 0.0000)
  [GAI-A] Instant Retry: Triggering evolution again...
[GAI-A] Epoch 4500: Val Loss 0.00024 | Temp 0.1250

[GAI-A] --- Stagnation at Score -0.0002 ---
  [GAI-A] [Evolution] Targeting Chain 1 Layer 0 (Imp: 4.198e-05)...
  [GAI-A] [Evolution] Targeting Chain 0 Layer 0 (Imp: 4.422e-05)...
[GAI-A] No mutations possible or supported.
[GAI-A] No mutations left; continuing to train with the structure frozen.
[GAI-A] Epoch 5000: Val Loss 0.00024 | Temp 0.0833
[GAI-A] Epoch 5500: Val Loss 0.00024 | Temp 0.0417
[GAI-A] Restoring Best Ever State (Score: -0.0002)
[GAI-A] Epoch 0: Val Loss 1.83687 | Temp 0.5000
[GAI-A] Epoch 500: Val Loss 0.13802 | Temp 0.4583
[GAI-A] Epoch 1000: Val Loss 0.10837 | Temp 0.4167
[GAI-A] Epoch 1500: Val Loss 0.10203 | Temp 0.3750
[GAI-A] Epoch 2000: Val Loss 0.09958 | Temp 0.3333
[GAI-A] Epoch 2500: Val Loss 0.09830 | Temp 0.2917
[GAI-A] Epoch 3000: Val Loss 0.09755 | Temp 0.2500

[GAI-A] --- Stagnation at Score -0.0972 ---
  [GAI-A] [Evolution] Targeting Chain 0 Layer 0 (Imp: 1.133e-03)...
    [GAI-A] -> Mutating: GAUSSIAN ===> SQUARE
  [GAI-A] [Result] 'SQUARE' REJECTED. Score: -0.0974 (Delta: 0.0000)
  [GAI-A] Instant Retry: Triggering evolution again...
[GAI-A] Epoch 3500: Val Loss 0.09762 | Temp 0.2083

[GAI-A] --- Stagnation at Score -0.0972 ---
  [GAI-A] [Evolution] Targeting Chain 0 Layer 0 (Imp: 1.204e-03)...
    [GAI-A] -> Mutating: GAUSSIAN ===> SIN
  [GAI-A] [Result] 'SIN' REJECTED. Score: -0.0976 (Delta: 0.0000)
  [GAI-A] Instant Retry: Triggering evolution again...
[GAI-A] Epoch 4000: Val Loss 0.09772 | Temp 0.1667

[GAI-A] --- Stagnation at Score -0.0972 ---
  [GAI-A] [Evolution] Targeting Chain 0 Layer 0 (Imp: 1.286e-03)...
    [GAI-A] -> Mutating: GAUSSIAN ===> RELU
  [GAI-A] [Result] 'RELU' REJECTED. Score: -0.0976 (Delta: 0.0000)
  [GAI-A] Instant Retry: Triggering evolution again...

[GAI-A] --- Stagnation at Score -0.0972 ---
  [GAI-A] [Evolution] Targeting Chain 0 Layer 0 (Imp: 1.303e-03)...
    [GAI-A] -> Mutating: GAUSSIAN ===> IDENTITY
  [GAI-A] [Result] 'IDENTITY' REJECTED. Score: -0.0983 (Delta: 0.0000)
  [GAI-A] Instant Retry: Triggering evolution again...
[GAI-A] Epoch 4500: Val Loss 0.09984 | Temp 0.1250
[GAI-A] Epoch 5000: Val Loss 0.09828 | Temp 0.0833

[GAI-A] --- Stagnation at Score -0.0972 ---
  [GAI-A] [Evolution] Targeting Chain 0 Layer 0 (Imp: 1.352e-03)...
    [GAI-A] -> Mutating: GAUSSIAN ===> TANH
  [GAI-A] [Result] 'TANH' REJECTED. Score: -0.0981 (Delta: 0.0000)
  [GAI-A] Instant Retry: Triggering evolution again...
[GAI-A] Epoch 5500: Val Loss 0.09860 | Temp 0.0417

[GAI-A] --- Stagnation at Score -0.0972 ---
  [GAI-A] [Evolution] Targeting Chain 0 Layer 0 (Imp: 1.377e-03)...
  [GAI-A] [Evolution] Targeting Chain 1 Layer 0 (Imp: 2.221e-03)...
    [GAI-A] -> Mutating: SIN ===> GAUSSIAN
  [GAI-A] [Result] 'GAUSSIAN' REJECTED. Score: -0.0982 (Delta: 0.0000)
  [GAI-A] Instant Retry: Triggering evolution again...
[GAI-A] Restoring Best Ever State (Score: -0.0972)
[GAI-A] Epoch 0: Val Loss 0.76186 | Temp 0.5000
[GAI-A] Epoch 500: Val Loss 0.15609 | Temp 0.4583
[GAI-A] Epoch 1000: Val Loss 0.14479 | Temp 0.4167
[GAI-A] Epoch 1500: Val Loss 0.14160 | Temp 0.3750
[GAI-A] Epoch 2000: Val Loss 0.14012 | Temp 0.3333
[GAI-A] Epoch 2500: Val Loss 0.13941 | Temp 0.2917

[GAI-A] --- Stagnation at Score -0.1393 ---
  [GAI-A] [Evolution] Targeting Chain 1 Layer 0 (Imp: 2.126e-04)...
    [GAI-A] -> Mutating: GAUSSIAN ===> TANH
  [GAI-A] [Result] 'TANH' REJECTED. Score: -0.1393 (Delta: 0.0000)
  [GAI-A] Instant Retry: Triggering evolution again...

[GAI-A] --- Stagnation at Score -0.1391 ---
  [GAI-A] [Evolution] Targeting Chain 1 Layer 0 (Imp: 2.088e-04)...
    [GAI-A] -> Mutating: GAUSSIAN ===> IDENTITY
  [GAI-A] [Result] 'IDENTITY' REJECTED. Score: -0.1392 (Delta: 0.0000)
  [GAI-A] Instant Retry: Triggering evolution again...
[GAI-A] Epoch 3000: Val Loss 0.13918 | Temp 0.2500

[GAI-A] --- Stagnation at Score -0.1391 ---
  [GAI-A] [Evolution] Targeting Chain 1 Layer 0 (Imp: 2.055e-04)...
    [GAI-A] -> Mutating: GAUSSIAN ===> SIN
  [GAI-A] [Result] 'SIN' REJECTED. Score: -0.1392 (Delta: 0.0000)
  [GAI-A] Instant Retry: Triggering evolution again...

[GAI-A] --- Stagnation at Score -0.1389 ---
  [GAI-A] [Evolution] Targeting Chain 1 Layer 0 (Imp: 2.029e-04)...
    [GAI-A] -> Mutating: GAUSSIAN ===> SQUARE
  [GAI-A] [Result] 'SQUARE' ACCEPTED. Score: -0.0797 (Delta: 0.0595)

[GAI-A] --- Stagnation at Score -0.0797 ---
  [GAI-A] [Evolution] Targeting Chain 1 Layer 0 (Imp: 2.314e-04)...
    [GAI-A] -> Mutating: SQUARE ===> GAUSSIAN
[GAI-A] Epoch 3500: Val Loss 0.18048 | Temp 0.2083
  [GAI-A] [Result] 'GAUSSIAN' REJECTED. Score: -0.0804 (Delta: 0.0000)
  [GAI-A] Instant Retry: Triggering evolution again...

[GAI-A] --- Stagnation at Score -0.0797 ---
  [GAI-A] [Evolution] Targeting Chain 1 Layer 0 (Imp: 2.450e-04)...
    [GAI-A] -> Mutating: SQUARE ===> RELU
  [GAI-A] [Result] 'RELU' REJECTED. Score: -0.0803 (Delta: 0.0000)
  [GAI-A] Instant Retry: Triggering evolution again...

[GAI-A] --- Stagnation at Score -0.0797 ---
  [GAI-A] [Evolution] Targeting Chain 1 Layer 0 (Imp: 2.502e-04)...
  [GAI-A] [Evolution] Targeting Chain 0 Layer 0 (Imp: 5.341e-04)...
    [GAI-A] -> Mutating: TANH ===> SIN
[GAI-A] Epoch 4000: Val Loss 0.00000 | Temp 0.1667
  [GAI-A] [Result] 'SIN' ACCEPTED. Score: -0.0000 (Delta: 0.0803)

[GAI-A] --- Stagnation at Score -0.0000 ---
  [GAI-A] [Evolution] Targeting Chain 1 Layer 0 (Imp: 2.331e-05)...
  [GAI-A] [Evolution] Targeting Chain 0 Layer 0 (Imp: 2.353e-05)...
    [GAI-A] -> Mutating: SIN ===> SQUARE
[GAI-A] Epoch 4500: Val Loss 0.50454 | Temp 0.1250
  [GAI-A] [Result] 'SQUARE' REJECTED. Score: -0.0000 (Delta: 0.0000)
  [GAI-A] Instant Retry: Triggering evolution again...

[GAI-A] --- Stagnation at Score -0.0000 ---
  [GAI-A] [Evolution] Targeting Chain 1 Layer 0 (Imp: 1.648e-05)...
  [GAI-A] [Evolution] Targeting Chain 0 Layer 0 (Imp: 1.870e-05)...
    [GAI-A] -> Mutating: SIN ===> RELU
[GAI-A] Epoch 5000: Val Loss 0.50923 | Temp 0.0833
  [GAI-A] [Result] 'RELU' REJECTED. Score: -0.0000 (Delta: 0.0000)
  [GAI-A] Instant Retry: Triggering evolution again...

[GAI-A] --- Stagnation at Score -0.0000 ---
  [GAI-A] [Evolution] Targeting Chain 1 Layer 0 (Imp: 1.164e-05)...
  [GAI-A] [Evolution] Targeting Chain 0 Layer 0 (Imp: 1.324e-05)...
    [GAI-A] -> Mutating: SIN ===> TANH
[GAI-A] Epoch 5500: Val Loss 0.31220 | Temp 0.0417
  [GAI-A] [Result] 'TANH' REJECTED. Score: -0.0000 (Delta: 0.0000)
  [GAI-A] Instant Retry: Triggering evolution again...

[GAI-A] --- Stagnation at Score -0.0000 ---
  [GAI-A] [Evolution] Targeting Chain 1 Layer 0 (Imp: 9.804e-06)...
  [GAI-A] [Evolution] Targeting Chain 0 Layer 0 (Imp: 1.169e-05)...
    [GAI-A] -> Mutating: SIN ===> GAUSSIAN
[GAI-A] Restoring Best Ever State (Score: -0.0000)
[GAI-A] Epoch 0: Val Loss 0.73717 | Temp 0.5000
[GAI-A] Epoch 500: Val Loss 0.05421 | Temp 0.4583

[GAI-A] --- Stagnation at Score -0.0533 ---
  [GAI-A] [Evolution] Targeting Chain 0 Layer 0 (Imp: 2.866e-04)...
    [GAI-A] -> Mutating: GAUSSIAN ===> SQUARE
  [GAI-A] [Result] 'SQUARE' REJECTED. Score: -0.0535 (Delta: 0.0000)
  [GAI-A] Instant Retry: Triggering evolution again...
[GAI-A] Epoch 1000: Val Loss 0.05358 | Temp 0.4167

[GAI-A] --- Stagnation at Score -0.0533 ---
  [GAI-A] [Evolution] Targeting Chain 0 Layer 0 (Imp: 2.595e-04)...
    [GAI-A] -> Mutating: GAUSSIAN ===> TANH
  [GAI-A] [Result] 'TANH' REJECTED. Score: -0.0536 (Delta: 0.0000)
  [GAI-A] Instant Retry: Triggering evolution again...

[GAI-A] --- Stagnation at Score -0.0528 ---
  [GAI-A] [Evolution] Targeting Chain 0 Layer 0 (Imp: 2.467e-04)...
    [GAI-A] -> Mutating: GAUSSIAN ===> RELU
  [GAI-A] [Result] 'RELU' REJECTED. Score: -0.0535 (Delta: 0.0000)
  [GAI-A] Instant Retry: Triggering evolution again...

[GAI-A] --- Stagnation at Score -0.0528 ---
  [GAI-A] [Evolution] Targeting Chain 0 Layer 0 (Imp: 2.373e-04)...
    [GAI-A] -> Mutating: GAUSSIAN ===> IDENTITY
  [GAI-A] [Result] 'IDENTITY' REJECTED. Score: -0.0535 (Delta: 0.0000)
  [GAI-A] Instant Retry: Triggering evolution again...
[GAI-A] Epoch 1500: Val Loss 0.05318 | Temp 0.3750

[GAI-A] --- Stagnation at Score -0.0528 ---
  [GAI-A] [Evolution] Targeting Chain 0 Layer 0 (Imp: 2.313e-04)...
    [GAI-A] -> Mutating: GAUSSIAN ===> SIN
  [GAI-A] [Result] 'SIN' REJECTED. Score: -0.0534 (Delta: 0.0000)
  [GAI-A] Instant Retry: Triggering evolution again...

[GAI-A] --- Stagnation at Score -0.0528 ---
  [GAI-A] [Evolution] Targeting Chain 0 Layer 0 (Imp: 2.230e-04)...
  [GAI-A] [Evolution] Targeting Chain 1 Layer 0 (Imp: 7.192e-04)...
    [GAI-A] -> Mutating: GAUSSIAN ===> TANH
  [GAI-A] [Result] 'TANH' REJECTED. Score: -0.0541 (Delta: 0.0000)
  [GAI-A] Instant Retry: Triggering evolution again...
[GAI-A] Epoch 2000: Val Loss 0.05381 | Temp 0.3333

[GAI-A] --- Stagnation at Score -0.0528 ---
  [GAI-A] [Evolution] Targeting Chain 0 Layer 0 (Imp: 2.179e-04)...
  [GAI-A] [Evolution] Targeting Chain 1 Layer 0 (Imp: 7.243e-04)...
    [GAI-A] -> Mutating: GAUSSIAN ===> SQUARE
  [GAI-A] [Result] 'SQUARE' REJECTED. Score: -0.0538 (Delta: 0.0000)
  [GAI-A] Instant Retry: Triggering evolution again...

[GAI-A] --- Stagnation at Score -0.0528 ---
  [GAI-A] [Evolution] Targeting Chain 0 Layer 0 (Imp: 2.126e-04)...
  [GAI-A] [Evolution] Targeting Chain 1 Layer 0 (Imp: 7.266e-04)...
    [GAI-A] -> Mutating: GAUSSIAN ===> SIN
  [GAI-A] [Result] 'SIN' REJECTED. Score: -0.0535 (Delta: 0.0000)
  [GAI-A] Instant Retry: Triggering evolution again...
[GAI-A] Epoch 2500: Val Loss 0.05349 | Temp 0.2917

[GAI-A] --- Stagnation at Score -0.0528 ---
  [GAI-A] [Evolution] Targeting Chain 0 Layer 0 (Imp: 2.090e-04)...
  [GAI-A] [Evolution] Targeting Chain 1 Layer 0 (Imp: 7.295e-04)...
    [GAI-A] -> Mutating: GAUSSIAN ===> IDENTITY
  [GAI-A] [Result] 'IDENTITY' REJECTED. Score: -0.0535 (Delta: 0.0000)
  [GAI-A] Instant Retry: Triggering evolution again...

[GAI-A] --- Stagnation at Score -0.0526 ---
  [GAI-A] [Evolution] Targeting Chain 0 Layer 0 (Imp: 2.060e-04)...
  [GAI-A] [Evolution] Targeting Chain 1 Layer 0 (Imp: 7.309e-04)...
    [GAI-A] -> Mutating: GAUSSIAN ===> RELU
  [GAI-A] [Result] 'RELU' REJECTED. Score: -0.0534 (Delta: 0.0000)
  [GAI-A] Instant Retry: Triggering evolution again...

[GAI-A] --- Stagnation at Score -0.0526 ---
  [GAI-A] [Evolution] Targeting Chain 0 Layer 0 (Imp: 2.032e-04)...
  [GAI-A] [Evolution] Targeting Chain 1 Layer 0 (Imp: 7.321e-04)...
[GAI-A] No mutations possible or supported.
[GAI-A] No mutations left; continuing to train with the structure frozen.
[GAI-A] Epoch 3000: Val Loss 0.05341 | Temp 0.2500
[GAI-A] Epoch 3500: Val Loss 0.05349 | Temp 0.2083
[GAI-A] Epoch 4000: Val Loss 0.05356 | Temp 0.1667
[GAI-A] Epoch 4500: Val Loss 0.05358 | Temp 0.1250
[GAI-A] Epoch 5000: Val Loss 0.05358 | Temp 0.0833
[GAI-A] Epoch 5500: Val Loss 0.05358 | Temp 0.0417
[GAI-A] Restoring Best Ever State (Score: -0.0526)
[GAI-A] Epoch 0: Val Loss 1.36756 | Temp 0.5000

[GAI-A] --- Stagnation at Score -0.4031 ---
  [GAI-A] [Evolution] Targeting Chain 0 Layer 0 (Imp: 5.140e-04)...
    [GAI-A] -> Mutating: GAUSSIAN ===> SQUARE
  [GAI-A] [Result] 'SQUARE' REJECTED. Score: -0.4031 (Delta: 0.0000)
  [GAI-A] Instant Retry: Triggering evolution again...
[GAI-A] Epoch 500: Val Loss 0.40323 | Temp 0.4583

[GAI-A] --- Stagnation at Score -0.4030 ---
  [GAI-A] [Evolution] Targeting Chain 0 Layer 0 (Imp: 4.844e-04)...
    [GAI-A] -> Mutating: GAUSSIAN ===> SIN
  [GAI-A] [Result] 'SIN' ACCEPTED. Score: -0.2527 (Delta: 0.1503)

[GAI-A] --- Stagnation at Score -0.2527 ---
  [GAI-A] [Evolution] Targeting Chain 0 Layer 0 (Imp: 5.173e-04)...
    [GAI-A] -> Mutating: SIN ===> RELU
  [GAI-A] [Result] 'RELU' REJECTED. Score: -0.2527 (Delta: 0.0000)
  [GAI-A] Instant Retry: Triggering evolution again...
[GAI-A] Epoch 1000: Val Loss 0.25296 | Temp 0.4167

[GAI-A] --- Stagnation at Score -0.2527 ---
  [GAI-A] [Evolution] Targeting Chain 0 Layer 0 (Imp: 5.221e-04)...
    [GAI-A] -> Mutating: SIN ===> GAUSSIAN
  [GAI-A] [Result] 'GAUSSIAN' REJECTED. Score: -0.2527 (Delta: 0.0000)
  [GAI-A] Instant Retry: Triggering evolution again...

[GAI-A] --- Stagnation at Score -0.2519 ---
  [GAI-A] [Evolution] Targeting Chain 0 Layer 0 (Imp: 5.246e-04)...
    [GAI-A] -> Mutating: SIN ===> TANH
  [GAI-A] [Result] 'TANH' REJECTED. Score: -0.2527 (Delta: 0.0000)
  [GAI-A] Instant Retry: Triggering evolution again...
[GAI-A] Epoch 1500: Val Loss 0.25273 | Temp 0.3750

[GAI-A] --- Stagnation at Score -0.2514 ---
  [GAI-A] [Evolution] Targeting Chain 0 Layer 0 (Imp: 5.254e-04)...
    [GAI-A] -> Mutating: SIN ===> IDENTITY
  [GAI-A] [Result] 'IDENTITY' REJECTED. Score: -0.2527 (Delta: 0.0000)
  [GAI-A] Instant Retry: Triggering evolution again...

[GAI-A] --- Stagnation at Score -0.2512 ---
  [GAI-A] [Evolution] Targeting Chain 0 Layer 0 (Imp: 5.260e-04)...
  [GAI-A] [Evolution] Targeting Chain 1 Layer 0 (Imp: 5.533e-04)...
    [GAI-A] -> Mutating: SIN ===> RELU
  [GAI-A] [Result] 'RELU' ACCEPTED. Score: -0.0950 (Delta: 0.1577)
[GAI-A] Epoch 2000: Val Loss 0.09570 | Temp 0.3333

[GAI-A] --- Stagnation at Score -0.0950 ---
  [GAI-A] [Evolution] Targeting Chain 1 Layer 0 (Imp: 4.792e-08)...
    [GAI-A] -> Mutating: RELU ===> SQUARE
  [GAI-A] [Result] 'SQUARE' REJECTED. Score: -0.0957 (Delta: 0.0000)
  [GAI-A] Instant Retry: Triggering evolution again...

[GAI-A] --- Stagnation at Score -0.0950 ---
  [GAI-A] [Evolution] Targeting Chain 1 Layer 0 (Imp: 2.807e-08)...
    [GAI-A] -> Mutating: RELU ===> SIN
  [GAI-A] [Result] 'SIN' ACCEPTED. Score: -0.0947 (Delta: 0.0010)

[GAI-A] --- Stagnation at Score -0.0947 ---
  [GAI-A] [Evolution] Targeting Chain 1 Layer 0 (Imp: 9.235e-06)...
    [GAI-A] -> Mutating: SIN ===> TANH
  [GAI-A] [Result] 'TANH' ACCEPTED. Score: -0.0949 (Delta: 0.0004)
[GAI-A] Epoch 2500: Val Loss 0.09523 | Temp 0.2917

[GAI-A] --- Stagnation at Score -0.0947 ---
  [GAI-A] [Evolution] Targeting Chain 1 Layer 0 (Imp: 9.950e-06)...
    [GAI-A] -> Mutating: TANH ===> IDENTITY
  [GAI-A] [Result] 'IDENTITY' ACCEPTED. Score: -0.0947 (Delta: 0.0005)

[GAI-A] --- Stagnation at Score -0.0947 ---
  [GAI-A] [Evolution] Targeting Chain 1 Layer 0 (Imp: 9.462e-06)...
    [GAI-A] -> Mutating: IDENTITY ===> GAUSSIAN
  [GAI-A] [Result] 'GAUSSIAN' REJECTED. Score: -0.0952 (Delta: 0.0000)
  [GAI-A] Instant Retry: Triggering evolution again...

[GAI-A] --- Stagnation at Score -0.0947 ---
  [GAI-A] [Evolution] Targeting Chain 1 Layer 0 (Imp: 7.872e-05)...
    [GAI-A] -> Mutating: IDENTITY ===> TANH
  [GAI-A] [Result] 'TANH' REJECTED. Score: -0.0957 (Delta: 0.0000)
  [GAI-A] Instant Retry: Triggering evolution again...
[GAI-A] Epoch 3000: Val Loss 0.09570 | Temp 0.2500

[GAI-A] --- Stagnation at Score -0.0947 ---
  [GAI-A] [Evolution] Targeting Chain 1 Layer 0 (Imp: 1.074e-04)...
    [GAI-A] -> Mutating: IDENTITY ===> RELU
  [GAI-A] [Result] 'RELU' REJECTED. Score: -0.0957 (Delta: 0.0000)
  [GAI-A] Instant Retry: Triggering evolution again...

[GAI-A] --- Stagnation at Score -0.0947 ---
  [GAI-A] [Evolution] Targeting Chain 1 Layer 0 (Imp: 1.130e-04)...
    [GAI-A] -> Mutating: IDENTITY ===> SIN
  [GAI-A] [Result] 'SIN' ACCEPTED. Score: -0.0949 (Delta: 0.0007)

[GAI-A] --- Stagnation at Score -0.0947 ---
  [GAI-A] [Evolution] Targeting Chain 1 Layer 0 (Imp: 1.135e-04)...
    [GAI-A] -> Mutating: SIN ===> IDENTITY
[GAI-A] Epoch 3500: Val Loss 0.09651 | Temp 0.2083
  [GAI-A] [Result] 'IDENTITY' REJECTED. Score: -0.0955 (Delta: 0.0000)
  [GAI-A] Instant Retry: Triggering evolution again...

[GAI-A] --- Stagnation at Score -0.0947 ---
  [GAI-A] [Evolution] Targeting Chain 1 Layer 0 (Imp: 1.067e-04)...
  [GAI-A] [Evolution] Targeting Chain 0 Layer 0 (Imp: 7.389e-04)...
[GAI-A] No mutations possible or supported.
[GAI-A] No mutations left; continuing to train with the structure frozen.
[GAI-A] Epoch 4000: Val Loss 0.09542 | Temp 0.1667
[GAI-A] Epoch 4500: Val Loss 0.09537 | Temp 0.1250
[GAI-A] Epoch 5000: Val Loss 0.09533 | Temp 0.0833
[GAI-A] Epoch 5500: Val Loss 0.09531 | Temp 0.0417
[GAI-A] Restoring Best Ever State (Score: -0.0947)
[GAI-A] Epoch 0: Val Loss 1.82050 | Temp 0.5000
[GAI-A] Epoch 500: Val Loss 0.00062 | Temp 0.4583
[GAI-A] Epoch 1000: Val Loss 0.00024 | Temp 0.4167

[GAI-A] --- Stagnation at Score -0.0002 ---
  [GAI-A] [Evolution] Targeting Chain 1 Layer 0 (Imp: 1.997e-04)...
    [GAI-A] -> Mutating: SIN ===> RELU
  [GAI-A] [Result] 'RELU' REJECTED. Score: -0.0002 (Delta: 0.0000)
  [GAI-A] Instant Retry: Triggering evolution again...

[GAI-A] --- Stagnation at Score -0.0002 ---
  [GAI-A] [Evolution] Targeting Chain 1 Layer 0 (Imp: 1.658e-04)...
    [GAI-A] -> Mutating: SIN ===> SQUARE
  [GAI-A] [Result] 'SQUARE' REJECTED. Score: -0.0002 (Delta: 0.0000)
  [GAI-A] Instant Retry: Triggering evolution again...
[GAI-A] Epoch 1500: Val Loss 0.00025 | Temp 0.3750

[GAI-A] --- Stagnation at Score -0.0002 ---
  [GAI-A] [Evolution] Targeting Chain 1 Layer 0 (Imp: 1.345e-04)...
    [GAI-A] -> Mutating: SIN ===> TANH
  [GAI-A] [Result] 'TANH' REJECTED. Score: -0.0002 (Delta: 0.0000)
  [GAI-A] Instant Retry: Triggering evolution again...
[GAI-A] Epoch 2000: Val Loss 0.00024 | Temp 0.3333

[GAI-A] --- Stagnation at Score -0.0002 ---
  [GAI-A] [Evolution] Targeting Chain 1 Layer 0 (Imp: 1.204e-04)...
    [GAI-A] -> Mutating: SIN ===> GAUSSIAN
  [GAI-A] [Result] 'GAUSSIAN' REJECTED. Score: -0.0002 (Delta: 0.0000)
  [GAI-A] Instant Retry: Triggering evolution again...

[GAI-A] --- Stagnation at Score -0.0002 ---
  [GAI-A] [Evolution] Targeting Chain 1 Layer 0 (Imp: 1.102e-04)...
    [GAI-A] -> Mutating: SIN ===> IDENTITY
  [GAI-A] [Result] 'IDENTITY' REJECTED. Score: -0.0002 (Delta: 0.0000)
  [GAI-A] Instant Retry: Triggering evolution again...
[GAI-A] Epoch 2500: Val Loss 0.00024 | Temp 0.2917

[GAI-A] --- Stagnation at Score -0.0002 ---
  [GAI-A] [Evolution] Targeting Chain 1 Layer 0 (Imp: 1.018e-04)...
  [GAI-A] [Evolution] Targeting Chain 0 Layer 0 (Imp: 1.094e-04)...
    [GAI-A] -> Mutating: SIN ===> IDENTITY
  [GAI-A] [Result] 'IDENTITY' REJECTED. Score: -0.0002 (Delta: 0.0000)
  [GAI-A] Instant Retry: Triggering evolution again...

[GAI-A] --- Stagnation at Score -0.0002 ---
  [GAI-A] [Evolution] Targeting Chain 1 Layer 0 (Imp: 9.584e-05)...
  [GAI-A] [Evolution] Targeting Chain 0 Layer 0 (Imp: 1.032e-04)...
    [GAI-A] -> Mutating: SIN ===> RELU
  [GAI-A] [Result] 'RELU' REJECTED. Score: -0.0002 (Delta: 0.0000)
  [GAI-A] Instant Retry: Triggering evolution again...
[GAI-A] Epoch 3000: Val Loss 0.00024 | Temp 0.2500

[GAI-A] --- Stagnation at Score -0.0002 ---
  [GAI-A] [Evolution] Targeting Chain 1 Layer 0 (Imp: 9.202e-05)...
  [GAI-A] [Evolution] Targeting Chain 0 Layer 0 (Imp: 9.920e-05)...
    [GAI-A] -> Mutating: SIN ===> TANH
  [GAI-A] [Result] 'TANH' REJECTED. Score: -0.0002 (Delta: 0.0000)
  [GAI-A] Instant Retry: Triggering evolution again...

[GAI-A] --- Stagnation at Score -0.0002 ---
  [GAI-A] [Evolution] Targeting Chain 1 Layer 0 (Imp: 8.793e-05)...
  [GAI-A] [Evolution] Targeting Chain 0 Layer 0 (Imp: 9.468e-05)...
    [GAI-A] -> Mutating: SIN ===> GAUSSIAN
  [GAI-A] [Result] 'GAUSSIAN' REJECTED. Score: -0.0002 (Delta: 0.0000)
  [GAI-A] Instant Retry: Triggering evolution again...
[GAI-A] Epoch 3500: Val Loss 0.00026 | Temp 0.2083

[GAI-A] --- Stagnation at Score -0.0002 ---
  [GAI-A] [Evolution] Targeting Chain 1 Layer 0 (Imp: 8.158e-05)...
  [GAI-A] [Evolution] Targeting Chain 0 Layer 0 (Imp: 8.812e-05)...
    [GAI-A] -> Mutating: SIN ===> SQUARE
  [GAI-A] [Result] 'SQUARE' REJECTED. Score: -0.0002 (Delta: 0.0000)
  [GAI-A] Instant Retry: Triggering evolution again...
[GAI-A] Epoch 4000: Val Loss 0.00024 | Temp 0.1667

[GAI-A] --- Stagnation at Score -0.0002 ---
  [GAI-A] [Evolution] Targeting Chain 1 Layer 0 (Imp: 7.883e-05)...
  [GAI-A] [Evolution] Targeting Chain 0 Layer 0 (Imp: 8.514e-05)...
[GAI-A] No mutations possible or supported.
[GAI-A] No mutations left; continuing to train with the structure frozen.
[GAI-A] Epoch 4500: Val Loss 0.00024 | Temp 0.1250
[GAI-A] Epoch 5000: Val Loss 0.00024 | Temp 0.0833
[GAI-A] Epoch 5500: Val Loss 0.00024 | Temp 0.0417
[GAI-A] Restoring Best Ever State (Score: -0.0002)
[GAI-A] Epoch 0: Val Loss 0.91398 | Temp 0.5000
[GAI-A] Epoch 500: Val Loss 0.27013 | Temp 0.4583
[GAI-A] Epoch 1000: Val Loss 0.21862 | Temp 0.4167
[GAI-A] Epoch 1500: Val Loss 0.13447 | Temp 0.3750

[GAI-A] --- Stagnation at Score -0.1344 ---
  [GAI-A] [Evolution] Targeting Chain 0 Layer 0 (Imp: 9.685e-04)...
    [GAI-A] -> Mutating: TANH ===> GAUSSIAN
  [GAI-A] [Result] 'GAUSSIAN' REJECTED. Score: -0.1344 (Delta: 0.0000)
  [GAI-A] Instant Retry: Triggering evolution again...
[GAI-A] Epoch 2000: Val Loss 0.13430 | Temp 0.3333

[GAI-A] --- Stagnation at Score -0.1343 ---
  [GAI-A] [Evolution] Targeting Chain 0 Layer 0 (Imp: 1.217e-03)...
    [GAI-A] -> Mutating: TANH ===> RELU
  [GAI-A] [Result] 'RELU' REJECTED. Score: -0.1343 (Delta: 0.0000)
  [GAI-A] Instant Retry: Triggering evolution again...

[GAI-A] --- Stagnation at Score -0.1341 ---
  [GAI-A] [Evolution] Targeting Chain 0 Layer 0 (Imp: 1.282e-03)...
    [GAI-A] -> Mutating: TANH ===> SIN
  [GAI-A] [Result] 'SIN' REJECTED. Score: -0.1351 (Delta: 0.0000)
  [GAI-A] Instant Retry: Triggering evolution again...

[GAI-A] --- Stagnation at Score -0.1341 ---
  [GAI-A] [Evolution] Targeting Chain 1 Layer 0 (Imp: 1.324e-03)...
    [GAI-A] -> Mutating: RELU ===> SIN
  [GAI-A] [Result] 'SIN' REJECTED. Score: -0.1367 (Delta: 0.0000)
  [GAI-A] Instant Retry: Triggering evolution again...
[GAI-A] Epoch 2500: Val Loss 0.14348 | Temp 0.2917

[GAI-A] --- Stagnation at Score -0.1341 ---
  [GAI-A] [Evolution] Targeting Chain 1 Layer 0 (Imp: 1.314e-03)...
    [GAI-A] -> Mutating: RELU ===> SQUARE
  [GAI-A] [Result] 'SQUARE' REJECTED. Score: -0.1402 (Delta: 0.0000)
  [GAI-A] Instant Retry: Triggering evolution again...
[GAI-A] Epoch 3000: Val Loss 0.13750 | Temp 0.2500
[GAI-A] Epoch 3500: Val Loss 0.13473 | Temp 0.2083

[GAI-A] --- Stagnation at Score -0.1341 ---
  [GAI-A] [Evolution] Targeting Chain 1 Layer 0 (Imp: 1.278e-03)...
    [GAI-A] -> Mutating: RELU ===> TANH
  [GAI-A] [Result] 'TANH' REJECTED. Score: -0.1341 (Delta: 0.0000)
  [GAI-A] Instant Retry: Triggering evolution again...
[GAI-A] Epoch 4000: Val Loss 0.13496 | Temp 0.1667

[GAI-A] --- Stagnation at Score -0.1336 ---
  [GAI-A] [Evolution] Targeting Chain 1 Layer 0 (Imp: 1.277e-03)...
    [GAI-A] -> Mutating: RELU ===> GAUSSIAN
  [GAI-A] [Result] 'GAUSSIAN' REJECTED. Score: -0.1340 (Delta: 0.0000)
  [GAI-A] Instant Retry: Triggering evolution again...

[GAI-A] --- Stagnation at Score -0.1336 ---
  [GAI-A] [Evolution] Targeting Chain 1 Layer 0 (Imp: 1.275e-03)...
    [GAI-A] -> Mutating: RELU ===> IDENTITY
  [GAI-A] [Result] 'IDENTITY' REJECTED. Score: -0.1351 (Delta: 0.0000)
  [GAI-A] Instant Retry: Triggering evolution again...
[GAI-A] Epoch 4500: Val Loss 0.13424 | Temp 0.1250

[GAI-A] --- Stagnation at Score -0.1336 ---
  [GAI-A] [Evolution] Targeting Chain 1 Layer 0 (Imp: 1.272e-03)...
  [GAI-A] [Evolution] Targeting Chain 0 Layer 0 (Imp: 1.759e-03)...
    [GAI-A] -> Mutating: TANH ===> SQUARE
  [GAI-A] [Result] 'SQUARE' REJECTED. Score: -0.1343 (Delta: 0.0000)
  [GAI-A] Instant Retry: Triggering evolution again...

[GAI-A] --- Stagnation at Score -0.1336 ---
  [GAI-A] [Evolution] Targeting Chain 1 Layer 0 (Imp: 1.269e-03)...
  [GAI-A] [Evolution] Targeting Chain 0 Layer 0 (Imp: 1.774e-03)...
    [GAI-A] -> Mutating: TANH ===> IDENTITY
  [GAI-A] [Result] 'IDENTITY' REJECTED. Score: -0.1387 (Delta: 0.0000)
  [GAI-A] Instant Retry: Triggering evolution again...
[GAI-A] Epoch 5000: Val Loss 0.13620 | Temp 0.0833
[GAI-A] Epoch 5500: Val Loss 0.13462 | Temp 0.0417

[GAI-A] --- Stagnation at Score -0.1336 ---
  [GAI-A] [Evolution] Targeting Chain 1 Layer 0 (Imp: 1.260e-03)...
  [GAI-A] [Evolution] Targeting Chain 0 Layer 0 (Imp: 1.854e-03)...
[GAI-A] No mutations possible or supported.
[GAI-A] No mutations left; continuing to train with the structure frozen.
[GAI-A] Restoring Best Ever State (Score: -0.1336)
[GAI-A] Epoch 0: Val Loss 0.84782 | Temp 0.5000
[GAI-A] Epoch 500: Val Loss 0.18186 | Temp 0.4583
[GAI-A] Epoch 1000: Val Loss 0.13558 | Temp 0.4167
[GAI-A] Epoch 1500: Val Loss 0.12624 | Temp 0.3750
[GAI-A] Epoch 2000: Val Loss 0.12308 | Temp 0.3333
[GAI-A] Epoch 2500: Val Loss 0.12163 | Temp 0.2917
[GAI-A] Epoch 3000: Val Loss 0.12097 | Temp 0.2500

[GAI-A] --- Stagnation at Score -0.1208 ---
  [GAI-A] [Evolution] Targeting Chain 0 Layer 0 (Imp: 1.544e-04)...
    [GAI-A] -> Mutating: RELU ===> IDENTITY
  [GAI-A] [Result] 'IDENTITY' REJECTED. Score: -0.1208 (Delta: 0.0000)
  [GAI-A] Instant Retry: Triggering evolution again...

[GAI-A] --- Stagnation at Score -0.1207 ---
  [GAI-A] [Evolution] Targeting Chain 0 Layer 0 (Imp: 1.515e-04)...
    [GAI-A] -> Mutating: RELU ===> GAUSSIAN
[GAI-A] Epoch 3500: Val Loss 0.18825 | Temp 0.2083
  [GAI-A] [Result] 'GAUSSIAN' REJECTED. Score: -0.1207 (Delta: 0.0000)
  [GAI-A] Instant Retry: Triggering evolution again...

[GAI-A] --- Stagnation at Score -0.1202 ---
  [GAI-A] [Evolution] Targeting Chain 0 Layer 0 (Imp: 1.491e-04)...
    [GAI-A] -> Mutating: RELU ===> TANH
  [GAI-A] [Result] 'TANH' REJECTED. Score: -0.1205 (Delta: 0.0000)
  [GAI-A] Instant Retry: Triggering evolution again...

[GAI-A] --- Stagnation at Score -0.1202 ---
  [GAI-A] [Evolution] Targeting Chain 0 Layer 0 (Imp: 1.468e-04)...
    [GAI-A] -> Mutating: RELU ===> SIN
  [GAI-A] [Result] 'SIN' REJECTED. Score: -0.1205 (Delta: 0.0000)
  [GAI-A] Instant Retry: Triggering evolution again...
[GAI-A] Epoch 4000: Val Loss 0.12033 | Temp 0.1667

[GAI-A] --- Stagnation at Score -0.1200 ---
  [GAI-A] [Evolution] Targeting Chain 0 Layer 0 (Imp: 1.447e-04)...
    [GAI-A] -> Mutating: RELU ===> SQUARE
  [GAI-A] [Result] 'SQUARE' REJECTED. Score: -0.1203 (Delta: 0.0000)
  [GAI-A] Instant Retry: Triggering evolution again...

[GAI-A] --- Stagnation at Score -0.1200 ---
  [GAI-A] [Evolution] Targeting Chain 0 Layer 0 (Imp: 1.431e-04)...
  [GAI-A] [Evolution] Targeting Chain 1 Layer 0 (Imp: 7.470e-04)...
    [GAI-A] -> Mutating: TANH ===> IDENTITY
  [GAI-A] [Result] 'IDENTITY' REJECTED. Score: -0.1206 (Delta: 0.0000)
  [GAI-A] Instant Retry: Triggering evolution again...

[GAI-A] --- Stagnation at Score -0.1200 ---
  [GAI-A] [Evolution] Targeting Chain 0 Layer 0 (Imp: 1.415e-04)...
  [GAI-A] [Evolution] Targeting Chain 1 Layer 0 (Imp: 7.459e-04)...
    [GAI-A] -> Mutating: TANH ===> GAUSSIAN
[GAI-A] Epoch 4500: Val Loss 0.62499 | Temp 0.1250
  [GAI-A] [Result] 'GAUSSIAN' REJECTED. Score: -0.1204 (Delta: 0.0000)
  [GAI-A] Instant Retry: Triggering evolution again...

[GAI-A] --- Stagnation at Score -0.1200 ---
  [GAI-A] [Evolution] Targeting Chain 0 Layer 0 (Imp: 1.397e-04)...
  [GAI-A] [Evolution] Targeting Chain 1 Layer 0 (Imp: 7.451e-04)...
    [GAI-A] -> Mutating: TANH ===> RELU
  [GAI-A] [Result] 'RELU' REJECTED. Score: -0.1201 (Delta: 0.0000)
  [GAI-A] Instant Retry: Triggering evolution again...

[GAI-A] --- Stagnation at Score -0.1180 ---
  [GAI-A] [Evolution] Targeting Chain 0 Layer 0 (Imp: 1.383e-04)...
  [GAI-A] [Evolution] Targeting Chain 1 Layer 0 (Imp: 7.442e-04)...
    [GAI-A] -> Mutating: TANH ===> SIN
[GAI-A] Epoch 5000: Val Loss 0.05366 | Temp 0.0833
  [GAI-A] [Result] 'SIN' ACCEPTED. Score: -0.0532 (Delta: 0.0667)

[GAI-A] --- Stagnation at Score -0.0531 ---
  [GAI-A] [Evolution] Targeting Chain 0 Layer 0 (Imp: 2.694e-05)...
  [GAI-A] [Evolution] Targeting Chain 1 Layer 0 (Imp: 4.534e-04)...
    [GAI-A] -> Mutating: SIN ===> TANH
  [GAI-A] [Result] 'TANH' REJECTED. Score: -0.0533 (Delta: 0.0000)
  [GAI-A] Instant Retry: Triggering evolution again...

[GAI-A] --- Stagnation at Score -0.0531 ---
  [GAI-A] [Evolution] Targeting Chain 0 Layer 0 (Imp: 1.786e-05)...
  [GAI-A] [Evolution] Targeting Chain 1 Layer 0 (Imp: 4.474e-04)...
    [GAI-A] -> Mutating: SIN ===> SQUARE
  [GAI-A] [Result] 'SQUARE' REJECTED. Score: -0.0533 (Delta: 0.0000)
  [GAI-A] Instant Retry: Triggering evolution again...
[GAI-A] Epoch 5500: Val Loss 0.05330 | Temp 0.0417

[GAI-A] --- Stagnation at Score -0.0531 ---
  [GAI-A] [Evolution] Targeting Chain 0 Layer 0 (Imp: 1.469e-05)...
  [GAI-A] [Evolution] Targeting Chain 1 Layer 0 (Imp: 4.439e-04)...
[GAI-A] No mutations possible or supported.
[GAI-A] No mutations left; continuing to train with the structure frozen.
[GAI-A] Restoring Best Ever State (Score: -0.0531)
[GAI-A] Epoch 0: Val Loss 2.54117 | Temp 0.5000
[GAI-A] Epoch 500: Val Loss 0.14322 | Temp 0.4583
[GAI-A] Epoch 1000: Val Loss 0.05717 | Temp 0.4167
[GAI-A] Epoch 1500: Val Loss 0.05145 | Temp 0.3750

[GAI-A] --- Stagnation at Score -0.0514 ---
  [GAI-A] [Evolution] Targeting Chain 1 Layer 0 (Imp: 3.241e-04)...
    [GAI-A] -> Mutating: GAUSSIAN ===> SIN
  [GAI-A] [Result] 'SIN' REJECTED. Score: -0.0515 (Delta: 0.0000)
  [GAI-A] Instant Retry: Triggering evolution again...

[GAI-A] --- Stagnation at Score -0.0510 ---
  [GAI-A] [Evolution] Targeting Chain 1 Layer 0 (Imp: 3.085e-04)...
    [GAI-A] -> Mutating: GAUSSIAN ===> TANH
  [GAI-A] [Result] 'TANH' REJECTED. Score: -0.0514 (Delta: 0.0000)
  [GAI-A] Instant Retry: Triggering evolution again...

[GAI-A] --- Stagnation at Score -0.0505 ---
  [GAI-A] [Evolution] Targeting Chain 1 Layer 0 (Imp: 2.968e-04)...
    [GAI-A] -> Mutating: GAUSSIAN ===> RELU
  [GAI-A] [Result] 'RELU' REJECTED. Score: -0.0514 (Delta: 0.0000)
  [GAI-A] Instant Retry: Triggering evolution again...
[GAI-A] Epoch 2000: Val Loss 0.05150 | Temp 0.3333

[GAI-A] --- Stagnation at Score -0.0505 ---
  [GAI-A] [Evolution] Targeting Chain 1 Layer 0 (Imp: 2.883e-04)...
    [GAI-A] -> Mutating: GAUSSIAN ===> SQUARE
  [GAI-A] [Result] 'SQUARE' REJECTED. Score: -0.0515 (Delta: 0.0000)
  [GAI-A] Instant Retry: Triggering evolution again...

[GAI-A] --- Stagnation at Score -0.0504 ---
  [GAI-A] [Evolution] Targeting Chain 1 Layer 0 (Imp: 2.795e-04)...
    [GAI-A] -> Mutating: GAUSSIAN ===> IDENTITY
  [GAI-A] [Result] 'IDENTITY' REJECTED. Score: -0.0515 (Delta: 0.0000)
  [GAI-A] Instant Retry: Triggering evolution again...
[GAI-A] Epoch 2500: Val Loss 0.05147 | Temp 0.2917

[GAI-A] --- Stagnation at Score -0.0504 ---
  [GAI-A] [Evolution] Targeting Chain 1 Layer 0 (Imp: 2.715e-04)...
  [GAI-A] [Evolution] Targeting Chain 0 Layer 0 (Imp: 7.368e-04)...
    [GAI-A] -> Mutating: SIN ===> IDENTITY
  [GAI-A] [Result] 'IDENTITY' REJECTED. Score: -0.0515 (Delta: 0.0000)
  [GAI-A] Instant Retry: Triggering evolution again...

[GAI-A] --- Stagnation at Score -0.0504 ---
  [GAI-A] [Evolution] Targeting Chain 1 Layer 0 (Imp: 2.658e-04)...
  [GAI-A] [Evolution] Targeting Chain 0 Layer 0 (Imp: 7.419e-04)...
    [GAI-A] -> Mutating: SIN ===> TANH
  [GAI-A] [Result] 'TANH' REJECTED. Score: -0.0517 (Delta: 0.0000)
  [GAI-A] Instant Retry: Triggering evolution again...

[GAI-A] --- Stagnation at Score -0.0504 ---
  [GAI-A] [Evolution] Targeting Chain 1 Layer 0 (Imp: 2.596e-04)...
  [GAI-A] [Evolution] Targeting Chain 0 Layer 0 (Imp: 7.446e-04)...
    [GAI-A] -> Mutating: SIN ===> GAUSSIAN
[GAI-A] Epoch 3000: Val Loss 0.15690 | Temp 0.2500
  [GAI-A] [Result] 'GAUSSIAN' REJECTED. Score: -0.0517 (Delta: 0.0000)
  [GAI-A] Instant Retry: Triggering evolution again...

[GAI-A] --- Stagnation at Score -0.0504 ---
  [GAI-A] [Evolution] Targeting Chain 1 Layer 0 (Imp: 2.548e-04)...
  [GAI-A] [Evolution] Targeting Chain 0 Layer 0 (Imp: 7.455e-04)...
    [GAI-A] -> Mutating: SIN ===> SQUARE
  [GAI-A] [Result] 'SQUARE' REJECTED. Score: -0.0518 (Delta: 0.0000)
  [GAI-A] Instant Retry: Triggering evolution again...
[GAI-A] Epoch 3500: Val Loss 0.05152 | Temp 0.2083

[GAI-A] --- Stagnation at Score -0.0504 ---
  [GAI-A] [Evolution] Targeting Chain 1 Layer 0 (Imp: 2.437e-04)...
  [GAI-A] [Evolution] Targeting Chain 0 Layer 0 (Imp: 7.453e-04)...
    [GAI-A] -> Mutating: SIN ===> RELU
  [GAI-A] [Result] 'RELU' REJECTED. Score: -0.0515 (Delta: 0.0000)
  [GAI-A] Instant Retry: Triggering evolution again...

[GAI-A] --- Stagnation at Score -0.0504 ---
  [GAI-A] [Evolution] Targeting Chain 1 Layer 0 (Imp: 2.397e-04)...
  [GAI-A] [Evolution] Targeting Chain 0 Layer 0 (Imp: 7.467e-04)...
[GAI-A] No mutations possible or supported.
[GAI-A] No mutations left; continuing to train with the structure frozen.
[GAI-A] Epoch 4000: Val Loss 0.05160 | Temp 0.1667
[GAI-A] Epoch 4500: Val Loss 0.05176 | Temp 0.1250
[GAI-A] Epoch 5000: Val Loss 0.05180 | Temp 0.0833
[GAI-A] Epoch 5500: Val Loss 0.05181 | Temp 0.0417
[GAI-A] Restoring Best Ever State (Score: -0.0504)
[GAI-A] Epoch 0: Val Loss 2.22078 | Temp 0.5000

[GAI-A] --- Stagnation at Score -0.5349 ---
  [GAI-A] [Evolution] Targeting Chain 0 Layer 0 (Imp: 6.054e-04)...
    [GAI-A] -> Mutating: GAUSSIAN ===> TANH
[GAI-A] Epoch 500: Val Loss 0.11216 | Temp 0.4583
[GAI-A] Epoch 1000: Val Loss 0.08937 | Temp 0.4167
[GAI-A] Epoch 1500: Val Loss 0.08484 | Temp 0.3750
  [GAI-A] [Result] 'TANH' ACCEPTED. Score: -0.0839 (Delta: 0.4629)
[GAI-A] Epoch 2000: Val Loss 0.08324 | Temp 0.3333
[GAI-A] Epoch 2500: Val Loss 0.08256 | Temp 0.2917

[GAI-A] --- Stagnation at Score -0.0823 ---
  [GAI-A] [Evolution] Targeting Chain 1 Layer 0 (Imp: 3.178e-04)...
    [GAI-A] -> Mutating: SIN ===> SQUARE
  [GAI-A] [Result] 'SQUARE' REJECTED. Score: -0.0823 (Delta: 0.0000)
  [GAI-A] Instant Retry: Triggering evolution again...
[GAI-A] Epoch 3000: Val Loss 0.08340 | Temp 0.2500

[GAI-A] --- Stagnation at Score -0.0821 ---
  [GAI-A] [Evolution] Targeting Chain 1 Layer 0 (Imp: 3.149e-04)...
    [GAI-A] -> Mutating: SIN ===> RELU
  [GAI-A] [Result] 'RELU' REJECTED. Score: -0.0821 (Delta: 0.0000)
  [GAI-A] Instant Retry: Triggering evolution again...

[GAI-A] --- Stagnation at Score -0.0818 ---
  [GAI-A] [Evolution] Targeting Chain 1 Layer 0 (Imp: 3.138e-04)...
    [GAI-A] -> Mutating: SIN ===> IDENTITY
[GAI-A] Epoch 3500: Val Loss 0.16952 | Temp 0.2083
  [GAI-A] [Result] 'IDENTITY' REJECTED. Score: -0.0821 (Delta: 0.0000)
  [GAI-A] Instant Retry: Triggering evolution again...

[GAI-A] --- Stagnation at Score -0.0818 ---
  [GAI-A] [Evolution] Targeting Chain 1 Layer 0 (Imp: 3.123e-04)...
    [GAI-A] -> Mutating: SIN ===> TANH
  [GAI-A] [Result] 'TANH' REJECTED. Score: -0.0821 (Delta: 0.0000)
  [GAI-A] Instant Retry: Triggering evolution again...

[GAI-A] --- Stagnation at Score -0.0818 ---
  [GAI-A] [Evolution] Targeting Chain 1 Layer 0 (Imp: 3.112e-04)...
    [GAI-A] -> Mutating: SIN ===> GAUSSIAN
[GAI-A] Epoch 4000: Val Loss 0.20799 | Temp 0.1667
  [GAI-A] [Result] 'GAUSSIAN' REJECTED. Score: -0.0820 (Delta: 0.0000)
  [GAI-A] Instant Retry: Triggering evolution again...

[GAI-A] --- Stagnation at Score -0.0815 ---
  [GAI-A] [Evolution] Targeting Chain 1 Layer 0 (Imp: 3.103e-04)...
  [GAI-A] [Evolution] Targeting Chain 0 Layer 0 (Imp: 5.316e-04)...
    [GAI-A] -> Mutating: TANH ===> SQUARE
  [GAI-A] [Result] 'SQUARE' REJECTED. Score: -0.0820 (Delta: 0.0000)
  [GAI-A] Instant Retry: Triggering evolution again...

[GAI-A] --- Stagnation at Score -0.0815 ---
  [GAI-A] [Evolution] Targeting Chain 1 Layer 0 (Imp: 3.092e-04)...
  [GAI-A] [Evolution] Targeting Chain 0 Layer 0 (Imp: 5.312e-04)...
    [GAI-A] -> Mutating: TANH ===> RELU
  [GAI-A] [Result] 'RELU' REJECTED. Score: -0.0819 (Delta: 0.0000)
  [GAI-A] Instant Retry: Triggering evolution again...
[GAI-A] Epoch 4500: Val Loss 0.08379 | Temp 0.1250

[GAI-A] --- Stagnation at Score -0.0815 ---
  [GAI-A] [Evolution] Targeting Chain 1 Layer 0 (Imp: 3.084e-04)...
  [GAI-A] [Evolution] Targeting Chain 0 Layer 0 (Imp: 5.309e-04)...
    [GAI-A] -> Mutating: TANH ===> GAUSSIAN
  [GAI-A] [Result] 'GAUSSIAN' REJECTED. Score: -0.0818 (Delta: 0.0000)
  [GAI-A] Instant Retry: Triggering evolution again...

[GAI-A] --- Stagnation at Score -0.0812 ---
  [GAI-A] [Evolution] Targeting Chain 1 Layer 0 (Imp: 3.078e-04)...
  [GAI-A] [Evolution] Targeting Chain 0 Layer 0 (Imp: 5.308e-04)...
    [GAI-A] -> Mutating: TANH ===> IDENTITY
  [GAI-A] [Result] 'IDENTITY' REJECTED. Score: -0.0817 (Delta: 0.0000)
  [GAI-A] Instant Retry: Triggering evolution again...
[GAI-A] Epoch 5000: Val Loss 0.08190 | Temp 0.0833

[GAI-A] --- Stagnation at Score -0.0812 ---
  [GAI-A] [Evolution] Targeting Chain 1 Layer 0 (Imp: 3.072e-04)...
  [GAI-A] [Evolution] Targeting Chain 0 Layer 0 (Imp: 5.306e-04)...
    [GAI-A] -> Mutating: TANH ===> SIN
  [GAI-A] [Result] 'SIN' ACCEPTED. Score: -0.0002 (Delta: 0.0815)

[GAI-A] --- Stagnation at Score -0.0002 ---
  [GAI-A] [Evolution] Targeting Chain 0 Layer 0 (Imp: 8.240e-05)...
    [GAI-A] -> Mutating: SIN ===> TANH
[GAI-A] Epoch 5500: Val Loss 0.33696 | Temp 0.0417
  [GAI-A] [Result] 'TANH' REJECTED. Score: -0.0002 (Delta: 0.0000)
  [GAI-A] Instant Retry: Triggering evolution again...

[GAI-A] --- Stagnation at Score -0.0002 ---
  [GAI-A] [Evolution] Targeting Chain 0 Layer 0 (Imp: 6.390e-05)...
  [GAI-A] [Evolution] Targeting Chain 1 Layer 0 (Imp: 6.393e-05)...
[GAI-A] No mutations possible or supported.
[GAI-A] No mutations left; continuing to train with the structure frozen.
[GAI-A] Restoring Best Ever State (Score: -0.0002)
[GAI-A] Epoch 0: Val Loss 0.64495 | Temp 0.5000
[GAI-A] Epoch 500: Val Loss 0.14090 | Temp 0.4583

[GAI-A] --- Stagnation at Score -0.1383 ---
  [GAI-A] [Evolution] Targeting Chain 0 Layer 0 (Imp: 3.369e-04)...
    [GAI-A] -> Mutating: RELU ===> IDENTITY
  [GAI-A] [Result] 'IDENTITY' REJECTED. Score: -0.1383 (Delta: 0.0000)
  [GAI-A] Instant Retry: Triggering evolution again...
[GAI-A] Epoch 1000: Val Loss 0.13801 | Temp 0.4167

[GAI-A] --- Stagnation at Score -0.1373 ---
  [GAI-A] [Evolution] Targeting Chain 0 Layer 0 (Imp: 3.659e-04)...
    [GAI-A] -> Mutating: RELU ===> GAUSSIAN
  [GAI-A] [Result] 'GAUSSIAN' REJECTED. Score: -0.1373 (Delta: 0.0000)
  [GAI-A] Instant Retry: Triggering evolution again...

[GAI-A] --- Stagnation at Score -0.1366 ---
  [GAI-A] [Evolution] Targeting Chain 0 Layer 0 (Imp: 3.880e-04)...
    [GAI-A] -> Mutating: RELU ===> TANH
  [GAI-A] [Result] 'TANH' REJECTED. Score: -0.1369 (Delta: 0.0000)
  [GAI-A] Instant Retry: Triggering evolution again...
[GAI-A] Epoch 1500: Val Loss 0.13683 | Temp 0.3750

[GAI-A] --- Stagnation at Score -0.1360 ---
  [GAI-A] [Evolution] Targeting Chain 0 Layer 0 (Imp: 4.007e-04)...
    [GAI-A] -> Mutating: RELU ===> SQUARE
  [GAI-A] [Result] 'SQUARE' REJECTED. Score: -0.1368 (Delta: 0.0000)
  [GAI-A] Instant Retry: Triggering evolution again...

[GAI-A] --- Stagnation at Score -0.1360 ---
  [GAI-A] [Evolution] Targeting Chain 0 Layer 0 (Imp: 4.032e-04)...
    [GAI-A] -> Mutating: RELU ===> SIN
  [GAI-A] [Result] 'SIN' REJECTED. Score: -0.1376 (Delta: 0.0000)
  [GAI-A] Instant Retry: Triggering evolution again...

[GAI-A] --- Stagnation at Score -0.1360 ---
  [GAI-A] [Evolution] Targeting Chain 0 Layer 0 (Imp: 4.041e-04)...
  [GAI-A] [Evolution] Targeting Chain 1 Layer 0 (Imp: 1.310e-03)...
    [GAI-A] -> Mutating: TANH ===> IDENTITY
  [GAI-A] [Result] 'IDENTITY' REJECTED. Score: -0.1376 (Delta: 0.0000)
  [GAI-A] Instant Retry: Triggering evolution again...
[GAI-A] Epoch 2000: Val Loss 0.13727 | Temp 0.3333

[GAI-A] --- Stagnation at Score -0.1360 ---
  [GAI-A] [Evolution] Targeting Chain 0 Layer 0 (Imp: 4.043e-04)...
  [GAI-A] [Evolution] Targeting Chain 1 Layer 0 (Imp: 1.308e-03)...
    [GAI-A] -> Mutating: TANH ===> RELU
  [GAI-A] [Result] 'RELU' REJECTED. Score: -0.1372 (Delta: 0.0000)
  [GAI-A] Instant Retry: Triggering evolution again...
[GAI-A] Epoch 2500: Val Loss 0.13661 | Temp 0.2917

[GAI-A] --- Stagnation at Score -0.1360 ---
  [GAI-A] [Evolution] Targeting Chain 0 Layer 0 (Imp: 4.067e-04)...
  [GAI-A] [Evolution] Targeting Chain 1 Layer 0 (Imp: 1.307e-03)...
    [GAI-A] -> Mutating: TANH ===> SIN
  [GAI-A] [Result] 'SIN' REJECTED. Score: -0.1364 (Delta: 0.0000)
  [GAI-A] Instant Retry: Triggering evolution again...

[GAI-A] --- Stagnation at Score -0.1360 ---
  [GAI-A] [Evolution] Targeting Chain 0 Layer 0 (Imp: 4.081e-04)...
  [GAI-A] [Evolution] Targeting Chain 1 Layer 0 (Imp: 1.307e-03)...
    [GAI-A] -> Mutating: TANH ===> SQUARE
  [GAI-A] [Result] 'SQUARE' REJECTED. Score: -0.1362 (Delta: 0.0000)
  [GAI-A] Instant Retry: Triggering evolution again...
[GAI-A] Epoch 3000: Val Loss 0.13836 | Temp 0.2500

[GAI-A] --- Stagnation at Score -0.1360 ---
  [GAI-A] [Evolution] Targeting Chain 0 Layer 0 (Imp: 4.044e-04)...
  [GAI-A] [Evolution] Targeting Chain 1 Layer 0 (Imp: 1.301e-03)...
    [GAI-A] -> Mutating: TANH ===> GAUSSIAN
  [GAI-A] [Result] 'GAUSSIAN' REJECTED. Score: -0.1382 (Delta: 0.0000)
  [GAI-A] Instant Retry: Triggering evolution again...

[GAI-A] --- Stagnation at Score -0.1360 ---
  [GAI-A] [Evolution] Targeting Chain 0 Layer 0 (Imp: 3.996e-04)...
  [GAI-A] [Evolution] Targeting Chain 1 Layer 0 (Imp: 1.294e-03)...
[GAI-A] No mutations possible or supported.
[GAI-A] No mutations left; continuing to train with the structure frozen.
[GAI-A] Epoch 3500: Val Loss 0.13788 | Temp 0.2083
[GAI-A] Epoch 4000: Val Loss 0.13674 | Temp 0.1667
[GAI-A] Epoch 4500: Val Loss 0.13548 | Temp 0.1250
[GAI-A] Epoch 5000: Val Loss 0.13567 | Temp 0.0833
[GAI-A] Epoch 5500: Val Loss 0.13562 | Temp 0.0417
[GAI-A] Restoring Best Ever State (Score: -0.1352)
[GAI-A] Epoch 0: Val Loss 1.64435 | Temp 0.5000
[GAI-A] Epoch 500: Val Loss 0.21431 | Temp 0.4583
[GAI-A] Epoch 1000: Val Loss 0.15517 | Temp 0.4167
[GAI-A] Epoch 1500: Val Loss 0.14883 | Temp 0.3750
[GAI-A] Epoch 2000: Val Loss 0.14690 | Temp 0.3333
[GAI-A] Epoch 2500: Val Loss 0.14614 | Temp 0.2917

[GAI-A] --- Stagnation at Score -0.1460 ---
  [GAI-A] [Evolution] Targeting Chain 0 Layer 0 (Imp: 6.772e-04)...
    [GAI-A] -> Mutating: TANH ===> GAUSSIAN
  [GAI-A] [Result] 'GAUSSIAN' REJECTED. Score: -0.1460 (Delta: 0.0000)
  [GAI-A] Instant Retry: Triggering evolution again...

[GAI-A] --- Stagnation at Score -0.1449 ---
  [GAI-A] [Evolution] Targeting Chain 0 Layer 0 (Imp: 6.788e-04)...
    [GAI-A] -> Mutating: TANH ===> IDENTITY
  [GAI-A] [Result] 'IDENTITY' REJECTED. Score: -0.1461 (Delta: 0.0000)
  [GAI-A] Instant Retry: Triggering evolution again...
[GAI-A] Epoch 3000: Val Loss 0.14627 | Temp 0.2500

[GAI-A] --- Stagnation at Score -0.1449 ---
  [GAI-A] [Evolution] Targeting Chain 0 Layer 0 (Imp: 6.792e-04)...
    [GAI-A] -> Mutating: TANH ===> SQUARE
  [GAI-A] [Result] 'SQUARE' REJECTED. Score: -0.1464 (Delta: 0.0000)
  [GAI-A] Instant Retry: Triggering evolution again...

[GAI-A] --- Stagnation at Score -0.1449 ---
  [GAI-A] [Evolution] Targeting Chain 0 Layer 0 (Imp: 6.788e-04)...
    [GAI-A] -> Mutating: TANH ===> RELU
  [GAI-A] [Result] 'RELU' REJECTED. Score: -0.1465 (Delta: 0.0000)
  [GAI-A] Instant Retry: Triggering evolution again...

[GAI-A] --- Stagnation at Score -0.1449 ---
  [GAI-A] [Evolution] Targeting Chain 0 Layer 0 (Imp: 6.784e-04)...
    [GAI-A] -> Mutating: TANH ===> SIN
[GAI-A] Epoch 3500: Val Loss 0.11410 | Temp 0.2083
  [GAI-A] [Result] 'SIN' ACCEPTED. Score: -0.0823 (Delta: 0.0643)

[GAI-A] --- Stagnation at Score -0.0821 ---
  [GAI-A] [Evolution] Targeting Chain 0 Layer 0 (Imp: 3.105e-04)...
    [GAI-A] -> Mutating: SIN ===> TANH
  [GAI-A] [Result] 'TANH' REJECTED. Score: -0.0821 (Delta: 0.0000)
  [GAI-A] Instant Retry: Triggering evolution again...
[GAI-A] Epoch 4000: Val Loss 0.08205 | Temp 0.1667

[GAI-A] --- Stagnation at Score -0.0812 ---
  [GAI-A] [Evolution] Targeting Chain 0 Layer 0 (Imp: 3.056e-04)...
  [GAI-A] [Evolution] Targeting Chain 1 Layer 0 (Imp: 5.395e-04)...
    [GAI-A] -> Mutating: TANH ===> SQUARE
  [GAI-A] [Result] 'SQUARE' REJECTED. Score: -0.0821 (Delta: 0.0000)
  [GAI-A] Instant Retry: Triggering evolution again...

[GAI-A] --- Stagnation at Score -0.0812 ---
  [GAI-A] [Evolution] Targeting Chain 0 Layer 0 (Imp: 3.026e-04)...
  [GAI-A] [Evolution] Targeting Chain 1 Layer 0 (Imp: 5.363e-04)...
    [GAI-A] -> Mutating: TANH ===> RELU
  [GAI-A] [Result] 'RELU' REJECTED. Score: -0.0818 (Delta: 0.0000)
  [GAI-A] Instant Retry: Triggering evolution again...
[GAI-A] Epoch 4500: Val Loss 0.08165 | Temp 0.1250

[GAI-A] --- Stagnation at Score -0.0812 ---
  [GAI-A] [Evolution] Targeting Chain 0 Layer 0 (Imp: 3.010e-04)...
  [GAI-A] [Evolution] Targeting Chain 1 Layer 0 (Imp: 5.348e-04)...
    [GAI-A] -> Mutating: TANH ===> SIN
  [GAI-A] [Result] 'SIN' ACCEPTED. Score: -0.0002 (Delta: 0.0815)

[GAI-A] --- Stagnation at Score -0.0002 ---
  [GAI-A] [Evolution] Targeting Chain 1 Layer 0 (Imp: 7.282e-05)...
    [GAI-A] -> Mutating: SIN ===> GAUSSIAN
  [GAI-A] [Result] 'GAUSSIAN' REJECTED. Score: -0.0002 (Delta: 0.0000)
  [GAI-A] Instant Retry: Triggering evolution again...
[GAI-A] Epoch 5000: Val Loss 0.03267 | Temp 0.0833

[GAI-A] --- Stagnation at Score -0.0002 ---
  [GAI-A] [Evolution] Targeting Chain 0 Layer 0 (Imp: 6.029e-05)...
  [GAI-A] [Evolution] Targeting Chain 1 Layer 0 (Imp: 6.074e-05)...
    [GAI-A] -> Mutating: SIN ===> TANH
  [GAI-A] [Result] 'TANH' REJECTED. Score: -0.0002 (Delta: 0.0000)
  [GAI-A] Instant Retry: Triggering evolution again...
[GAI-A] Epoch 5500: Val Loss 0.00024 | Temp 0.0417

[GAI-A] --- Stagnation at Score -0.0002 ---
  [GAI-A] [Evolution] Targeting Chain 0 Layer 0 (Imp: 5.468e-05)...
  [GAI-A] [Evolution] Targeting Chain 1 Layer 0 (Imp: 5.536e-05)...
    [GAI-A] -> Mutating: SIN ===> IDENTITY
  [GAI-A] [Result] 'IDENTITY' REJECTED. Score: -0.0002 (Delta: 0.0000)
  [GAI-A] Instant Retry: Triggering evolution again...

[GAI-A] --- Stagnation at Score -0.0002 ---
  [GAI-A] [Evolution] Targeting Chain 0 Layer 0 (Imp: 5.140e-05)...
  [GAI-A] [Evolution] Targeting Chain 1 Layer 0 (Imp: 5.217e-05)...
[GAI-A] No mutations possible or supported.
[GAI-A] No mutations left; continuing to train with the structure frozen.
[GAI-A] Restoring Best Ever State (Score: -0.0002)
[GAI-A] Epoch 0: Val Loss 1.85535 | Temp 0.5000
[GAI-A] Epoch 500: Val Loss 0.18847 | Temp 0.4583
[GAI-A] Epoch 1000: Val Loss 0.18728 | Temp 0.4167
[GAI-A] Epoch 1500: Val Loss 0.18632 | Temp 0.3750
[GAI-A] Epoch 2000: Val Loss 0.18559 | Temp 0.3333

[GAI-A] --- Stagnation at Score -0.1854 ---
  [GAI-A] [Evolution] Targeting Chain 1 Layer 0 (Imp: 4.431e-04)...
    [GAI-A] -> Mutating: SIN ===> IDENTITY
  [GAI-A] [Result] 'IDENTITY' REJECTED. Score: -0.1854 (Delta: 0.0000)
  [GAI-A] Instant Retry: Triggering evolution again...

[GAI-A] --- Stagnation at Score -0.1852 ---
  [GAI-A] [Evolution] Targeting Chain 1 Layer 0 (Imp: 4.457e-04)...
    [GAI-A] -> Mutating: SIN ===> SQUARE
  [GAI-A] [Result] 'SQUARE' REJECTED. Score: -0.1852 (Delta: 0.0000)
  [GAI-A] Instant Retry: Triggering evolution again...
[GAI-A] Epoch 2500: Val Loss 0.18509 | Temp 0.2917

[GAI-A] --- Stagnation at Score -0.1848 ---
  [GAI-A] [Evolution] Targeting Chain 1 Layer 0 (Imp: 4.469e-04)...
    [GAI-A] -> Mutating: SIN ===> TANH
  [GAI-A] [Result] 'TANH' REJECTED. Score: -0.1853 (Delta: 0.0000)
  [GAI-A] Instant Retry: Triggering evolution again...

[GAI-A] --- Stagnation at Score -0.1848 ---
  [GAI-A] [Evolution] Targeting Chain 1 Layer 0 (Imp: 4.484e-04)...
    [GAI-A] -> Mutating: SIN ===> GAUSSIAN
  [GAI-A] [Result] 'GAUSSIAN' REJECTED. Score: -0.1852 (Delta: 0.0000)
  [GAI-A] Instant Retry: Triggering evolution again...

[GAI-A] --- Stagnation at Score -0.1843 ---
  [GAI-A] [Evolution] Targeting Chain 1 Layer 0 (Imp: 4.503e-04)...
    [GAI-A] -> Mutating: SIN ===> RELU
[GAI-A] Epoch 3000: Val Loss 0.30277 | Temp 0.2500
  [GAI-A] [Result] 'RELU' REJECTED. Score: -0.1851 (Delta: 0.0000)
  [GAI-A] Instant Retry: Triggering evolution again...

[GAI-A] --- Stagnation at Score -0.1833 ---
  [GAI-A] [Evolution] Targeting Chain 1 Layer 0 (Imp: 4.525e-04)...
  [GAI-A] [Evolution] Targeting Chain 0 Layer 0 (Imp: 9.402e-04)...
    [GAI-A] -> Mutating: RELU ===> TANH
  [GAI-A] [Result] 'TANH' REJECTED. Score: -0.1850 (Delta: 0.0000)
  [GAI-A] Instant Retry: Triggering evolution again...

[GAI-A] --- Stagnation at Score -0.1833 ---
  [GAI-A] [Evolution] Targeting Chain 1 Layer 0 (Imp: 4.530e-04)...
  [GAI-A] [Evolution] Targeting Chain 0 Layer 0 (Imp: 9.438e-04)...
    [GAI-A] -> Mutating: RELU ===> IDENTITY
  [GAI-A] [Result] 'IDENTITY' REJECTED. Score: -0.1854 (Delta: 0.0000)
  [GAI-A] Instant Retry: Triggering evolution again...
[GAI-A] Epoch 3500: Val Loss 0.18594 | Temp 0.2083

[GAI-A] --- Stagnation at Score -0.1833 ---
  [GAI-A] [Evolution] Targeting Chain 1 Layer 0 (Imp: 4.521e-04)...
  [GAI-A] [Evolution] Targeting Chain 0 Layer 0 (Imp: 9.474e-04)...
    [GAI-A] -> Mutating: RELU ===> GAUSSIAN
  [GAI-A] [Result] 'GAUSSIAN' REJECTED. Score: -0.1859 (Delta: 0.0000)
  [GAI-A] Instant Retry: Triggering evolution again...

[GAI-A] --- Stagnation at Score -0.1833 ---
  [GAI-A] [Evolution] Targeting Chain 1 Layer 0 (Imp: 4.515e-04)...
  [GAI-A] [Evolution] Targeting Chain 0 Layer 0 (Imp: 9.501e-04)...
    [GAI-A] -> Mutating: RELU ===> SQUARE
  [GAI-A] [Result] 'SQUARE' REJECTED. Score: -0.1857 (Delta: 0.0000)
  [GAI-A] Instant Retry: Triggering evolution again...

[GAI-A] --- Stagnation at Score -0.1829 ---
  [GAI-A] [Evolution] Targeting Chain 1 Layer 0 (Imp: 4.510e-04)...
  [GAI-A] [Evolution] Targeting Chain 0 Layer 0 (Imp: 9.529e-04)...
    [GAI-A] -> Mutating: RELU ===> SIN
[GAI-A] Epoch 4000: Val Loss 0.00040 | Temp 0.1667
  [GAI-A] [Result] 'SIN' ACCEPTED. Score: -0.0002 (Delta: 0.1855)

[GAI-A] --- Stagnation at Score -0.0002 ---
  [GAI-A] [Evolution] Targeting Chain 0 Layer 0 (Imp: 7.856e-05)...
    [GAI-A] -> Mutating: SIN ===> RELU
  [GAI-A] [Result] 'RELU' REJECTED. Score: -0.0002 (Delta: 0.0000)
  [GAI-A] Instant Retry: Triggering evolution again...
[GAI-A] Epoch 4500: Val Loss 0.00024 | Temp 0.1250

[GAI-A] --- Stagnation at Score -0.0002 ---
  [GAI-A] [Evolution] Targeting Chain 1 Layer 0 (Imp: 6.372e-05)...
  [GAI-A] [Evolution] Targeting Chain 0 Layer 0 (Imp: 6.420e-05)...
[GAI-A] No mutations possible or supported.
[GAI-A] No mutations left; continuing to train with the structure frozen.
[GAI-A] Epoch 5000: Val Loss 0.00024 | Temp 0.0833
[GAI-A] Epoch 5500: Val Loss 0.00024 | Temp 0.0417
[GAI-A] Restoring Best Ever State (Score: -0.0002)
[GAI-A] Epoch 0: Val Loss 1.27159 | Temp 0.5000
[GAI-A] Epoch 500: Val Loss 0.10021 | Temp 0.4583
[GAI-A] Epoch 1000: Val Loss 0.09773 | Temp 0.4167

[GAI-A] --- Stagnation at Score -0.0975 ---
  [GAI-A] [Evolution] Targeting Chain 0 Layer 0 (Imp: 1.057e-04)...
    [GAI-A] -> Mutating: RELU ===> IDENTITY
  [GAI-A] [Result] 'IDENTITY' REJECTED. Score: -0.0975 (Delta: 0.0000)
  [GAI-A] Instant Retry: Triggering evolution again...

[GAI-A] --- Stagnation at Score -0.0974 ---
  [GAI-A] [Evolution] Targeting Chain 0 Layer 0 (Imp: 1.063e-04)...
    [GAI-A] -> Mutating: RELU ===> TANH
[GAI-A] Epoch 1500: Val Loss 0.16449 | Temp 0.3750
  [GAI-A] [Result] 'TANH' REJECTED. Score: -0.0975 (Delta: 0.0000)
  [GAI-A] Instant Retry: Triggering evolution again...

[GAI-A] --- Stagnation at Score -0.0969 ---
  [GAI-A] [Evolution] Targeting Chain 0 Layer 0 (Imp: 1.075e-04)...
    [GAI-A] -> Mutating: RELU ===> SQUARE
  [GAI-A] [Result] 'SQUARE' ACCEPTED. Score: -0.0426 (Delta: 0.0543)

[GAI-A] --- Stagnation at Score -0.0426 ---
  [GAI-A] [Evolution] Targeting Chain 0 Layer 0 (Imp: 1.731e-04)...
    [GAI-A] -> Mutating: SQUARE ===> RELU
  [GAI-A] [Result] 'RELU' REJECTED. Score: -0.0428 (Delta: 0.0000)
  [GAI-A] Instant Retry: Triggering evolution again...
[GAI-A] Epoch 2000: Val Loss 0.04267 | Temp 0.3333

[GAI-A] --- Stagnation at Score -0.0426 ---
  [GAI-A] [Evolution] Targeting Chain 0 Layer 0 (Imp: 1.748e-04)...
    [GAI-A] -> Mutating: SQUARE ===> SIN
  [GAI-A] [Result] 'SIN' REJECTED. Score: -0.0428 (Delta: 0.0000)
  [GAI-A] Instant Retry: Triggering evolution again...

[GAI-A] --- Stagnation at Score -0.0424 ---
  [GAI-A] [Evolution] Targeting Chain 0 Layer 0 (Imp: 1.754e-04)...
    [GAI-A] -> Mutating: SQUARE ===> GAUSSIAN
  [GAI-A] [Result] 'GAUSSIAN' REJECTED. Score: -0.0428 (Delta: 0.0000)
  [GAI-A] Instant Retry: Triggering evolution again...
[GAI-A] Epoch 2500: Val Loss 0.04312 | Temp 0.2917

[GAI-A] --- Stagnation at Score -0.0424 ---
  [GAI-A] [Evolution] Targeting Chain 0 Layer 0 (Imp: 1.753e-04)...
  [GAI-A] [Evolution] Targeting Chain 1 Layer 0 (Imp: 1.915e-04)...
    [GAI-A] -> Mutating: GAUSSIAN ===> RELU
  [GAI-A] [Result] 'RELU' REJECTED. Score: -0.0431 (Delta: 0.0000)
  [GAI-A] Instant Retry: Triggering evolution again...

[GAI-A] --- Stagnation at Score -0.0424 ---
  [GAI-A] [Evolution] Targeting Chain 0 Layer 0 (Imp: 1.760e-04)...
  [GAI-A] [Evolution] Targeting Chain 1 Layer 0 (Imp: 1.859e-04)...
    [GAI-A] -> Mutating: GAUSSIAN ===> TANH
  [GAI-A] [Result] 'TANH' REJECTED. Score: -0.0428 (Delta: 0.0000)
  [GAI-A] Instant Retry: Triggering evolution again...
[GAI-A] Epoch 3000: Val Loss 0.04272 | Temp 0.2500

[GAI-A] --- Stagnation at Score -0.0424 ---
  [GAI-A] [Evolution] Targeting Chain 0 Layer 0 (Imp: 1.762e-04)...
  [GAI-A] [Evolution] Targeting Chain 1 Layer 0 (Imp: 1.816e-04)...
    [GAI-A] -> Mutating: GAUSSIAN ===> SQUARE
  [GAI-A] [Result] 'SQUARE' REJECTED. Score: -0.0427 (Delta: 0.0000)
  [GAI-A] Instant Retry: Triggering evolution again...

[GAI-A] --- Stagnation at Score -0.0424 ---
  [GAI-A] [Evolution] Targeting Chain 0 Layer 0 (Imp: 1.764e-04)...
  [GAI-A] [Evolution] Targeting Chain 1 Layer 0 (Imp: 1.807e-04)...
    [GAI-A] -> Mutating: GAUSSIAN ===> IDENTITY
  [GAI-A] [Result] 'IDENTITY' REJECTED. Score: -0.0427 (Delta: 0.0000)
  [GAI-A] Instant Retry: Triggering evolution again...
[GAI-A] Epoch 3500: Val Loss 0.04272 | Temp 0.2083

[GAI-A] --- Stagnation at Score -0.0424 ---
  [GAI-A] [Evolution] Targeting Chain 0 Layer 0 (Imp: 1.765e-04)...
  [GAI-A] [Evolution] Targeting Chain 1 Layer 0 (Imp: 1.776e-04)...
    [GAI-A] -> Mutating: GAUSSIAN ===> SIN
  [GAI-A] [Result] 'SIN' REJECTED. Score: -0.0427 (Delta: 0.0000)
  [GAI-A] Instant Retry: Triggering evolution again...

[GAI-A] --- Stagnation at Score -0.0424 ---
  [GAI-A] [Evolution] Targeting Chain 1 Layer 0 (Imp: 1.737e-04)...
  [GAI-A] [Evolution] Targeting Chain 0 Layer 0 (Imp: 1.764e-04)...
[GAI-A] No mutations possible or supported.
[GAI-A] No mutations left; continuing to train with the structure frozen.
[GAI-A] Epoch 4000: Val Loss 0.04284 | Temp 0.1667
[GAI-A] Epoch 4500: Val Loss 0.04278 | Temp 0.1250
[GAI-A] Epoch 5000: Val Loss 0.04278 | Temp 0.0833
[GAI-A] Epoch 5500: Val Loss 0.04278 | Temp 0.0417
[GAI-A] Restoring Best Ever State (Score: -0.0424)
[GAI-A] Epoch 0: Val Loss 0.84115 | Temp 0.5000

[GAI-A] --- Stagnation at Score -0.2875 ---
  [GAI-A] [Evolution] Targeting Chain 0 Layer 0 (Imp: 5.681e-05)...
    [GAI-A] -> Mutating: RELU ===> IDENTITY
  [GAI-A] [Result] 'IDENTITY' REJECTED. Score: -0.2879 (Delta: 0.0000)
  [GAI-A] Instant Retry: Triggering evolution again...
[GAI-A] Epoch 500: Val Loss 0.28743 | Temp 0.4583

[GAI-A] --- Stagnation at Score -0.2307 ---
  [GAI-A] [Evolution] Targeting Chain 0 Layer 0 (Imp: 1.363e-04)...
    [GAI-A] -> Mutating: RELU ===> SIN
  [GAI-A] [Result] 'SIN' REJECTED. Score: -0.2313 (Delta: 0.0000)
  [GAI-A] Instant Retry: Triggering evolution again...
[GAI-A] Epoch 1000: Val Loss 0.23195 | Temp 0.4167

[GAI-A] --- Stagnation at Score -0.2307 ---
  [GAI-A] [Evolution] Targeting Chain 0 Layer 0 (Imp: 1.575e-04)...
    [GAI-A] -> Mutating: RELU ===> GAUSSIAN
  [GAI-A] [Result] 'GAUSSIAN' REJECTED. Score: -0.2315 (Delta: 0.0000)
  [GAI-A] Instant Retry: Triggering evolution again...

[GAI-A] --- Stagnation at Score -0.2301 ---
  [GAI-A] [Evolution] Targeting Chain 0 Layer 0 (Imp: 1.768e-04)...
    [GAI-A] -> Mutating: RELU ===> TANH
  [GAI-A] [Result] 'TANH' REJECTED. Score: -0.2317 (Delta: 0.0000)
  [GAI-A] Instant Retry: Triggering evolution again...

[GAI-A] --- Stagnation at Score -0.2301 ---
  [GAI-A] [Evolution] Targeting Chain 0 Layer 0 (Imp: 1.972e-04)...
    [GAI-A] -> Mutating: RELU ===> SQUARE
  [GAI-A] [Result] 'SQUARE' REJECTED. Score: -0.2322 (Delta: 0.0000)
  [GAI-A] Instant Retry: Triggering evolution again...
[GAI-A] Epoch 1500: Val Loss 0.23259 | Temp 0.3750

[GAI-A] --- Stagnation at Score -0.2301 ---
  [GAI-A] [Evolution] Targeting Chain 0 Layer 0 (Imp: 2.112e-04)...
  [GAI-A] [Evolution] Targeting Chain 1 Layer 0 (Imp: 1.167e-03)...
    [GAI-A] -> Mutating: RELU ===> GAUSSIAN
  [GAI-A] [Result] 'GAUSSIAN' REJECTED. Score: -0.2323 (Delta: 0.0000)
  [GAI-A] Instant Retry: Triggering evolution again...

[GAI-A] --- Stagnation at Score -0.2301 ---
  [GAI-A] [Evolution] Targeting Chain 0 Layer 0 (Imp: 2.265e-04)...
  [GAI-A] [Evolution] Targeting Chain 1 Layer 0 (Imp: 1.170e-03)...
    [GAI-A] -> Mutating: RELU ===> SQUARE
  [GAI-A] [Result] 'SQUARE' REJECTED. Score: -0.2322 (Delta: 0.0000)
  [GAI-A] Instant Retry: Triggering evolution again...
[GAI-A] Epoch 2000: Val Loss 0.23205 | Temp 0.3333

[GAI-A] --- Stagnation at Score -0.2301 ---
  [GAI-A] [Evolution] Targeting Chain 0 Layer 0 (Imp: 2.389e-04)...
  [GAI-A] [Evolution] Targeting Chain 1 Layer 0 (Imp: 1.179e-03)...
    [GAI-A] -> Mutating: RELU ===> IDENTITY
  [GAI-A] [Result] 'IDENTITY' REJECTED. Score: -0.2322 (Delta: 0.0000)
  [GAI-A] Instant Retry: Triggering evolution again...

[GAI-A] --- Stagnation at Score -0.2301 ---
  [GAI-A] [Evolution] Targeting Chain 0 Layer 0 (Imp: 2.476e-04)...
  [GAI-A] [Evolution] Targeting Chain 1 Layer 0 (Imp: 1.182e-03)...
    [GAI-A] -> Mutating: RELU ===> SIN
  [GAI-A] [Result] 'SIN' REJECTED. Score: -0.2328 (Delta: 0.0000)
  [GAI-A] Instant Retry: Triggering evolution again...

[GAI-A] --- Stagnation at Score -0.2301 ---
  [GAI-A] [Evolution] Targeting Chain 0 Layer 0 (Imp: 2.560e-04)...
  [GAI-A] [Evolution] Targeting Chain 1 Layer 0 (Imp: 1.184e-03)...
    [GAI-A] -> Mutating: RELU ===> TANH
[GAI-A] Epoch 2500: Val Loss 0.74762 | Temp 0.2917
  [GAI-A] [Result] 'TANH' REJECTED. Score: -0.2326 (Delta: 0.0000)
  [GAI-A] Instant Retry: Triggering evolution again...

[GAI-A] --- Stagnation at Score -0.2301 ---
  [GAI-A] [Evolution] Targeting Chain 0 Layer 0 (Imp: 2.615e-04)...
  [GAI-A] [Evolution] Targeting Chain 1 Layer 0 (Imp: 1.184e-03)...
[GAI-A] No mutations possible or supported.
[GAI-A] No mutations left; continuing to train with the structure frozen.
[GAI-A] Epoch 3000: Val Loss 0.23251 | Temp 0.2500
[GAI-A] Epoch 3500: Val Loss 0.23245 | Temp 0.2083
[GAI-A] Epoch 4000: Val Loss 0.23293 | Temp 0.1667
[GAI-A] Epoch 4500: Val Loss 0.23335 | Temp 0.1250
[GAI-A] Epoch 5000: Val Loss 0.23335 | Temp 0.0833
[GAI-A] Epoch 5500: Val Loss 0.23335 | Temp 0.0417
[GAI-A] Restoring Best Ever State (Score: -0.2301)
[GAI-A] Epoch 0: Val Loss 1.91798 | Temp 0.5000
[GAI-A] Epoch 500: Val Loss 0.10228 | Temp 0.4583
[GAI-A] Epoch 1000: Val Loss 0.08841 | Temp 0.4167
[GAI-A] Epoch 1500: Val Loss 0.08463 | Temp 0.3750
[GAI-A] Epoch 2000: Val Loss 0.08318 | Temp 0.3333
[GAI-A] Epoch 2500: Val Loss 0.08254 | Temp 0.2917

[GAI-A] --- Stagnation at Score -0.0823 ---
  [GAI-A] [Evolution] Targeting Chain 0 Layer 0 (Imp: 3.559e-04)...
    [GAI-A] -> Mutating: SIN ===> RELU
  [GAI-A] [Result] 'RELU' REJECTED. Score: -0.0823 (Delta: 0.0000)
  [GAI-A] Instant Retry: Triggering evolution again...
[GAI-A] Epoch 3000: Val Loss 0.08268 | Temp 0.2500

[GAI-A] --- Stagnation at Score -0.0814 ---
  [GAI-A] [Evolution] Targeting Chain 0 Layer 0 (Imp: 3.524e-04)...
    [GAI-A] -> Mutating: SIN ===> GAUSSIAN
  [GAI-A] [Result] 'GAUSSIAN' REJECTED. Score: -0.0822 (Delta: 0.0000)
  [GAI-A] Instant Retry: Triggering evolution again...

[GAI-A] --- Stagnation at Score -0.0814 ---
  [GAI-A] [Evolution] Targeting Chain 0 Layer 0 (Imp: 3.486e-04)...
    [GAI-A] -> Mutating: SIN ===> IDENTITY
  [GAI-A] [Result] 'IDENTITY' REJECTED. Score: -0.0821 (Delta: 0.0000)
  [GAI-A] Instant Retry: Triggering evolution again...
[GAI-A] Epoch 3500: Val Loss 0.08229 | Temp 0.2083

[GAI-A] --- Stagnation at Score -0.0814 ---
  [GAI-A] [Evolution] Targeting Chain 0 Layer 0 (Imp: 3.462e-04)...
    [GAI-A] -> Mutating: SIN ===> TANH
  [GAI-A] [Result] 'TANH' REJECTED. Score: -0.0821 (Delta: 0.0000)
  [GAI-A] Instant Retry: Triggering evolution again...

[GAI-A] --- Stagnation at Score -0.0814 ---
  [GAI-A] [Evolution] Targeting Chain 0 Layer 0 (Imp: 3.440e-04)...
    [GAI-A] -> Mutating: SIN ===> SQUARE
  [GAI-A] [Result] 'SQUARE' REJECTED. Score: -0.0821 (Delta: 0.0000)
  [GAI-A] Instant Retry: Triggering evolution again...

[GAI-A] --- Stagnation at Score -0.0814 ---
  [GAI-A] [Evolution] Targeting Chain 0 Layer 0 (Imp: 3.417e-04)...
  [GAI-A] [Evolution] Targeting Chain 1 Layer 0 (Imp: 5.491e-04)...
    [GAI-A] -> Mutating: TANH ===> SIN
[GAI-A] Epoch 4000: Val Loss 0.00697 | Temp 0.1667
  [GAI-A] [Result] 'SIN' ACCEPTED. Score: -0.0002 (Delta: 0.0818)

[GAI-A] --- Stagnation at Score -0.0002 ---
  [GAI-A] [Evolution] Targeting Chain 1 Layer 0 (Imp: 7.276e-05)...
    [GAI-A] -> Mutating: SIN ===> TANH
  [GAI-A] [Result] 'TANH' REJECTED. Score: -0.0002 (Delta: 0.0000)
  [GAI-A] Instant Retry: Triggering evolution again...
[GAI-A] Epoch 4500: Val Loss 0.00024 | Temp 0.1250

[GAI-A] --- Stagnation at Score -0.0002 ---
  [GAI-A] [Evolution] Targeting Chain 0 Layer 0 (Imp: 6.016e-05)...
  [GAI-A] [Evolution] Targeting Chain 1 Layer 0 (Imp: 6.021e-05)...
    [GAI-A] -> Mutating: SIN ===> RELU
  [GAI-A] [Result] 'RELU' REJECTED. Score: -0.0002 (Delta: 0.0000)
  [GAI-A] Instant Retry: Triggering evolution again...

[GAI-A] --- Stagnation at Score -0.0002 ---
  [GAI-A] [Evolution] Targeting Chain 0 Layer 0 (Imp: 5.511e-05)...
  [GAI-A] [Evolution] Targeting Chain 1 Layer 0 (Imp: 5.551e-05)...
    [GAI-A] -> Mutating: SIN ===> GAUSSIAN
  [GAI-A] [Result] 'GAUSSIAN' REJECTED. Score: -0.0002 (Delta: 0.0000)
  [GAI-A] Instant Retry: Triggering evolution again...
[GAI-A] Epoch 5000: Val Loss 0.00083 | Temp 0.0833

[GAI-A] --- Stagnation at Score -0.0002 ---
  [GAI-A] [Evolution] Targeting Chain 0 Layer 0 (Imp: 5.102e-05)...
  [GAI-A] [Evolution] Targeting Chain 1 Layer 0 (Imp: 5.247e-05)...
    [GAI-A] -> Mutating: SIN ===> IDENTITY
  [GAI-A] [Result] 'IDENTITY' REJECTED. Score: -0.0002 (Delta: 0.0000)
  [GAI-A] Instant Retry: Triggering evolution again...
[GAI-A] Epoch 5500: Val Loss 0.00024 | Temp 0.0417

[GAI-A] --- Stagnation at Score -0.0002 ---
  [GAI-A] [Evolution] Targeting Chain 0 Layer 0 (Imp: 4.881e-05)...
  [GAI-A] [Evolution] Targeting Chain 1 Layer 0 (Imp: 5.024e-05)...
    [GAI-A] -> Mutating: SIN ===> SQUARE
  [GAI-A] [Result] 'SQUARE' REJECTED. Score: -0.0002 (Delta: 0.0000)
  [GAI-A] Instant Retry: Triggering evolution again...

[GAI-A] --- Stagnation at Score -0.0002 ---
  [GAI-A] [Evolution] Targeting Chain 0 Layer 0 (Imp: 4.650e-05)...
  [GAI-A] [Evolution] Targeting Chain 1 Layer 0 (Imp: 4.818e-05)...
[GAI-A] No mutations possible or supported.
[GAI-A] No mutations left; continuing to train with the structure frozen.
[GAI-A] Restoring Best Ever State (Score: -0.0002)
[GAI-A] Epoch 0: Val Loss 0.79335 | Temp 0.5000
[GAI-A] Epoch 500: Val Loss 0.19441 | Temp 0.4583
[GAI-A] Epoch 1000: Val Loss 0.18942 | Temp 0.4167
[GAI-A] Epoch 1500: Val Loss 0.18761 | Temp 0.3750
[GAI-A] Epoch 2000: Val Loss 0.18666 | Temp 0.3333
[GAI-A] Epoch 2500: Val Loss 0.18600 | Temp 0.2917

[GAI-A] --- Stagnation at Score -0.1859 ---
  [GAI-A] [Evolution] Targeting Chain 1 Layer 0 (Imp: 9.593e-04)...
    [GAI-A] -> Mutating: RELU ===> SQUARE
  [GAI-A] [Result] 'SQUARE' REJECTED. Score: -0.1859 (Delta: 0.0000)
  [GAI-A] Instant Retry: Triggering evolution again...

[GAI-A] --- Stagnation at Score -0.1839 ---
  [GAI-A] [Evolution] Targeting Chain 1 Layer 0 (Imp: 9.630e-04)...
    [GAI-A] -> Mutating: RELU ===> IDENTITY
  [GAI-A] [Result] 'IDENTITY' REJECTED. Score: -0.1860 (Delta: 0.0000)
  [GAI-A] Instant Retry: Triggering evolution again...

[GAI-A] --- Stagnation at Score -0.1839 ---
  [GAI-A] [Evolution] Targeting Chain 1 Layer 0 (Imp: 9.653e-04)...
    [GAI-A] -> Mutating: RELU ===> GAUSSIAN
  [GAI-A] [Result] 'GAUSSIAN' REJECTED. Score: -0.1861 (Delta: 0.0000)
  [GAI-A] Instant Retry: Triggering evolution again...
[GAI-A] Epoch 3000: Val Loss 0.19330 | Temp 0.2500

[GAI-A] --- Stagnation at Score -0.1839 ---
  [GAI-A] [Evolution] Targeting Chain 1 Layer 0 (Imp: 9.664e-04)...
    [GAI-A] -> Mutating: RELU ===> SIN
  [GAI-A] [Result] 'SIN' REJECTED. Score: -0.1859 (Delta: 0.0000)
  [GAI-A] Instant Retry: Triggering evolution again...

[GAI-A] --- Stagnation at Score -0.1839 ---
  [GAI-A] [Evolution] Targeting Chain 1 Layer 0 (Imp: 9.681e-04)...
    [GAI-A] -> Mutating: RELU ===> TANH
  [GAI-A] [Result] 'TANH' REJECTED. Score: -0.1860 (Delta: 0.0000)
  [GAI-A] Instant Retry: Triggering evolution again...
[GAI-A] Epoch 3500: Val Loss 0.18613 | Temp 0.2083

[GAI-A] --- Stagnation at Score -0.1839 ---
  [GAI-A] [Evolution] Targeting Chain 1 Layer 0 (Imp: 9.714e-04)...
  [GAI-A] [Evolution] Targeting Chain 0 Layer 0 (Imp: 1.189e-03)...
    [GAI-A] -> Mutating: GAUSSIAN ===> RELU
  [GAI-A] [Result] 'RELU' REJECTED. Score: -0.1860 (Delta: 0.0000)
  [GAI-A] Instant Retry: Triggering evolution again...

[GAI-A] --- Stagnation at Score -0.1839 ---
  [GAI-A] [Evolution] Targeting Chain 1 Layer 0 (Imp: 9.734e-04)...
  [GAI-A] [Evolution] Targeting Chain 0 Layer 0 (Imp: 1.208e-03)...
    [GAI-A] -> Mutating: GAUSSIAN ===> IDENTITY
  [GAI-A] [Result] 'IDENTITY' REJECTED. Score: -0.1860 (Delta: 0.0000)
  [GAI-A] Instant Retry: Triggering evolution again...
[GAI-A] Epoch 4000: Val Loss 0.18607 | Temp 0.1667

[GAI-A] --- Stagnation at Score -0.1839 ---
  [GAI-A] [Evolution] Targeting Chain 1 Layer 0 (Imp: 9.753e-04)...
  [GAI-A] [Evolution] Targeting Chain 0 Layer 0 (Imp: 1.227e-03)...
    [GAI-A] -> Mutating: GAUSSIAN ===> TANH
  [GAI-A] [Result] 'TANH' REJECTED. Score: -0.1860 (Delta: 0.0000)
  [GAI-A] Instant Retry: Triggering evolution again...

[GAI-A] --- Stagnation at Score -0.1839 ---
  [GAI-A] [Evolution] Targeting Chain 1 Layer 0 (Imp: 9.775e-04)...
  [GAI-A] [Evolution] Targeting Chain 0 Layer 0 (Imp: 1.249e-03)...
    [GAI-A] -> Mutating: GAUSSIAN ===> SIN
  [GAI-A] [Result] 'SIN' REJECTED. Score: -0.1860 (Delta: 0.0000)
  [GAI-A] Instant Retry: Triggering evolution again...

[GAI-A] --- Stagnation at Score -0.1839 ---
  [GAI-A] [Evolution] Targeting Chain 1 Layer 0 (Imp: 9.796e-04)...
  [GAI-A] [Evolution] Targeting Chain 0 Layer 0 (Imp: 1.260e-03)...
    [GAI-A] -> Mutating: GAUSSIAN ===> SQUARE
[GAI-A] Epoch 4500: Val Loss 1.63448 | Temp 0.1250
  [GAI-A] [Result] 'SQUARE' REJECTED. Score: -0.1870 (Delta: 0.0000)
  [GAI-A] Instant Retry: Triggering evolution again...

[GAI-A] --- Stagnation at Score -0.1839 ---
  [GAI-A] [Evolution] Targeting Chain 1 Layer 0 (Imp: 9.797e-04)...
  [GAI-A] [Evolution] Targeting Chain 0 Layer 0 (Imp: 1.272e-03)...
[GAI-A] No mutations possible or supported.
[GAI-A] No mutations left; continuing to train with the structure frozen.
[GAI-A] Epoch 5000: Val Loss 0.18613 | Temp 0.0833
[GAI-A] Epoch 5500: Val Loss 0.18606 | Temp 0.0417
[GAI-A] Restoring Best Ever State (Score: -0.1839)
[GAI-A] Epoch 0: Val Loss 1.89664 | Temp 0.5000
[GAI-A] Epoch 500: Val Loss 0.16496 | Temp 0.4583
[GAI-A] Epoch 1000: Val Loss 0.15366 | Temp 0.4167
[GAI-A] Epoch 1500: Val Loss 0.15120 | Temp 0.3750
[GAI-A] Epoch 2000: Val Loss 0.14897 | Temp 0.3333
[GAI-A] Epoch 2500: Val Loss 0.14678 | Temp 0.2917
[GAI-A] Epoch 3000: Val Loss 0.14511 | Temp 0.2500
[GAI-A] Epoch 3500: Val Loss 0.14407 | Temp 0.2083

[GAI-A] --- Stagnation at Score -0.1436 ---
  [GAI-A] [Evolution] Targeting Chain 0 Layer 0 (Imp: 2.135e-04)...
    [GAI-A] -> Mutating: GAUSSIAN ===> SQUARE
  [GAI-A] [Result] 'SQUARE' REJECTED. Score: -0.1436 (Delta: 0.0000)
  [GAI-A] Instant Retry: Triggering evolution again...
[GAI-A] Epoch 4000: Val Loss 0.14334 | Temp 0.1667

[GAI-A] --- Stagnation at Score -0.1433 ---
  [GAI-A] [Evolution] Targeting Chain 0 Layer 0 (Imp: 2.108e-04)...
    [GAI-A] -> Mutating: GAUSSIAN ===> IDENTITY
  [GAI-A] [Result] 'IDENTITY' REJECTED. Score: -0.1435 (Delta: 0.0000)
  [GAI-A] Instant Retry: Triggering evolution again...

[GAI-A] --- Stagnation at Score -0.1428 ---
  [GAI-A] [Evolution] Targeting Chain 0 Layer 0 (Imp: 2.082e-04)...
    [GAI-A] -> Mutating: GAUSSIAN ===> RELU
  [GAI-A] [Result] 'RELU' REJECTED. Score: -0.1432 (Delta: 0.0000)
  [GAI-A] Instant Retry: Triggering evolution again...
[GAI-A] Epoch 4500: Val Loss 0.14306 | Temp 0.1250

[GAI-A] --- Stagnation at Score -0.1428 ---
  [GAI-A] [Evolution] Targeting Chain 0 Layer 0 (Imp: 2.054e-04)...
    [GAI-A] -> Mutating: GAUSSIAN ===> TANH
  [GAI-A] [Result] 'TANH' REJECTED. Score: -0.1431 (Delta: 0.0000)
  [GAI-A] Instant Retry: Triggering evolution again...

[GAI-A] --- Stagnation at Score -0.1424 ---
  [GAI-A] [Evolution] Targeting Chain 0 Layer 0 (Imp: 2.032e-04)...
    [GAI-A] -> Mutating: GAUSSIAN ===> SIN
  [GAI-A] [Result] 'SIN' REJECTED. Score: -0.1429 (Delta: 0.0000)
  [GAI-A] Instant Retry: Triggering evolution again...

[GAI-A] --- Stagnation at Score -0.1421 ---
  [GAI-A] [Evolution] Targeting Chain 0 Layer 0 (Imp: 2.010e-04)...
  [GAI-A] [Evolution] Targeting Chain 1 Layer 0 (Imp: 5.691e-04)...
    [GAI-A] -> Mutating: TANH ===> GAUSSIAN
  [GAI-A] [Result] 'GAUSSIAN' REJECTED. Score: -0.1428 (Delta: 0.0000)
  [GAI-A] Instant Retry: Triggering evolution again...
[GAI-A] Epoch 5000: Val Loss 0.14383 | Temp 0.0833

[GAI-A] --- Stagnation at Score -0.1419 ---
  [GAI-A] [Evolution] Targeting Chain 0 Layer 0 (Imp: 1.989e-04)...
  [GAI-A] [Evolution] Targeting Chain 1 Layer 0 (Imp: 5.697e-04)...
    [GAI-A] -> Mutating: TANH ===> SIN
  [GAI-A] [Result] 'SIN' ACCEPTED. Score: -0.1082 (Delta: 0.0347)
[GAI-A] Epoch 5500: Val Loss 0.10130 | Temp 0.0417
[GAI-A] Restoring Best Ever State (Score: -0.0969)
[GAI-A] Epoch 0: Val Loss 1.25405 | Temp 0.5000

[GAI-A] --- Stagnation at Score -0.2778 ---
  [GAI-A] [Evolution] Targeting Chain 1 Layer 0 (Imp: 5.226e-05)...
    [GAI-A] -> Mutating: RELU ===> IDENTITY
[GAI-A] Epoch 500: Val Loss 0.26673 | Temp 0.4583
  [GAI-A] [Result] 'IDENTITY' ACCEPTED. Score: -0.2527 (Delta: 0.0253)
[GAI-A] Epoch 1000: Val Loss 0.25228 | Temp 0.4167

[GAI-A] --- Stagnation at Score -0.2508 ---
  [GAI-A] [Evolution] Targeting Chain 1 Layer 0 (Imp: 1.338e-03)...
    [GAI-A] -> Mutating: IDENTITY ===> RELU
  [GAI-A] [Result] 'RELU' REJECTED. Score: -0.2511 (Delta: 0.0000)
  [GAI-A] Instant Retry: Triggering evolution again...
[GAI-A] Epoch 1500: Val Loss 0.25118 | Temp 0.3750

[GAI-A] --- Stagnation at Score -0.2508 ---
  [GAI-A] [Evolution] Targeting Chain 1 Layer 0 (Imp: 1.627e-03)...
    [GAI-A] -> Mutating: IDENTITY ===> TANH
  [GAI-A] [Result] 'TANH' REJECTED. Score: -0.2513 (Delta: 0.0000)
  [GAI-A] Instant Retry: Triggering evolution again...

[GAI-A] --- Stagnation at Score -0.2508 ---
  [GAI-A] [Evolution] Targeting Chain 1 Layer 0 (Imp: 1.804e-03)...
    [GAI-A] -> Mutating: IDENTITY ===> SQUARE
  [GAI-A] [Result] 'SQUARE' REJECTED. Score: -0.2513 (Delta: 0.0000)
  [GAI-A] Instant Retry: Triggering evolution again...
[GAI-A] Epoch 2000: Val Loss 0.25109 | Temp 0.3333

[GAI-A] --- Stagnation at Score -0.2508 ---
  [GAI-A] [Evolution] Targeting Chain 1 Layer 0 (Imp: 1.978e-03)...
    [GAI-A] -> Mutating: IDENTITY ===> GAUSSIAN
  [GAI-A] [Result] 'GAUSSIAN' ACCEPTED. Score: -0.2142 (Delta: 0.0368)
[GAI-A] Epoch 2500: Val Loss 0.19075 | Temp 0.2917

[GAI-A] --- Stagnation at Score -0.1898 ---
  [GAI-A] [Evolution] Targeting Chain 1 Layer 0 (Imp: 1.242e-03)...
    [GAI-A] -> Mutating: GAUSSIAN ===> IDENTITY
  [GAI-A] [Result] 'IDENTITY' REJECTED. Score: -0.1898 (Delta: 0.0000)
  [GAI-A] Instant Retry: Triggering evolution again...
[GAI-A] Epoch 3000: Val Loss 0.19052 | Temp 0.2500

[GAI-A] --- Stagnation at Score -0.1898 ---
  [GAI-A] [Evolution] Targeting Chain 1 Layer 0 (Imp: 1.197e-03)...
    [GAI-A] -> Mutating: GAUSSIAN ===> SIN
  [GAI-A] [Result] 'SIN' REJECTED. Score: -0.1898 (Delta: 0.0000)
  [GAI-A] Instant Retry: Triggering evolution again...

[GAI-A] --- Stagnation at Score -0.1888 ---
  [GAI-A] [Evolution] Targeting Chain 1 Layer 0 (Imp: 1.165e-03)...
  [GAI-A] [Evolution] Targeting Chain 0 Layer 0 (Imp: 1.316e-03)...
    [GAI-A] -> Mutating: RELU ===> GAUSSIAN
  [GAI-A] [Result] 'GAUSSIAN' REJECTED. Score: -0.1900 (Delta: 0.0000)
  [GAI-A] Instant Retry: Triggering evolution again...

[GAI-A] --- Stagnation at Score -0.1888 ---
  [GAI-A] [Evolution] Targeting Chain 1 Layer 0 (Imp: 1.141e-03)...
  [GAI-A] [Evolution] Targeting Chain 0 Layer 0 (Imp: 1.279e-03)...
    [GAI-A] -> Mutating: RELU ===> SIN
  [GAI-A] [Result] 'SIN' REJECTED. Score: -0.1899 (Delta: 0.0000)
  [GAI-A] Instant Retry: Triggering evolution again...
[GAI-A] Epoch 3500: Val Loss 0.19022 | Temp 0.2083

[GAI-A] --- Stagnation at Score -0.1888 ---
  [GAI-A] [Evolution] Targeting Chain 1 Layer 0 (Imp: 1.122e-03)...
  [GAI-A] [Evolution] Targeting Chain 0 Layer 0 (Imp: 1.249e-03)...
    [GAI-A] -> Mutating: RELU ===> TANH
  [GAI-A] [Result] 'TANH' REJECTED. Score: -0.1897 (Delta: 0.0000)
  [GAI-A] Instant Retry: Triggering evolution again...

[GAI-A] --- Stagnation at Score -0.1888 ---
  [GAI-A] [Evolution] Targeting Chain 1 Layer 0 (Imp: 1.104e-03)...
  [GAI-A] [Evolution] Targeting Chain 0 Layer 0 (Imp: 1.228e-03)...
    [GAI-A] -> Mutating: RELU ===> SQUARE
  [GAI-A] [Result] 'SQUARE' REJECTED. Score: -0.1901 (Delta: 0.0000)
  [GAI-A] Instant Retry: Triggering evolution again...
[GAI-A] Epoch 4000: Val Loss 0.18974 | Temp 0.1667

[GAI-A] --- Stagnation at Score -0.1888 ---
  [GAI-A] [Evolution] Targeting Chain 1 Layer 0 (Imp: 1.088e-03)...
  [GAI-A] [Evolution] Targeting Chain 0 Layer 0 (Imp: 1.205e-03)...
    [GAI-A] -> Mutating: RELU ===> IDENTITY
  [GAI-A] [Result] 'IDENTITY' REJECTED. Score: -0.1897 (Delta: 0.0000)
  [GAI-A] Instant Retry: Triggering evolution again...

[GAI-A] --- Stagnation at Score -0.1888 ---
  [GAI-A] [Evolution] Targeting Chain 1 Layer 0 (Imp: 1.074e-03)...
  [GAI-A] [Evolution] Targeting Chain 0 Layer 0 (Imp: 1.191e-03)...
[GAI-A] No mutations possible or supported.
[GAI-A] No mutations left; continuing to train with the structure frozen.
[GAI-A] Epoch 4500: Val Loss 0.18983 | Temp 0.1250
[GAI-A] Epoch 5000: Val Loss 0.18935 | Temp 0.0833
[GAI-A] Epoch 5500: Val Loss 0.18886 | Temp 0.0417
[GAI-A] Restoring Best Ever State (Score: -0.1884)
[GAI-A] Epoch 0: Val Loss 1.02535 | Temp 0.5000
[GAI-A] Epoch 500: Val Loss 0.04288 | Temp 0.4583

[GAI-A] --- Stagnation at Score -0.0427 ---
  [GAI-A] [Evolution] Targeting Chain 0 Layer 0 (Imp: 3.365e-04)...
    [GAI-A] -> Mutating: GAUSSIAN ===> SQUARE
  [GAI-A] [Result] 'SQUARE' REJECTED. Score: -0.0429 (Delta: 0.0000)
  [GAI-A] Instant Retry: Triggering evolution again...

[GAI-A] --- Stagnation at Score -0.0427 ---
  [GAI-A] [Evolution] Targeting Chain 0 Layer 0 (Imp: 2.980e-04)...
    [GAI-A] -> Mutating: GAUSSIAN ===> SIN
[GAI-A] Epoch 1000: Val Loss 0.29574 | Temp 0.4167
  [GAI-A] [Result] 'SIN' REJECTED. Score: -0.0429 (Delta: 0.0000)
  [GAI-A] Instant Retry: Triggering evolution again...

[GAI-A] --- Stagnation at Score -0.0427 ---
  [GAI-A] [Evolution] Targeting Chain 0 Layer 0 (Imp: 2.688e-04)...
    [GAI-A] -> Mutating: GAUSSIAN ===> RELU
  [GAI-A] [Result] 'RELU' REJECTED. Score: -0.0430 (Delta: 0.0000)
  [GAI-A] Instant Retry: Triggering evolution again...
[GAI-A] Epoch 1500: Val Loss 0.04299 | Temp 0.3750

[GAI-A] --- Stagnation at Score -0.0427 ---
  [GAI-A] [Evolution] Targeting Chain 0 Layer 0 (Imp: 2.349e-04)...
    [GAI-A] -> Mutating: GAUSSIAN ===> IDENTITY
  [GAI-A] [Result] 'IDENTITY' REJECTED. Score: -0.0429 (Delta: 0.0000)
  [GAI-A] Instant Retry: Triggering evolution again...

[GAI-A] --- Stagnation at Score -0.0427 ---
  [GAI-A] [Evolution] Targeting Chain 0 Layer 0 (Imp: 2.276e-04)...
    [GAI-A] -> Mutating: GAUSSIAN ===> TANH
  [GAI-A] [Result] 'TANH' REJECTED. Score: -0.0431 (Delta: 0.0000)
  [GAI-A] Instant Retry: Triggering evolution again...
[GAI-A] Epoch 2000: Val Loss 0.04475 | Temp 0.3333

[GAI-A] --- Stagnation at Score -0.0427 ---
  [GAI-A] [Evolution] Targeting Chain 0 Layer 0 (Imp: 2.207e-04)...
  [GAI-A] [Evolution] Targeting Chain 1 Layer 0 (Imp: 7.417e-04)...
    [GAI-A] -> Mutating: SIN ===> GAUSSIAN
  [GAI-A] [Result] 'GAUSSIAN' REJECTED. Score: -0.0434 (Delta: 0.0000)
  [GAI-A] Instant Retry: Triggering evolution again...

[GAI-A] --- Stagnation at Score -0.0427 ---
  [GAI-A] [Evolution] Targeting Chain 0 Layer 0 (Imp: 2.250e-04)...
  [GAI-A] [Evolution] Targeting Chain 1 Layer 0 (Imp: 7.458e-04)...
    [GAI-A] -> Mutating: SIN ===> SQUARE
  [GAI-A] [Result] 'SQUARE' REJECTED. Score: -0.0474 (Delta: 0.0000)
  [GAI-A] Instant Retry: Triggering evolution again...

[GAI-A] --- Stagnation at Score -0.0427 ---
  [GAI-A] [Evolution] Targeting Chain 0 Layer 0 (Imp: 2.314e-04)...
  [GAI-A] [Evolution] Targeting Chain 1 Layer 0 (Imp: 7.508e-04)...
    [GAI-A] -> Mutating: SIN ===> TANH
  [GAI-A] [Result] 'TANH' REJECTED. Score: -0.0488 (Delta: 0.0000)
  [GAI-A] Instant Retry: Triggering evolution again...
[GAI-A] Epoch 2500: Val Loss 0.04930 | Temp 0.2917
[GAI-A] Epoch 3000: Val Loss 0.04307 | Temp 0.2500

[GAI-A] --- Stagnation at Score -0.0427 ---
  [GAI-A] [Evolution] Targeting Chain 0 Layer 0 (Imp: 2.128e-04)...
  [GAI-A] [Evolution] Targeting Chain 1 Layer 0 (Imp: 7.434e-04)...
    [GAI-A] -> Mutating: SIN ===> RELU
  [GAI-A] [Result] 'RELU' REJECTED. Score: -0.0428 (Delta: 0.0000)
  [GAI-A] Instant Retry: Triggering evolution again...

[GAI-A] --- Stagnation at Score -0.0427 ---
  [GAI-A] [Evolution] Targeting Chain 0 Layer 0 (Imp: 2.131e-04)...
  [GAI-A] [Evolution] Targeting Chain 1 Layer 0 (Imp: 7.448e-04)...
    [GAI-A] -> Mutating: SIN ===> IDENTITY
[GAI-A] Epoch 3500: Val Loss 0.40050 | Temp 0.2083
  [GAI-A] [Result] 'IDENTITY' REJECTED. Score: -0.0441 (Delta: 0.0000)
  [GAI-A] Instant Retry: Triggering evolution again...
[GAI-A] Epoch 4000: Val Loss 0.04285 | Temp 0.1667

[GAI-A] --- Stagnation at Score -0.0427 ---
  [GAI-A] [Evolution] Targeting Chain 0 Layer 0 (Imp: 2.027e-04)...
  [GAI-A] [Evolution] Targeting Chain 1 Layer 0 (Imp: 7.404e-04)...
[GAI-A] No mutations possible or supported.
[GAI-A] No mutations left; continuing to train with the structure frozen.
[GAI-A] Epoch 4500: Val Loss 0.04287 | Temp 0.1250
[GAI-A] Epoch 5000: Val Loss 0.04287 | Temp 0.0833
[GAI-A] Epoch 5500: Val Loss 0.04287 | Temp 0.0417
[GAI-A] Restoring Best Ever State (Score: -0.0427)
GAI-A      fixed-reset    6000    1/28       4.629e-02    7.963e-16  gaussian,gaussian; identity,tanh; identity,tanh

================================================================================================
 DID TUNING HELP?  (recovery rate / median test, vs defaults)
================================================================================================
arm        SA               6000
GAI-A      legacy     11%/8e-02 
GAI-A      fixed       4%/7e-02 
GAI-A      fixed-reset     4%/5e-02 

 DOES MORE TRAINING HELP?  (per arm, recovery across budgets)
  GAI-A      legacy  11%@6000                                 monotone improvement
  GAI-A      fixed   4%@6000                                  monotone improvement
  GAI-A      fixed-reset 4%@6000                                  monotone improvement
