================================================================================================
 GAIOptimizer OPERATOR RECOVERY -- target y = sin(pi*x1) + x2^2
 architecture fixed at H=1, 2 chains, depth 1 (identifiable); 8 seeds
 recovery = test loss < 1e-08   (name matching misses relu(x^2) == x^2 and similar)
================================================================================================
arm        SA       epochs  recovery   median test    best test  example structures
----------------------------------------------------------------------------------------------------
[defaults] Epoch 0: Val Loss 1.67312 | Temp 0.5000
[defaults] Epoch 500: Val Loss 0.68447 | Temp 0.3750
[defaults] Epoch 1000: Val Loss 0.64275 | Temp 0.2500
[defaults] Epoch 1500: Val Loss 0.52887 | Temp 0.1250
[defaults] Restoring Best Ever State (Score: -0.2707)
[defaults] Epoch 0: Val Loss 0.61325 | Temp 0.5000
[defaults] Epoch 500: Val Loss 0.36250 | Temp 0.3750
[defaults] Epoch 1000: Val Loss 0.28008 | Temp 0.2500
[defaults] Epoch 1500: Val Loss 0.24410 | Temp 0.1250
[defaults] Restoring Best Ever State (Score: -0.2301)
[defaults] Epoch 0: Val Loss 0.71423 | Temp 0.5000
[defaults] Epoch 500: Val Loss 0.32652 | Temp 0.3750
[defaults] Epoch 1000: Val Loss 0.30241 | Temp 0.2500
[defaults] Epoch 1500: Val Loss 0.28375 | Temp 0.1250
[defaults] Restoring Best Ever State (Score: -0.2630)
[defaults] Epoch 0: Val Loss 0.65972 | Temp 0.5000
[defaults] Epoch 500: Val Loss 0.32092 | Temp 0.3750
[defaults] Epoch 1000: Val Loss 0.27868 | Temp 0.2500

[defaults] --- Stagnation at Score -0.2780 ---
  [defaults] [Evolution] Targeting Chain 1 Layer 0 (Imp: 2.242e-05)...
    [defaults] -> Mutating: RELU ===> IDENTITY
  [defaults] [Result] 'IDENTITY' ACCEPTED (RISKY). Score: -0.2784 (Delta: -0.0003)
[defaults] Epoch 1500: Val Loss 0.26847 | Temp 0.1250
[defaults] Restoring Best Ever State (Score: -0.2540)
[defaults] Epoch 0: Val Loss 1.69864 | Temp 0.5000
[defaults] Epoch 500: Val Loss 0.77008 | Temp 0.3750
[defaults] Epoch 1000: Val Loss 0.49138 | Temp 0.2500
[defaults] Epoch 1500: Val Loss 0.36080 | Temp 0.1250
[defaults] Restoring Best Ever State (Score: -0.2626)
[defaults] Epoch 0: Val Loss 0.75125 | Temp 0.5000

[defaults] --- Stagnation at Score -0.6341 ---
  [defaults] [Evolution] Targeting Chain 0 Layer 0 (Imp: 2.234e-04)...
    [defaults] -> Mutating: SIN ===> TANH
  [defaults] [Result] 'TANH' ACCEPTED. Score: -0.6343 (Delta: 0.0002)
[defaults] Epoch 500: Val Loss 0.61957 | Temp 0.3750
[defaults] Epoch 1000: Val Loss 0.41289 | Temp 0.2500
[defaults] Epoch 1500: Val Loss 0.19239 | Temp 0.1250
[defaults] Restoring Best Ever State (Score: -0.1842)
[defaults] Epoch 0: Val Loss 1.08957 | Temp 0.5000
[defaults] Epoch 500: Val Loss 0.63288 | Temp 0.3750
[defaults] Epoch 1000: Val Loss 0.46394 | Temp 0.2500
[defaults] Epoch 1500: Val Loss 0.23036 | Temp 0.1250
[defaults] Restoring Best Ever State (Score: -0.1869)
[defaults] Epoch 0: Val Loss 0.67191 | Temp 0.5000
[defaults] Epoch 500: Val Loss 0.22102 | Temp 0.3750
[defaults] Epoch 1000: Val Loss 0.06088 | Temp 0.2500
[defaults] Epoch 1500: Val Loss 0.05434 | Temp 0.1250
[defaults] Restoring Best Ever State (Score: -0.0540)
defaults   legacy     2000    0/8       2.135e-01    5.054e-02  gaussian,gaussian; relu,tanh; tanh,tanh
[defaults] Epoch 0: Val Loss 1.67312 | Temp 0.5000
[defaults] Epoch 500: Val Loss 0.68447 | Temp 0.4583
[defaults] Epoch 1000: Val Loss 0.64275 | Temp 0.4167
[defaults] Epoch 1500: Val Loss 0.52887 | Temp 0.3750
[defaults] Epoch 2000: Val Loss 0.27039 | Temp 0.3333
[defaults] Epoch 2500: Val Loss 0.17207 | Temp 0.2917
[defaults] Epoch 3000: Val Loss 0.14796 | Temp 0.2500
[defaults] Epoch 3500: Val Loss 0.14407 | Temp 0.2083

[defaults] --- Stagnation at Score -0.1439 ---
  [defaults] [Evolution] Targeting Chain 0 Layer 0 (Imp: 2.350e-04)...
    [defaults] -> Mutating: GAUSSIAN ===> SQUARE
  [defaults] [Result] 'SQUARE' REJECTED. Score: -0.3882 (Delta: -0.2443)
  [defaults] Instant Retry: Triggering evolution again...

[defaults] --- Stagnation at Score -0.1439 ---
  [defaults] [Evolution] Targeting Chain 0 Layer 0 (Imp: 2.350e-04)...
    [defaults] -> Mutating: GAUSSIAN ===> TANH
  [defaults] [Result] 'TANH' ACCEPTED. Score: -0.3742 (Delta: 0.0140)

[defaults] --- Stagnation at Score -0.1439 ---
  [defaults] [Evolution] Targeting Chain 0 Layer 0 (Imp: 5.198e-05)...
    [defaults] -> Mutating: TANH ===> GAUSSIAN
  [defaults] [Result] 'GAUSSIAN' REJECTED. Score: -0.6331 (Delta: -0.3195)
  [defaults] Instant Retry: Triggering evolution again...

[defaults] --- Stagnation at Score -0.1439 ---
  [defaults] [Evolution] Targeting Chain 0 Layer 0 (Imp: 5.198e-05)...
    [defaults] -> Mutating: TANH ===> SIN
  [defaults] [Result] 'SIN' ACCEPTED. Score: -0.2893 (Delta: 0.3438)

[defaults] --- Stagnation at Score -0.1439 ---
  [defaults] [Evolution] Targeting Chain 0 Layer 0 (Imp: 1.517e-04)...
    [defaults] -> Mutating: SIN ===> RELU
  [defaults] [Result] 'RELU' ACCEPTED (RISKY). Score: -0.2987 (Delta: -0.0761)

[defaults] --- Stagnation at Score -0.1439 ---
  [defaults] [Evolution] Targeting Chain 0 Layer 0 (Imp: 3.563e-05)...
    [defaults] -> Mutating: RELU ===> SIN
  [defaults] [Result] 'SIN' ACCEPTED. Score: -0.2491 (Delta: 0.0043)

[defaults] --- Stagnation at Score -0.1439 ---
  [defaults] [Evolution] Targeting Chain 0 Layer 0 (Imp: 1.095e-04)...
    [defaults] -> Mutating: SIN ===> RELU
  [defaults] [Result] 'RELU' ACCEPTED (RISKY). Score: -0.2356 (Delta: -0.0314)
[defaults] Epoch 4000: Val Loss 0.21372 | Temp 0.1667

[defaults] --- Stagnation at Score -0.1439 ---
  [defaults] [Evolution] Targeting Chain 0 Layer 0 (Imp: 2.830e-05)...
    [defaults] -> Mutating: RELU ===> IDENTITY
  [defaults] [Result] 'IDENTITY' ACCEPTED (RISKY). Score: -0.2298 (Delta: -0.0166)

[defaults] --- Stagnation at Score -0.1439 ---
  [defaults] [Evolution] Targeting Chain 0 Layer 0 (Imp: 4.117e-05)...
    [defaults] -> Mutating: IDENTITY ===> SIN
  [defaults] [Result] 'SIN' ACCEPTED. Score: -0.1895 (Delta: 0.0251)

[defaults] --- Stagnation at Score -0.1439 ---
  [defaults] [Evolution] Targeting Chain 0 Layer 0 (Imp: 1.173e-04)...
    [defaults] -> Mutating: SIN ===> IDENTITY
  [defaults] [Result] 'IDENTITY' ACCEPTED (RISKY). Score: -0.2034 (Delta: -0.0231)

[defaults] --- Stagnation at Score -0.1439 ---
  [defaults] [Evolution] Targeting Chain 0 Layer 0 (Imp: 3.821e-05)...
    [defaults] -> Mutating: IDENTITY ===> TANH
  [defaults] [Result] 'TANH' ACCEPTED. Score: -0.1878 (Delta: 0.0010)

[defaults] --- Stagnation at Score -0.1439 ---
  [defaults] [Evolution] Targeting Chain 0 Layer 0 (Imp: 4.271e-05)...
    [defaults] -> Mutating: TANH ===> RELU
  [defaults] [Result] 'RELU' REJECTED. Score: -0.1846 (Delta: -0.0062)
  [defaults] Instant Retry: Triggering evolution again...

[defaults] --- Stagnation at Score -0.1439 ---
  [defaults] [Evolution] Targeting Chain 0 Layer 0 (Imp: 4.271e-05)...
    [defaults] -> Mutating: TANH ===> IDENTITY
  [defaults] [Result] 'IDENTITY' ACCEPTED (RISKY). Score: -0.1860 (Delta: -0.0014)

[defaults] --- Stagnation at Score -0.1439 ---
  [defaults] [Evolution] Targeting Chain 0 Layer 0 (Imp: 4.607e-05)...
    [defaults] -> Mutating: IDENTITY ===> SIN
  [defaults] [Result] 'SIN' REJECTED. Score: -0.1968 (Delta: -0.0223)
  [defaults] Instant Retry: Triggering evolution again...

[defaults] --- Stagnation at Score -0.1439 ---
  [defaults] [Evolution] Targeting Chain 0 Layer 0 (Imp: 4.607e-05)...
    [defaults] -> Mutating: IDENTITY ===> TANH
  [defaults] [Result] 'TANH' ACCEPTED. Score: -0.1805 (Delta: 0.0163)

[defaults] --- Stagnation at Score -0.1439 ---
  [defaults] [Evolution] Targeting Chain 0 Layer 0 (Imp: 2.199e-05)...
    [defaults] -> Mutating: TANH ===> IDENTITY
  [defaults] [Result] 'IDENTITY' ACCEPTED (RISKY). Score: -0.1739 (Delta: -0.0021)

[defaults] --- Stagnation at Score -0.1439 ---
  [defaults] [Evolution] Targeting Chain 0 Layer 0 (Imp: 3.105e-05)...
    [defaults] -> Mutating: IDENTITY ===> TANH
  [defaults] [Result] 'TANH' ACCEPTED. Score: -0.1642 (Delta: 0.0032)

[defaults] --- Stagnation at Score -0.1439 ---
  [defaults] [Evolution] Targeting Chain 0 Layer 0 (Imp: 5.135e-05)...
    [defaults] -> Mutating: TANH ===> IDENTITY
  [defaults] [Result] 'IDENTITY' ACCEPTED (RISKY). Score: -0.1728 (Delta: -0.0131)

[defaults] --- Stagnation at Score -0.1439 ---
  [defaults] [Evolution] Targeting Chain 0 Layer 0 (Imp: 2.527e-05)...
    [defaults] -> Mutating: IDENTITY ===> TANH
  [defaults] [Result] 'TANH' ACCEPTED. Score: -0.1577 (Delta: 0.0037)

[defaults] --- Stagnation at Score -0.1439 ---
  [defaults] [Evolution] Targeting Chain 0 Layer 0 (Imp: 4.192e-05)...
    [defaults] -> Mutating: TANH ===> IDENTITY
  [defaults] [Result] 'IDENTITY' ACCEPTED (RISKY). Score: -0.1664 (Delta: -0.0119)

[defaults] --- Stagnation at Score -0.1439 ---
  [defaults] [Evolution] Targeting Chain 0 Layer 0 (Imp: 3.828e-05)...
    [defaults] -> Mutating: IDENTITY ===> TANH
  [defaults] [Result] 'TANH' ACCEPTED. Score: -0.1546 (Delta: 0.0012)
[defaults] Epoch 4500: Val Loss 0.15377 | Temp 0.1250

[defaults] --- Stagnation at Score -0.1439 ---
  [defaults] [Evolution] Targeting Chain 0 Layer 0 (Imp: 2.413e-05)...
    [defaults] -> Mutating: TANH ===> IDENTITY
  [defaults] [Result] 'IDENTITY' ACCEPTED (RISKY). Score: -0.1515 (Delta: -0.0004)

[defaults] --- Stagnation at Score -0.1439 ---
  [defaults] [Evolution] Targeting Chain 0 Layer 0 (Imp: 3.167e-05)...
    [defaults] -> Mutating: IDENTITY ===> TANH
  [defaults] [Result] 'TANH' ACCEPTED. Score: -0.1465 (Delta: 0.0025)

[defaults] --- Stagnation at Score -0.1439 ---
  [defaults] [Evolution] Targeting Chain 0 Layer 0 (Imp: 3.333e-05)...
    [defaults] -> Mutating: TANH ===> IDENTITY
  [defaults] [Result] 'IDENTITY' ACCEPTED. Score: -0.1464 (Delta: 0.0007)

[defaults] --- Stagnation at Score -0.1439 ---
  [defaults] [Evolution] Targeting Chain 0 Layer 0 (Imp: 3.095e-05)...
    [defaults] -> Mutating: IDENTITY ===> TANH
  [defaults] [Result] 'TANH' ACCEPTED (RISKY). Score: -0.1461 (Delta: -0.0002)

[defaults] --- Stagnation at Score -0.1439 ---
  [defaults] [Evolution] Targeting Chain 0 Layer 0 (Imp: 2.676e-05)...
    [defaults] -> Mutating: TANH ===> IDENTITY
  [defaults] [Result] 'IDENTITY' ACCEPTED (RISKY). Score: -0.1467 (Delta: -0.0024)
[defaults] Epoch 5000: Val Loss 0.13580 | Temp 0.0833
[defaults] Epoch 5500: Val Loss 0.12606 | Temp 0.0417
[defaults] Restoring Best Ever State (Score: -0.1203)
[defaults] Epoch 0: Val Loss 0.61325 | Temp 0.5000
[defaults] Epoch 500: Val Loss 0.36250 | Temp 0.4583
[defaults] Epoch 1000: Val Loss 0.28008 | Temp 0.4167
[defaults] Epoch 1500: Val Loss 0.24410 | Temp 0.3750
[defaults] Epoch 2000: Val Loss 0.23009 | Temp 0.3333
[defaults] Epoch 2500: Val Loss 0.21432 | Temp 0.2917
[defaults] Epoch 3000: Val Loss 0.19701 | Temp 0.2500
[defaults] Epoch 3500: Val Loss 0.18122 | Temp 0.2083
[defaults] Epoch 4000: Val Loss 0.17026 | Temp 0.1667
[defaults] Epoch 4500: Val Loss 0.16207 | Temp 0.1250
[defaults] Epoch 5000: Val Loss 0.15678 | Temp 0.0833
[defaults] Epoch 5500: Val Loss 0.15284 | Temp 0.0417
[defaults] Restoring Best Ever State (Score: -0.1503)
[defaults] Epoch 0: Val Loss 0.71423 | Temp 0.5000
[defaults] Epoch 500: Val Loss 0.32652 | Temp 0.4583
[defaults] Epoch 1000: Val Loss 0.30241 | Temp 0.4167
[defaults] Epoch 1500: Val Loss 0.28375 | Temp 0.3750
[defaults] Epoch 2000: Val Loss 0.26293 | Temp 0.3333
[defaults] Epoch 2500: Val Loss 0.22588 | Temp 0.2917
[defaults] Epoch 3000: Val Loss 0.16710 | Temp 0.2500
[defaults] Epoch 3500: Val Loss 0.13372 | Temp 0.2083
[defaults] Epoch 4000: Val Loss 0.12181 | Temp 0.1667
[defaults] Epoch 4500: Val Loss 0.11809 | Temp 0.1250
[defaults] Epoch 5000: Val Loss 0.11678 | Temp 0.0833
[defaults] Epoch 5500: Val Loss 0.11601 | Temp 0.0417
[defaults] Restoring Best Ever State (Score: -0.1154)
[defaults] Epoch 0: Val Loss 0.65972 | Temp 0.5000
[defaults] Epoch 500: Val Loss 0.32092 | Temp 0.4583
[defaults] Epoch 1000: Val Loss 0.27868 | Temp 0.4167

[defaults] --- Stagnation at Score -0.2780 ---
  [defaults] [Evolution] Targeting Chain 1 Layer 0 (Imp: 2.242e-05)...
    [defaults] -> Mutating: RELU ===> IDENTITY
  [defaults] [Result] 'IDENTITY' ACCEPTED (RISKY). Score: -0.2784 (Delta: -0.0003)
[defaults] Epoch 1500: Val Loss 0.26847 | Temp 0.3750
[defaults] Epoch 2000: Val Loss 0.25395 | Temp 0.3333

[defaults] --- Stagnation at Score -0.2513 ---
  [defaults] [Evolution] Targeting Chain 1 Layer 0 (Imp: 9.722e-04)...
    [defaults] -> Mutating: IDENTITY ===> RELU
  [defaults] [Result] 'RELU' REJECTED. Score: -2.8889 (Delta: -2.6376)
  [defaults] Instant Retry: Triggering evolution again...

[defaults] --- Stagnation at Score -0.2513 ---
  [defaults] [Evolution] Targeting Chain 1 Layer 0 (Imp: 9.722e-04)...
    [defaults] -> Mutating: IDENTITY ===> TANH
  [defaults] [Result] 'TANH' ACCEPTED. Score: -2.8576 (Delta: 0.0313)

[defaults] --- Stagnation at Score -0.2513 ---
  [defaults] [Evolution] Targeting Chain 1 Layer 0 (Imp: 3.115e-04)...
    [defaults] -> Mutating: TANH ===> GAUSSIAN
  [defaults] [Result] 'GAUSSIAN' REJECTED. Score: -9.3814 (Delta: -7.0917)
  [defaults] Instant Retry: Triggering evolution again...

[defaults] --- Stagnation at Score -0.2513 ---
  [defaults] [Evolution] Targeting Chain 1 Layer 0 (Imp: 3.115e-04)...
    [defaults] -> Mutating: TANH ===> SIN
  [defaults] [Result] 'SIN' ACCEPTED. Score: -2.0205 (Delta: 7.3608)

[defaults] --- Stagnation at Score -0.2513 ---
  [defaults] [Evolution] Targeting Chain 1 Layer 0 (Imp: 7.373e-04)...
    [defaults] -> Mutating: SIN ===> SQUARE
[defaults] Epoch 2500: Val Loss 1.91304 | Temp 0.2917
  [defaults] [Result] 'SQUARE' REJECTED. Score: -1.8926 (Delta: -0.5748)
  [defaults] Instant Retry: Triggering evolution again...

[defaults] --- Stagnation at Score -0.2513 ---
  [defaults] [Evolution] Targeting Chain 1 Layer 0 (Imp: 7.373e-04)...
    [defaults] -> Mutating: SIN ===> IDENTITY
  [defaults] [Result] 'IDENTITY' REJECTED. Score: -1.9091 (Delta: -0.0165)
  [defaults] Instant Retry: Triggering evolution again...

[defaults] --- Stagnation at Score -0.2513 ---
  [defaults] [Evolution] Targeting Chain 1 Layer 0 (Imp: 7.373e-04)...
    [defaults] -> Mutating: SIN ===> TANH
  [defaults] [Result] 'TANH' ACCEPTED. Score: -1.8828 (Delta: 0.0263)

[defaults] --- Stagnation at Score -0.2513 ---
  [defaults] [Evolution] Targeting Chain 1 Layer 0 (Imp: 1.507e-04)...
    [defaults] -> Mutating: TANH ===> SIN
  [defaults] [Result] 'SIN' ACCEPTED (RISKY). Score: -1.6428 (Delta: -0.1642)

[defaults] --- Stagnation at Score -0.2513 ---
  [defaults] [Evolution] Targeting Chain 1 Layer 0 (Imp: 4.430e-04)...
    [defaults] -> Mutating: SIN ===> TANH
  [defaults] [Result] 'TANH' ACCEPTED (RISKY). Score: -1.2276 (Delta: -0.1208)

[defaults] --- Stagnation at Score -0.2513 ---
  [defaults] [Evolution] Targeting Chain 1 Layer 0 (Imp: 1.133e-04)...
    [defaults] -> Mutating: TANH ===> SIN
  [defaults] [Result] 'SIN' REJECTED. Score: -1.0980 (Delta: -0.1348)
  [defaults] Instant Retry: Triggering evolution again...

[defaults] --- Stagnation at Score -0.2513 ---
  [defaults] [Evolution] Targeting Chain 1 Layer 0 (Imp: 1.133e-04)...
  [defaults] [Evolution] Targeting Chain 0 Layer 0 (Imp: 6.595e-03)...
    [defaults] -> Mutating: RELU ===> TANH
  [defaults] [Result] 'TANH' REJECTED. Score: -2.0803 (Delta: -0.9823)
  [defaults] Instant Retry: Triggering evolution again...

[defaults] --- Stagnation at Score -0.2513 ---
  [defaults] [Evolution] Targeting Chain 1 Layer 0 (Imp: 1.133e-04)...
  [defaults] [Evolution] Targeting Chain 0 Layer 0 (Imp: 6.595e-03)...
    [defaults] -> Mutating: RELU ===> GAUSSIAN
  [defaults] [Result] 'GAUSSIAN' ACCEPTED. Score: -0.8398 (Delta: 1.2405)

[defaults] --- Stagnation at Score -0.2513 ---
  [defaults] [Evolution] Targeting Chain 1 Layer 0 (Imp: 2.774e-04)...
  [defaults] [Evolution] Targeting Chain 0 Layer 0 (Imp: 4.645e-03)...
    [defaults] -> Mutating: GAUSSIAN ===> IDENTITY
  [defaults] [Result] 'IDENTITY' REJECTED. Score: -2.3337 (Delta: -1.6274)
  [defaults] Instant Retry: Triggering evolution again...

[defaults] --- Stagnation at Score -0.2513 ---
  [defaults] [Evolution] Targeting Chain 1 Layer 0 (Imp: 2.774e-04)...
  [defaults] [Evolution] Targeting Chain 0 Layer 0 (Imp: 4.645e-03)...
    [defaults] -> Mutating: GAUSSIAN ===> SQUARE
  [defaults] [Result] 'SQUARE' ACCEPTED (RISKY). Score: -2.4134 (Delta: -0.0798)

[defaults] --- Stagnation at Score -0.2513 ---
  [defaults] [Evolution] Targeting Chain 0 Layer 0 (Imp: 1.354e-05)...
    [defaults] -> Mutating: SQUARE ===> GAUSSIAN
  [defaults] [Result] 'GAUSSIAN' ACCEPTED. Score: -0.6902 (Delta: 1.4576)

[defaults] --- Stagnation at Score -0.2513 ---
  [defaults] [Evolution] Targeting Chain 1 Layer 0 (Imp: 2.988e-04)...
  [defaults] [Evolution] Targeting Chain 0 Layer 0 (Imp: 4.046e-03)...
    [defaults] -> Mutating: GAUSSIAN ===> SIN
  [defaults] [Result] 'SIN' REJECTED. Score: -2.2182 (Delta: -1.6277)
  [defaults] Instant Retry: Triggering evolution again...

[defaults] --- Stagnation at Score -0.2513 ---
  [defaults] [Evolution] Targeting Chain 1 Layer 0 (Imp: 2.988e-04)...
  [defaults] [Evolution] Targeting Chain 0 Layer 0 (Imp: 4.046e-03)...
    [defaults] -> Mutating: GAUSSIAN ===> SQUARE
  [defaults] [Result] 'SQUARE' REJECTED. Score: -2.3137 (Delta: -0.0956)
  [defaults] Instant Retry: Triggering evolution again...

[defaults] --- Stagnation at Score -0.2513 ---
  [defaults] [Evolution] Targeting Chain 1 Layer 0 (Imp: 2.988e-04)...
  [defaults] [Evolution] Targeting Chain 0 Layer 0 (Imp: 4.046e-03)...
    [defaults] -> Mutating: GAUSSIAN ===> RELU
  [defaults] [Result] 'RELU' ACCEPTED. Score: -2.2272 (Delta: 0.0865)

[defaults] --- Stagnation at Score -0.2513 ---
  [defaults] [Evolution] Targeting Chain 0 Layer 0 (Imp: 2.246e-04)...
    [defaults] -> Mutating: RELU ===> GAUSSIAN
  [defaults] [Result] 'GAUSSIAN' ACCEPTED. Score: -0.5857 (Delta: 1.2763)

[defaults] --- Stagnation at Score -0.2513 ---
  [defaults] [Evolution] Targeting Chain 1 Layer 0 (Imp: 3.681e-04)...
  [defaults] [Evolution] Targeting Chain 0 Layer 0 (Imp: 3.603e-03)...
    [defaults] -> Mutating: GAUSSIAN ===> RELU
  [defaults] [Result] 'RELU' REJECTED. Score: -2.1556 (Delta: -1.6470)
  [defaults] Instant Retry: Triggering evolution again...

[defaults] --- Stagnation at Score -0.2513 ---
  [defaults] [Evolution] Targeting Chain 1 Layer 0 (Imp: 3.681e-04)...
  [defaults] [Evolution] Targeting Chain 0 Layer 0 (Imp: 3.603e-03)...
[defaults] No mutations possible or supported.
[defaults] Restoring Best Ever State (Score: -0.2513)
[defaults] Epoch 0: Val Loss 1.69864 | Temp 0.5000
[defaults] Epoch 500: Val Loss 0.77008 | Temp 0.4583
[defaults] Epoch 1000: Val Loss 0.49138 | Temp 0.4167
[defaults] Epoch 1500: Val Loss 0.36080 | Temp 0.3750
[defaults] Epoch 2000: Val Loss 0.26245 | Temp 0.3333
[defaults] Epoch 2500: Val Loss 0.21713 | Temp 0.2917
[defaults] Epoch 3000: Val Loss 0.19868 | Temp 0.2500
[defaults] Epoch 3500: Val Loss 0.19186 | Temp 0.2083
[defaults] Epoch 4000: Val Loss 0.18965 | Temp 0.1667
[defaults] Epoch 4500: Val Loss 0.18887 | Temp 0.1250
[defaults] Epoch 5000: Val Loss 0.18828 | Temp 0.0833
[defaults] Epoch 5500: Val Loss 0.18765 | Temp 0.0417
[defaults] Restoring Best Ever State (Score: -0.1871)
[defaults] Epoch 0: Val Loss 0.75125 | Temp 0.5000

[defaults] --- Stagnation at Score -0.6341 ---
  [defaults] [Evolution] Targeting Chain 0 Layer 0 (Imp: 2.234e-04)...
    [defaults] -> Mutating: SIN ===> TANH
  [defaults] [Result] 'TANH' ACCEPTED. Score: -0.6343 (Delta: 0.0002)
[defaults] Epoch 500: Val Loss 0.61957 | Temp 0.4583
[defaults] Epoch 1000: Val Loss 0.41289 | Temp 0.4167
[defaults] Epoch 1500: Val Loss 0.19239 | Temp 0.3750
[defaults] Epoch 2000: Val Loss 0.18414 | Temp 0.3333
[defaults] Epoch 2500: Val Loss 0.16995 | Temp 0.2917
[defaults] Epoch 3000: Val Loss 0.15422 | Temp 0.2500
[defaults] Epoch 3500: Val Loss 0.13953 | Temp 0.2083
[defaults] Epoch 4000: Val Loss 0.12718 | Temp 0.1667
[defaults] Epoch 4500: Val Loss 0.11730 | Temp 0.1250
[defaults] Epoch 5000: Val Loss 0.10957 | Temp 0.0833
[defaults] Epoch 5500: Val Loss 0.10353 | Temp 0.0417
[defaults] Restoring Best Ever State (Score: -0.0988)
[defaults] Epoch 0: Val Loss 1.08957 | Temp 0.5000
[defaults] Epoch 500: Val Loss 0.63288 | Temp 0.4583
[defaults] Epoch 1000: Val Loss 0.46394 | Temp 0.4167
[defaults] Epoch 1500: Val Loss 0.23036 | Temp 0.3750
[defaults] Epoch 2000: Val Loss 0.18684 | Temp 0.3333
[defaults] Epoch 2500: Val Loss 0.17943 | Temp 0.2917
[defaults] Epoch 3000: Val Loss 0.17665 | Temp 0.2500
[defaults] Epoch 3500: Val Loss 0.17529 | Temp 0.2083
[defaults] Epoch 4000: Val Loss 0.17462 | Temp 0.1667
[defaults] Epoch 4500: Val Loss 0.17402 | Temp 0.1250
[defaults] Epoch 5000: Val Loss 0.17160 | Temp 0.0833
[defaults] Epoch 5500: Val Loss 0.16307 | Temp 0.0417
[defaults] Restoring Best Ever State (Score: -0.1549)
[defaults] Epoch 0: Val Loss 0.67191 | Temp 0.5000
[defaults] Epoch 500: Val Loss 0.22102 | Temp 0.4583
[defaults] Epoch 1000: Val Loss 0.06088 | Temp 0.4167
[defaults] Epoch 1500: Val Loss 0.05434 | Temp 0.3750
[defaults] Epoch 2000: Val Loss 0.05403 | Temp 0.3333
[defaults] Epoch 2500: Val Loss 0.05375 | Temp 0.2917
[defaults] Epoch 3000: Val Loss 0.05355 | Temp 0.2500
[defaults] Epoch 3500: Val Loss 0.05341 | Temp 0.2083
[defaults] Epoch 4000: Val Loss 0.05333 | Temp 0.1667
[defaults] Epoch 4500: Val Loss 0.05329 | Temp 0.1250

[defaults] --- Stagnation at Score -0.0533 ---
  [defaults] [Evolution] Targeting Chain 1 Layer 0 (Imp: 8.456e-05)...
    [defaults] -> Mutating: RELU ===> SIN
  [defaults] [Result] 'SIN' REJECTED. Score: -0.1009 (Delta: -0.0476)
  [defaults] Instant Retry: Triggering evolution again...

[defaults] --- Stagnation at Score -0.0533 ---
  [defaults] [Evolution] Targeting Chain 1 Layer 0 (Imp: 8.456e-05)...
    [defaults] -> Mutating: RELU ===> TANH
  [defaults] [Result] 'TANH' ACCEPTED. Score: -0.0998 (Delta: 0.0012)

[defaults] --- Stagnation at Score -0.0533 ---
  [defaults] [Evolution] Targeting Chain 1 Layer 0 (Imp: 1.972e-05)...
    [defaults] -> Mutating: TANH ===> GAUSSIAN
  [defaults] [Result] 'GAUSSIAN' REJECTED. Score: -0.9985 (Delta: -0.9032)
  [defaults] Instant Retry: Triggering evolution again...

[defaults] --- Stagnation at Score -0.0533 ---
  [defaults] [Evolution] Targeting Chain 1 Layer 0 (Imp: 1.972e-05)...
    [defaults] -> Mutating: TANH ===> SQUARE
  [defaults] [Result] 'SQUARE' ACCEPTED. Score: -0.0965 (Delta: 0.9020)

[defaults] --- Stagnation at Score -0.0533 ---
  [defaults] [Evolution] Targeting Chain 1 Layer 0 (Imp: 3.885e-06)...
    [defaults] -> Mutating: SQUARE ===> IDENTITY
  [defaults] [Result] 'IDENTITY' ACCEPTED (RISKY). Score: -0.0954 (Delta: -0.0012)

[defaults] --- Stagnation at Score -0.0533 ---
  [defaults] [Evolution] Targeting Chain 1 Layer 0 (Imp: 1.582e-05)...
    [defaults] -> Mutating: IDENTITY ===> RELU
  [defaults] [Result] 'RELU' ACCEPTED. Score: -0.0928 (Delta: 0.0022)

[defaults] --- Stagnation at Score -0.0533 ---
  [defaults] [Evolution] Targeting Chain 1 Layer 0 (Imp: 1.117e-05)...
    [defaults] -> Mutating: RELU ===> TANH
  [defaults] [Result] 'TANH' ACCEPTED (RISKY). Score: -0.0952 (Delta: -0.0058)
[defaults] Epoch 5000: Val Loss 0.09529 | Temp 0.0833

[defaults] --- Stagnation at Score -0.0533 ---
  [defaults] [Evolution] Targeting Chain 1 Layer 0 (Imp: 1.003e-05)...
    [defaults] -> Mutating: TANH ===> IDENTITY
  [defaults] [Result] 'IDENTITY' ACCEPTED. Score: -0.0951 (Delta: 0.0002)

[defaults] --- Stagnation at Score -0.0533 ---
  [defaults] [Evolution] Targeting Chain 1 Layer 0 (Imp: 1.525e-05)...
    [defaults] -> Mutating: IDENTITY ===> SQUARE
  [defaults] [Result] 'SQUARE' ACCEPTED (RISKY). Score: -0.0953 (Delta: -0.0002)

[defaults] --- Stagnation at Score -0.0533 ---
  [defaults] [Evolution] Targeting Chain 1 Layer 0 (Imp: 3.016e-06)...
    [defaults] -> Mutating: SQUARE ===> IDENTITY
  [defaults] [Result] 'IDENTITY' ACCEPTED (RISKY). Score: -0.0950 (Delta: -0.0008)

[defaults] --- Stagnation at Score -0.0533 ---
  [defaults] [Evolution] Targeting Chain 1 Layer 0 (Imp: 1.411e-05)...
    [defaults] -> Mutating: IDENTITY ===> SQUARE
  [defaults] [Result] 'SQUARE' ACCEPTED (RISKY). Score: -0.0957 (Delta: -0.0005)

[defaults] --- Stagnation at Score -0.0533 ---
  [defaults] [Evolution] Targeting Chain 1 Layer 0 (Imp: 1.135e-06)...
    [defaults] -> Mutating: SQUARE ===> TANH
  [defaults] [Result] 'TANH' ACCEPTED. Score: -0.0948 (Delta: 0.0001)

[defaults] --- Stagnation at Score -0.0533 ---
  [defaults] [Evolution] Targeting Chain 1 Layer 0 (Imp: 1.709e-05)...
    [defaults] -> Mutating: TANH ===> IDENTITY
  [defaults] [Result] 'IDENTITY' ACCEPTED (RISKY). Score: -0.0964 (Delta: -0.0012)

[defaults] --- Stagnation at Score -0.0533 ---
  [defaults] [Evolution] Targeting Chain 1 Layer 0 (Imp: 6.531e-06)...
    [defaults] -> Mutating: IDENTITY ===> TANH
  [defaults] [Result] 'TANH' ACCEPTED (RISKY). Score: -0.0967 (Delta: -0.0012)

[defaults] --- Stagnation at Score -0.0533 ---
  [defaults] [Evolution] Targeting Chain 1 Layer 0 (Imp: 9.127e-06)...
    [defaults] -> Mutating: TANH ===> IDENTITY
  [defaults] [Result] 'IDENTITY' ACCEPTED (RISKY). Score: -0.0963 (Delta: -0.0007)

[defaults] --- Stagnation at Score -0.0533 ---
  [defaults] [Evolution] Targeting Chain 1 Layer 0 (Imp: 9.210e-06)...
    [defaults] -> Mutating: IDENTITY ===> SQUARE
  [defaults] [Result] 'SQUARE' ACCEPTED. Score: -0.0951 (Delta: 0.0003)

[defaults] --- Stagnation at Score -0.0533 ---
  [defaults] [Evolution] Targeting Chain 1 Layer 0 (Imp: 3.249e-06)...
    [defaults] -> Mutating: SQUARE ===> IDENTITY
  [defaults] [Result] 'IDENTITY' ACCEPTED (RISKY). Score: -0.0949 (Delta: -0.0009)

[defaults] --- Stagnation at Score -0.0533 ---
  [defaults] [Evolution] Targeting Chain 1 Layer 0 (Imp: 1.770e-05)...
    [defaults] -> Mutating: IDENTITY ===> RELU
  [defaults] [Result] 'RELU' ACCEPTED. Score: -0.0946 (Delta: 0.0006)

[defaults] --- Stagnation at Score -0.0533 ---
  [defaults] [Evolution] Targeting Chain 1 Layer 0 (Imp: 6.440e-06)...
    [defaults] -> Mutating: RELU ===> TANH
[defaults] Epoch 5500: Val Loss 0.09775 | Temp 0.0417
  [defaults] [Result] 'TANH' ACCEPTED (RISKY). Score: -0.0976 (Delta: -0.0052)

[defaults] --- Stagnation at Score -0.0533 ---
  [defaults] [Evolution] Targeting Chain 1 Layer 0 (Imp: 1.755e-05)...
    [defaults] -> Mutating: TANH ===> RELU
  [defaults] [Result] 'RELU' ACCEPTED. Score: -0.0919 (Delta: 0.0042)

[defaults] --- Stagnation at Score -0.0533 ---
  [defaults] [Evolution] Targeting Chain 1 Layer 0 (Imp: 1.543e-05)...
    [defaults] -> Mutating: RELU ===> SQUARE
  [defaults] [Result] 'SQUARE' ACCEPTED (RISKY). Score: -0.0957 (Delta: -0.0080)

[defaults] --- Stagnation at Score -0.0533 ---
  [defaults] [Evolution] Targeting Chain 1 Layer 0 (Imp: 2.418e-06)...
    [defaults] -> Mutating: SQUARE ===> IDENTITY
  [defaults] [Result] 'IDENTITY' ACCEPTED (RISKY). Score: -0.0954 (Delta: -0.0002)

[defaults] --- Stagnation at Score -0.0533 ---
  [defaults] [Evolution] Targeting Chain 1 Layer 0 (Imp: 1.752e-05)...
    [defaults] -> Mutating: IDENTITY ===> TANH
  [defaults] [Result] 'TANH' ACCEPTED (RISKY). Score: -0.0954 (Delta: -0.0001)

[defaults] --- Stagnation at Score -0.0533 ---
  [defaults] [Evolution] Targeting Chain 1 Layer 0 (Imp: 1.504e-05)...
    [defaults] -> Mutating: TANH ===> IDENTITY
  [defaults] [Result] 'IDENTITY' ACCEPTED. Score: -0.0950 (Delta: 0.0003)

[defaults] --- Stagnation at Score -0.0533 ---
  [defaults] [Evolution] Targeting Chain 1 Layer 0 (Imp: 9.962e-06)...
    [defaults] -> Mutating: IDENTITY ===> RELU
  [defaults] [Result] 'RELU' ACCEPTED. Score: -0.0938 (Delta: 0.0013)

[defaults] --- Stagnation at Score -0.0533 ---
  [defaults] [Evolution] Targeting Chain 1 Layer 0 (Imp: 7.096e-06)...
    [defaults] -> Mutating: RELU ===> TANH
  [defaults] [Result] 'TANH' ACCEPTED (RISKY). Score: -0.0972 (Delta: -0.0064)

[defaults] --- Stagnation at Score -0.0533 ---
  [defaults] [Evolution] Targeting Chain 1 Layer 0 (Imp: 1.308e-05)...
    [defaults] -> Mutating: TANH ===> IDENTITY
  [defaults] [Result] 'IDENTITY' ACCEPTED. Score: -0.0953 (Delta: 0.0005)

[defaults] --- Stagnation at Score -0.0533 ---
  [defaults] [Evolution] Targeting Chain 1 Layer 0 (Imp: 9.640e-06)...
    [defaults] -> Mutating: IDENTITY ===> SQUARE
  [defaults] [Result] 'SQUARE' ACCEPTED (RISKY). Score: -0.0955 (Delta: -0.0003)

[defaults] --- Stagnation at Score -0.0533 ---
  [defaults] [Evolution] Targeting Chain 1 Layer 0 (Imp: 1.422e-06)...
    [defaults] -> Mutating: SQUARE ===> TANH
  [defaults] [Result] 'TANH' ACCEPTED (RISKY). Score: -0.0952 (Delta: -0.0006)

[defaults] --- Stagnation at Score -0.0533 ---
  [defaults] [Evolution] Targeting Chain 1 Layer 0 (Imp: 1.027e-05)...
    [defaults] -> Mutating: TANH ===> IDENTITY
  [defaults] [Result] 'IDENTITY' ACCEPTED (RISKY). Score: -0.0961 (Delta: -0.0009)

[defaults] --- Stagnation at Score -0.0533 ---
  [defaults] [Evolution] Targeting Chain 1 Layer 0 (Imp: 4.970e-06)...
    [defaults] -> Mutating: IDENTITY ===> SQUARE
[defaults] Restoring Best Ever State (Score: -0.0533)
defaults   legacy     6000    0/8       1.172e-01    4.990e-02  identity,gaussian; relu,tanh; tanh,tanh
[defaults] Epoch 0: Val Loss 1.67312 | Temp 0.5000
[defaults] Epoch 500: Val Loss 0.68447 | Temp 0.3750
[defaults] Epoch 1000: Val Loss 0.64275 | Temp 0.2500
[defaults] Epoch 1500: Val Loss 0.52887 | Temp 0.1250
[defaults] Restoring Best Ever State (Score: -0.2707)
[defaults] Epoch 0: Val Loss 0.61325 | Temp 0.5000
[defaults] Epoch 500: Val Loss 0.36250 | Temp 0.3750
[defaults] Epoch 1000: Val Loss 0.28008 | Temp 0.2500
[defaults] Epoch 1500: Val Loss 0.24410 | Temp 0.1250
[defaults] Restoring Best Ever State (Score: -0.2301)
[defaults] Epoch 0: Val Loss 0.71423 | Temp 0.5000
[defaults] Epoch 500: Val Loss 0.32652 | Temp 0.3750
[defaults] Epoch 1000: Val Loss 0.30241 | Temp 0.2500
[defaults] Epoch 1500: Val Loss 0.28375 | Temp 0.1250
[defaults] Restoring Best Ever State (Score: -0.2630)
[defaults] Epoch 0: Val Loss 0.65972 | Temp 0.5000
[defaults] Epoch 500: Val Loss 0.32092 | Temp 0.3750
[defaults] Epoch 1000: Val Loss 0.27868 | Temp 0.2500

[defaults] --- Stagnation at Score -0.2780 ---
  [defaults] [Evolution] Targeting Chain 1 Layer 0 (Imp: 2.244e-05)...
    [defaults] -> Mutating: RELU ===> IDENTITY
  [defaults] [Result] 'IDENTITY' ACCEPTED (RISKY). Score: -0.2781 (Delta: 0.0000)

[defaults] --- Stagnation at Score -0.2780 ---
  [defaults] [Evolution] Targeting Chain 1 Layer 0 (Imp: 3.827e-05)...
    [defaults] -> Mutating: IDENTITY ===> RELU
  [defaults] [Result] 'RELU' ACCEPTED. Score: -0.2946 (Delta: 0.0123)

[defaults] --- Stagnation at Score -0.2780 ---
  [defaults] [Evolution] Targeting Chain 1 Layer 0 (Imp: 3.872e-05)...
    [defaults] -> Mutating: RELU ===> SIN
  [defaults] [Result] 'SIN' ACCEPTED. Score: -0.2880 (Delta: 0.0005)

[defaults] --- Stagnation at Score -0.2780 ---
  [defaults] [Evolution] Targeting Chain 1 Layer 0 (Imp: 6.394e-05)...
    [defaults] -> Mutating: SIN ===> TANH
  [defaults] [Result] 'TANH' ACCEPTED. Score: -0.2995 (Delta: 0.0649)

[defaults] --- Stagnation at Score -0.2780 ---
  [defaults] [Evolution] Targeting Chain 1 Layer 0 (Imp: 7.050e-05)...
    [defaults] -> Mutating: TANH ===> SIN
  [defaults] [Result] 'SIN' ACCEPTED. Score: -0.2902 (Delta: 0.0013)

[defaults] --- Stagnation at Score -0.2780 ---
  [defaults] [Evolution] Targeting Chain 1 Layer 0 (Imp: 8.472e-05)...
    [defaults] -> Mutating: SIN ===> TANH
  [defaults] [Result] 'TANH' ACCEPTED. Score: -0.2888 (Delta: 0.0013)

[defaults] --- Stagnation at Score -0.2780 ---
  [defaults] [Evolution] Targeting Chain 1 Layer 0 (Imp: 8.815e-05)...
    [defaults] -> Mutating: TANH ===> GAUSSIAN
  [defaults] [Result] 'GAUSSIAN' ACCEPTED. Score: -0.2882 (Delta: 0.0004)

[defaults] --- Stagnation at Score -0.2780 ---
  [defaults] [Evolution] Targeting Chain 1 Layer 0 (Imp: 1.140e-04)...
    [defaults] -> Mutating: GAUSSIAN ===> TANH
  [defaults] [Result] 'TANH' ACCEPTED. Score: -0.3210 (Delta: 0.0728)

[defaults] --- Stagnation at Score -0.2780 ---
  [defaults] [Evolution] Targeting Chain 1 Layer 0 (Imp: 1.173e-04)...
    [defaults] -> Mutating: TANH ===> GAUSSIAN
  [defaults] [Result] 'GAUSSIAN' ACCEPTED. Score: -0.2977 (Delta: 0.0420)
[defaults] Epoch 1500: Val Loss 0.39179 | Temp 0.1250

[defaults] --- Stagnation at Score -0.2780 ---
  [defaults] [Evolution] Targeting Chain 1 Layer 0 (Imp: 1.340e-04)...
    [defaults] -> Mutating: GAUSSIAN ===> SQUARE
  [defaults] [Result] 'SQUARE' ACCEPTED. Score: -0.3148 (Delta: 0.0474)

[defaults] --- Stagnation at Score -0.2780 ---
  [defaults] [Evolution] Targeting Chain 1 Layer 0 (Imp: 1.339e-04)...
    [defaults] -> Mutating: SQUARE ===> RELU
  [defaults] [Result] 'RELU' ACCEPTED. Score: -0.3103 (Delta: 0.0075)

[defaults] --- Stagnation at Score -0.2780 ---
  [defaults] [Evolution] Targeting Chain 1 Layer 0 (Imp: 1.305e-04)...
    [defaults] -> Mutating: RELU ===> TANH
  [defaults] [Result] 'TANH' ACCEPTED. Score: -0.2900 (Delta: 0.0004)

[defaults] --- Stagnation at Score -0.2780 ---
  [defaults] [Evolution] Targeting Chain 1 Layer 0 (Imp: 1.312e-04)...
    [defaults] -> Mutating: TANH ===> IDENTITY
  [defaults] [Result] 'IDENTITY' ACCEPTED. Score: -0.2879 (Delta: 0.0030)

[defaults] --- Stagnation at Score -0.2780 ---
  [defaults] [Evolution] Targeting Chain 1 Layer 0 (Imp: 1.320e-04)...
    [defaults] -> Mutating: IDENTITY ===> RELU
  [defaults] [Result] 'RELU' ACCEPTED. Score: -0.2809 (Delta: 0.0027)

[defaults] --- Stagnation at Score -0.2780 ---
  [defaults] [Evolution] Targeting Chain 1 Layer 0 (Imp: 1.293e-04)...
    [defaults] -> Mutating: RELU ===> SQUARE
  [defaults] [Result] 'SQUARE' ACCEPTED. Score: -0.2822 (Delta: 0.0001)

[defaults] --- Stagnation at Score -0.2780 ---
  [defaults] [Evolution] Targeting Chain 1 Layer 0 (Imp: 1.268e-04)...
    [defaults] -> Mutating: SQUARE ===> TANH
  [defaults] [Result] 'TANH' ACCEPTED. Score: -0.2796 (Delta: 0.0020)

[defaults] --- Stagnation at Score -0.2780 ---
  [defaults] [Evolution] Targeting Chain 1 Layer 0 (Imp: 1.267e-04)...
    [defaults] -> Mutating: TANH ===> SQUARE
  [defaults] [Result] 'SQUARE' ACCEPTED. Score: -0.2795 (Delta: 0.0025)

[defaults] --- Stagnation at Score -0.2780 ---
  [defaults] [Evolution] Targeting Chain 1 Layer 0 (Imp: 1.245e-04)...
    [defaults] -> Mutating: SQUARE ===> SIN
  [defaults] [Result] 'SIN' ACCEPTED. Score: -0.2792 (Delta: 0.0021)

[defaults] --- Stagnation at Score -0.2780 ---
  [defaults] [Evolution] Targeting Chain 1 Layer 0 (Imp: 1.277e-04)...
    [defaults] -> Mutating: SIN ===> SQUARE
  [defaults] [Result] 'SQUARE' ACCEPTED. Score: -0.2786 (Delta: 0.0014)

[defaults] --- Stagnation at Score -0.2780 ---
  [defaults] [Evolution] Targeting Chain 1 Layer 0 (Imp: 1.255e-04)...
    [defaults] -> Mutating: SQUARE ===> IDENTITY
  [defaults] [Result] 'IDENTITY' ACCEPTED. Score: -0.2789 (Delta: 0.0037)

[defaults] --- Stagnation at Score -0.2780 ---
  [defaults] [Evolution] Targeting Chain 1 Layer 0 (Imp: 1.237e-04)...
    [defaults] -> Mutating: IDENTITY ===> RELU
  [defaults] [Result] 'RELU' ACCEPTED. Score: -0.2785 (Delta: 0.0000)
[defaults] Restoring Best Ever State (Score: -0.2780)
[defaults] Epoch 0: Val Loss 1.69864 | Temp 0.5000
[defaults] Epoch 500: Val Loss 0.77008 | Temp 0.3750
[defaults] Epoch 1000: Val Loss 0.49138 | Temp 0.2500
[defaults] Epoch 1500: Val Loss 0.36080 | Temp 0.1250
[defaults] Restoring Best Ever State (Score: -0.2626)
[defaults] Epoch 0: Val Loss 0.75125 | Temp 0.5000

[defaults] --- Stagnation at Score -0.6341 ---
  [defaults] [Evolution] Targeting Chain 0 Layer 0 (Imp: 2.232e-04)...
    [defaults] -> Mutating: SIN ===> TANH
[defaults] Epoch 500: Val Loss 0.45680 | Temp 0.3750
[defaults] Epoch 1000: Val Loss 0.17374 | Temp 0.2500
[defaults] Epoch 1500: Val Loss 0.12000 | Temp 0.1250
[defaults] Restoring Best Ever State (Score: -0.1104)
[defaults] Epoch 0: Val Loss 1.08957 | Temp 0.5000
[defaults] Epoch 500: Val Loss 0.63288 | Temp 0.3750
[defaults] Epoch 1000: Val Loss 0.46394 | Temp 0.2500
[defaults] Epoch 1500: Val Loss 0.23036 | Temp 0.1250
[defaults] Restoring Best Ever State (Score: -0.1869)
[defaults] Epoch 0: Val Loss 0.67191 | Temp 0.5000
[defaults] Epoch 500: Val Loss 0.22102 | Temp 0.3750
[defaults] Epoch 1000: Val Loss 0.06088 | Temp 0.2500
[defaults] Epoch 1500: Val Loss 0.05434 | Temp 0.1250
[defaults] Restoring Best Ever State (Score: -0.0540)
defaults   fixed      2000    0/8       2.135e-01    5.054e-02  gaussian,gaussian; relu,tanh; tanh,tanh
[defaults] Epoch 0: Val Loss 1.67312 | Temp 0.5000
[defaults] Epoch 500: Val Loss 0.68447 | Temp 0.4583
[defaults] Epoch 1000: Val Loss 0.64275 | Temp 0.4167
[defaults] Epoch 1500: Val Loss 0.52887 | Temp 0.3750
[defaults] Epoch 2000: Val Loss 0.27039 | Temp 0.3333
[defaults] Epoch 2500: Val Loss 0.17207 | Temp 0.2917
[defaults] Epoch 3000: Val Loss 0.14796 | Temp 0.2500
[defaults] Epoch 3500: Val Loss 0.14407 | Temp 0.2083

[defaults] --- Stagnation at Score -0.1439 ---
  [defaults] [Evolution] Targeting Chain 0 Layer 0 (Imp: 2.350e-04)...
    [defaults] -> Mutating: GAUSSIAN ===> SQUARE
  [defaults] [Result] 'SQUARE' ACCEPTED (RISKY). Score: -0.1439 (Delta: 0.0000)

[defaults] --- Stagnation at Score -0.1439 ---
  [defaults] [Evolution] Targeting Chain 1 Layer 0 (Imp: 2.594e-04)...
    [defaults] -> Mutating: GAUSSIAN ===> SQUARE
  [defaults] [Result] 'SQUARE' ACCEPTED. Score: -3.7161 (Delta: 0.0841)

[defaults] --- Stagnation at Score -0.1439 ---
  [defaults] [Evolution] Targeting Chain 1 Layer 0 (Imp: 4.471e-04)...
    [defaults] -> Mutating: SQUARE ===> GAUSSIAN
  [defaults] [Result] 'GAUSSIAN' ACCEPTED. Score: -1.4234 (Delta: 4.9576)

[defaults] --- Stagnation at Score -0.1439 ---
  [defaults] [Evolution] Targeting Chain 1 Layer 0 (Imp: 4.618e-04)...
    [defaults] -> Mutating: GAUSSIAN ===> SIN
  [defaults] [Result] 'SIN' ACCEPTED. Score: -1.3405 (Delta: 0.0017)

[defaults] --- Stagnation at Score -0.1439 ---
  [defaults] [Evolution] Targeting Chain 1 Layer 0 (Imp: 4.688e-04)...
    [defaults] -> Mutating: SIN ===> TANH
  [defaults] [Result] 'TANH' ACCEPTED. Score: -1.4835 (Delta: 0.2387)

[defaults] --- Stagnation at Score -0.1439 ---
  [defaults] [Evolution] Targeting Chain 1 Layer 0 (Imp: 4.723e-04)...
    [defaults] -> Mutating: TANH ===> SIN
  [defaults] [Result] 'SIN' ACCEPTED. Score: -1.3976 (Delta: 0.0025)
[defaults] Epoch 4000: Val Loss 1.56539 | Temp 0.1667

[defaults] --- Stagnation at Score -0.1439 ---
  [defaults] [Evolution] Targeting Chain 1 Layer 0 (Imp: 4.782e-04)...
    [defaults] -> Mutating: SIN ===> SQUARE
  [defaults] [Result] 'SQUARE' ACCEPTED. Score: -1.5231 (Delta: 0.0021)

[defaults] --- Stagnation at Score -0.1439 ---
  [defaults] [Evolution] Targeting Chain 1 Layer 0 (Imp: 5.211e-04)...
    [defaults] -> Mutating: SQUARE ===> RELU
  [defaults] [Result] 'RELU' ACCEPTED. Score: -1.2779 (Delta: 1.7811)

[defaults] --- Stagnation at Score -0.1439 ---
  [defaults] [Evolution] Targeting Chain 1 Layer 0 (Imp: 5.216e-04)...
    [defaults] -> Mutating: RELU ===> SQUARE
  [defaults] [Result] 'SQUARE' ACCEPTED. Score: -1.2299 (Delta: 0.0014)

[defaults] --- Stagnation at Score -0.1439 ---
  [defaults] [Evolution] Targeting Chain 1 Layer 0 (Imp: 5.419e-04)...
    [defaults] -> Mutating: SQUARE ===> RELU
  [defaults] [Result] 'RELU' ACCEPTED. Score: -1.1587 (Delta: 1.0536)

[defaults] --- Stagnation at Score -0.1439 ---
  [defaults] [Evolution] Targeting Chain 1 Layer 0 (Imp: 5.404e-04)...
    [defaults] -> Mutating: RELU ===> TANH
  [defaults] [Result] 'TANH' ACCEPTED. Score: -1.0648 (Delta: 0.0529)

[defaults] --- Stagnation at Score -0.1439 ---
  [defaults] [Evolution] Targeting Chain 1 Layer 0 (Imp: 5.386e-04)...
    [defaults] -> Mutating: TANH ===> IDENTITY
  [defaults] [Result] 'IDENTITY' ACCEPTED. Score: -0.9399 (Delta: 0.0705)

[defaults] --- Stagnation at Score -0.1439 ---
  [defaults] [Evolution] Targeting Chain 1 Layer 0 (Imp: 5.378e-04)...
    [defaults] -> Mutating: IDENTITY ===> TANH
  [defaults] [Result] 'TANH' ACCEPTED. Score: -0.8797 (Delta: 0.0017)

[defaults] --- Stagnation at Score -0.1439 ---
  [defaults] [Evolution] Targeting Chain 1 Layer 0 (Imp: 5.365e-04)...
    [defaults] -> Mutating: TANH ===> IDENTITY
  [defaults] [Result] 'IDENTITY' ACCEPTED. Score: -0.8098 (Delta: 0.0880)

[defaults] --- Stagnation at Score -0.1439 ---
  [defaults] [Evolution] Targeting Chain 1 Layer 0 (Imp: 5.357e-04)...
    [defaults] -> Mutating: IDENTITY ===> SIN
  [defaults] [Result] 'SIN' ACCEPTED. Score: -0.7723 (Delta: 0.0011)

[defaults] --- Stagnation at Score -0.1439 ---
  [defaults] [Evolution] Targeting Chain 1 Layer 0 (Imp: 5.360e-04)...
    [defaults] -> Mutating: SIN ===> IDENTITY
  [defaults] [Result] 'IDENTITY' ACCEPTED. Score: -0.7362 (Delta: 0.2845)

[defaults] --- Stagnation at Score -0.1439 ---
  [defaults] [Evolution] Targeting Chain 1 Layer 0 (Imp: 5.354e-04)...
    [defaults] -> Mutating: IDENTITY ===> GAUSSIAN
  [defaults] [Result] 'GAUSSIAN' ACCEPTED. Score: -0.7058 (Delta: 0.0053)

[defaults] --- Stagnation at Score -0.1439 ---
  [defaults] [Evolution] Targeting Chain 1 Layer 0 (Imp: 5.340e-04)...
    [defaults] -> Mutating: GAUSSIAN ===> TANH
  [defaults] [Result] 'TANH' ACCEPTED. Score: -0.7763 (Delta: 0.0265)
[defaults] Epoch 4500: Val Loss 0.78072 | Temp 0.1250

[defaults] --- Stagnation at Score -0.1439 ---
  [defaults] [Evolution] Targeting Chain 1 Layer 0 (Imp: 5.326e-04)...
    [defaults] -> Mutating: TANH ===> RELU
  [defaults] [Result] 'RELU' ACCEPTED. Score: -0.7678 (Delta: 0.0005)

[defaults] --- Stagnation at Score -0.1439 ---
  [defaults] [Evolution] Targeting Chain 1 Layer 0 (Imp: 5.291e-04)...
    [defaults] -> Mutating: RELU ===> TANH
  [defaults] [Result] 'TANH' ACCEPTED. Score: -0.7448 (Delta: 0.1261)

[defaults] --- Stagnation at Score -0.1439 ---
  [defaults] [Evolution] Targeting Chain 1 Layer 0 (Imp: 5.274e-04)...
    [defaults] -> Mutating: TANH ===> SQUARE
  [defaults] [Result] 'SQUARE' ACCEPTED. Score: -0.7311 (Delta: 0.0004)

[defaults] --- Stagnation at Score -0.1439 ---
  [defaults] [Evolution] Targeting Chain 1 Layer 0 (Imp: 5.376e-04)...
    [defaults] -> Mutating: SQUARE ===> IDENTITY
  [defaults] [Result] 'IDENTITY' ACCEPTED. Score: -0.6483 (Delta: 0.9168)

[defaults] --- Stagnation at Score -0.1439 ---
  [defaults] [Evolution] Targeting Chain 1 Layer 0 (Imp: 5.366e-04)...
    [defaults] -> Mutating: IDENTITY ===> SIN
  [defaults] [Result] 'SIN' ACCEPTED. Score: -0.6337 (Delta: 0.0006)

[defaults] --- Stagnation at Score -0.1439 ---
  [defaults] [Evolution] Targeting Chain 1 Layer 0 (Imp: 5.353e-04)...
    [defaults] -> Mutating: SIN ===> GAUSSIAN
  [defaults] [Result] 'GAUSSIAN' ACCEPTED. Score: -0.7121 (Delta: 0.1284)

[defaults] --- Stagnation at Score -0.1439 ---
  [defaults] [Evolution] Targeting Chain 1 Layer 0 (Imp: 5.331e-04)...
    [defaults] -> Mutating: GAUSSIAN ===> IDENTITY
  [defaults] [Result] 'IDENTITY' ACCEPTED. Score: -0.6111 (Delta: 0.0958)

[defaults] --- Stagnation at Score -0.1439 ---
  [defaults] [Evolution] Targeting Chain 1 Layer 0 (Imp: 5.315e-04)...
    [defaults] -> Mutating: IDENTITY ===> SIN
  [defaults] [Result] 'SIN' ACCEPTED. Score: -0.5976 (Delta: 0.0004)

[defaults] --- Stagnation at Score -0.1439 ---
  [defaults] [Evolution] Targeting Chain 1 Layer 0 (Imp: 5.301e-04)...
    [defaults] -> Mutating: SIN ===> SQUARE
  [defaults] [Result] 'SQUARE' ACCEPTED. Score: -0.8124 (Delta: 0.0004)

[defaults] --- Stagnation at Score -0.1439 ---
  [defaults] [Evolution] Targeting Chain 1 Layer 0 (Imp: 5.347e-04)...
    [defaults] -> Mutating: SQUARE ===> TANH
  [defaults] [Result] 'TANH' ACCEPTED. Score: -0.6553 (Delta: 0.5524)

[defaults] --- Stagnation at Score -0.1439 ---
  [defaults] [Evolution] Targeting Chain 1 Layer 0 (Imp: 5.325e-04)...
    [defaults] -> Mutating: TANH ===> GAUSSIAN
  [defaults] [Result] 'GAUSSIAN' ACCEPTED. Score: -0.6479 (Delta: 0.0003)

[defaults] --- Stagnation at Score -0.1439 ---
  [defaults] [Evolution] Targeting Chain 1 Layer 0 (Imp: 5.298e-04)...
    [defaults] -> Mutating: GAUSSIAN ===> SIN
  [defaults] [Result] 'SIN' ACCEPTED. Score: -0.6717 (Delta: 0.0001)
[defaults] Epoch 5000: Val Loss 0.75940 | Temp 0.0833

[defaults] --- Stagnation at Score -0.1439 ---
  [defaults] [Evolution] Targeting Chain 1 Layer 0 (Imp: 5.277e-04)...
    [defaults] -> Mutating: SIN ===> SQUARE
  [defaults] [Result] 'SQUARE' ACCEPTED. Score: -0.7531 (Delta: 0.0002)

[defaults] --- Stagnation at Score -0.1439 ---
  [defaults] [Evolution] Targeting Chain 1 Layer 0 (Imp: 5.289e-04)...
    [defaults] -> Mutating: SQUARE ===> RELU
  [defaults] [Result] 'RELU' ACCEPTED. Score: -0.6914 (Delta: 0.3145)

[defaults] --- Stagnation at Score -0.1439 ---
  [defaults] [Evolution] Targeting Chain 1 Layer 0 (Imp: 5.257e-04)...
    [defaults] -> Mutating: RELU ===> TANH
  [defaults] [Result] 'TANH' ACCEPTED. Score: -0.6342 (Delta: 0.0527)

[defaults] --- Stagnation at Score -0.1439 ---
  [defaults] [Evolution] Targeting Chain 1 Layer 0 (Imp: 5.227e-04)...
    [defaults] -> Mutating: TANH ===> IDENTITY
  [defaults] [Result] 'IDENTITY' ACCEPTED. Score: -0.5831 (Delta: 0.0441)

[defaults] --- Stagnation at Score -0.1439 ---
  [defaults] [Evolution] Targeting Chain 1 Layer 0 (Imp: 5.204e-04)...
    [defaults] -> Mutating: IDENTITY ===> TANH
  [defaults] [Result] 'TANH' ACCEPTED. Score: -0.5730 (Delta: 0.0003)

[defaults] --- Stagnation at Score -0.1439 ---
  [defaults] [Evolution] Targeting Chain 1 Layer 0 (Imp: 5.178e-04)...
    [defaults] -> Mutating: TANH ===> SIN
  [defaults] [Result] 'SIN' ACCEPTED. Score: -0.6108 (Delta: 0.0001)

[defaults] --- Stagnation at Score -0.1439 ---
  [defaults] [Evolution] Targeting Chain 1 Layer 0 (Imp: 5.154e-04)...
    [defaults] -> Mutating: SIN ===> SQUARE
  [defaults] [Result] 'SQUARE' ACCEPTED. Score: -0.7111 (Delta: 0.0002)

[defaults] --- Stagnation at Score -0.1439 ---
  [defaults] [Evolution] Targeting Chain 1 Layer 0 (Imp: 5.155e-04)...
    [defaults] -> Mutating: SQUARE ===> TANH
  [defaults] [Result] 'TANH' ACCEPTED. Score: -0.6149 (Delta: 0.2878)

[defaults] --- Stagnation at Score -0.1439 ---
  [defaults] [Evolution] Targeting Chain 1 Layer 0 (Imp: 5.127e-04)...
    [defaults] -> Mutating: TANH ===> RELU
  [defaults] [Result] 'RELU' ACCEPTED. Score: -0.6118 (Delta: 0.0001)

[defaults] --- Stagnation at Score -0.1439 ---
  [defaults] [Evolution] Targeting Chain 1 Layer 0 (Imp: 5.093e-04)...
    [defaults] -> Mutating: RELU ===> GAUSSIAN
  [defaults] [Result] 'GAUSSIAN' ACCEPTED. Score: -0.6424 (Delta: 0.0151)

[defaults] --- Stagnation at Score -0.1439 ---
  [defaults] [Evolution] Targeting Chain 1 Layer 0 (Imp: 5.063e-04)...
    [defaults] -> Mutating: GAUSSIAN ===> TANH
  [defaults] [Result] 'TANH' ACCEPTED. Score: -0.6052 (Delta: 0.0359)

[defaults] --- Stagnation at Score -0.1439 ---
  [defaults] [Evolution] Targeting Chain 1 Layer 0 (Imp: 5.036e-04)...
    [defaults] -> Mutating: TANH ===> GAUSSIAN
[defaults] Epoch 5500: Val Loss 0.63490 | Temp 0.0417
  [defaults] [Result] 'GAUSSIAN' ACCEPTED. Score: -0.6014 (Delta: 0.0001)

[defaults] --- Stagnation at Score -0.1439 ---
  [defaults] [Evolution] Targeting Chain 1 Layer 0 (Imp: 5.008e-04)...
    [defaults] -> Mutating: GAUSSIAN ===> IDENTITY
  [defaults] [Result] 'IDENTITY' ACCEPTED. Score: -0.5588 (Delta: 0.0795)

[defaults] --- Stagnation at Score -0.1439 ---
  [defaults] [Evolution] Targeting Chain 1 Layer 0 (Imp: 4.986e-04)...
    [defaults] -> Mutating: IDENTITY ===> SQUARE
  [defaults] [Result] 'SQUARE' ACCEPTED. Score: -0.5517 (Delta: 0.0002)

[defaults] --- Stagnation at Score -0.1439 ---
  [defaults] [Evolution] Targeting Chain 1 Layer 0 (Imp: 4.979e-04)...
    [defaults] -> Mutating: SQUARE ===> GAUSSIAN
  [defaults] [Result] 'GAUSSIAN' ACCEPTED. Score: -0.6346 (Delta: 0.2155)

[defaults] --- Stagnation at Score -0.1439 ---
  [defaults] [Evolution] Targeting Chain 1 Layer 0 (Imp: 4.954e-04)...
    [defaults] -> Mutating: GAUSSIAN ===> TANH
  [defaults] [Result] 'TANH' ACCEPTED. Score: -0.6016 (Delta: 0.0321)

[defaults] --- Stagnation at Score -0.1439 ---
  [defaults] [Evolution] Targeting Chain 1 Layer 0 (Imp: 4.926e-04)...
    [defaults] -> Mutating: TANH ===> SIN
  [defaults] [Result] 'SIN' ACCEPTED. Score: -0.5972 (Delta: 0.0001)

[defaults] --- Stagnation at Score -0.1439 ---
  [defaults] [Evolution] Targeting Chain 1 Layer 0 (Imp: 4.901e-04)...
    [defaults] -> Mutating: SIN ===> RELU
  [defaults] [Result] 'RELU' ACCEPTED. Score: -0.6414 (Delta: 0.0264)

[defaults] --- Stagnation at Score -0.1439 ---
  [defaults] [Evolution] Targeting Chain 1 Layer 0 (Imp: 4.870e-04)...
    [defaults] -> Mutating: RELU ===> IDENTITY
  [defaults] [Result] 'IDENTITY' ACCEPTED. Score: -0.5597 (Delta: 0.0804)

[defaults] --- Stagnation at Score -0.1439 ---
  [defaults] [Evolution] Targeting Chain 1 Layer 0 (Imp: 4.848e-04)...
    [defaults] -> Mutating: IDENTITY ===> SIN
  [defaults] [Result] 'SIN' ACCEPTED. Score: -0.5516 (Delta: 0.0003)

[defaults] --- Stagnation at Score -0.1439 ---
  [defaults] [Evolution] Targeting Chain 1 Layer 0 (Imp: 4.825e-04)...
    [defaults] -> Mutating: SIN ===> GAUSSIAN
  [defaults] [Result] 'GAUSSIAN' ACCEPTED. Score: -0.6285 (Delta: 0.0373)

[defaults] --- Stagnation at Score -0.1439 ---
  [defaults] [Evolution] Targeting Chain 1 Layer 0 (Imp: 4.800e-04)...
    [defaults] -> Mutating: GAUSSIAN ===> RELU
  [defaults] [Result] 'RELU' ACCEPTED. Score: -0.6264 (Delta: 0.0001)

[defaults] --- Stagnation at Score -0.1439 ---
  [defaults] [Evolution] Targeting Chain 1 Layer 0 (Imp: 4.771e-04)...
    [defaults] -> Mutating: RELU ===> TANH
  [defaults] [Result] 'TANH' ACCEPTED. Score: -0.5809 (Delta: 0.0530)

[defaults] --- Stagnation at Score -0.1439 ---
  [defaults] [Evolution] Targeting Chain 1 Layer 0 (Imp: 4.747e-04)...
    [defaults] -> Mutating: TANH ===> IDENTITY
[defaults] Restoring Best Ever State (Score: -0.1439)
[defaults] Epoch 0: Val Loss 0.61325 | Temp 0.5000
[defaults] Epoch 500: Val Loss 0.36250 | Temp 0.4583
[defaults] Epoch 1000: Val Loss 0.28008 | Temp 0.4167
[defaults] Epoch 1500: Val Loss 0.24410 | Temp 0.3750
[defaults] Epoch 2000: Val Loss 0.23009 | Temp 0.3333
[defaults] Epoch 2500: Val Loss 0.21432 | Temp 0.2917
[defaults] Epoch 3000: Val Loss 0.19701 | Temp 0.2500
[defaults] Epoch 3500: Val Loss 0.18122 | Temp 0.2083
[defaults] Epoch 4000: Val Loss 0.17026 | Temp 0.1667
[defaults] Epoch 4500: Val Loss 0.16207 | Temp 0.1250
[defaults] Epoch 5000: Val Loss 0.15678 | Temp 0.0833
[defaults] Epoch 5500: Val Loss 0.15284 | Temp 0.0417
[defaults] Restoring Best Ever State (Score: -0.1503)
[defaults] Epoch 0: Val Loss 0.71423 | Temp 0.5000
[defaults] Epoch 500: Val Loss 0.32652 | Temp 0.4583
[defaults] Epoch 1000: Val Loss 0.30241 | Temp 0.4167
[defaults] Epoch 1500: Val Loss 0.28375 | Temp 0.3750
[defaults] Epoch 2000: Val Loss 0.26293 | Temp 0.3333
[defaults] Epoch 2500: Val Loss 0.22588 | Temp 0.2917
[defaults] Epoch 3000: Val Loss 0.16710 | Temp 0.2500
[defaults] Epoch 3500: Val Loss 0.13372 | Temp 0.2083
[defaults] Epoch 4000: Val Loss 0.12181 | Temp 0.1667
[defaults] Epoch 4500: Val Loss 0.11809 | Temp 0.1250
[defaults] Epoch 5000: Val Loss 0.11678 | Temp 0.0833
[defaults] Epoch 5500: Val Loss 0.11601 | Temp 0.0417
[defaults] Restoring Best Ever State (Score: -0.1154)
[defaults] Epoch 0: Val Loss 0.65972 | Temp 0.5000
[defaults] Epoch 500: Val Loss 0.32092 | Temp 0.4583
[defaults] Epoch 1000: Val Loss 0.27868 | Temp 0.4167

[defaults] --- Stagnation at Score -0.2780 ---
  [defaults] [Evolution] Targeting Chain 1 Layer 0 (Imp: 2.244e-05)...
    [defaults] -> Mutating: RELU ===> IDENTITY
  [defaults] [Result] 'IDENTITY' ACCEPTED (RISKY). Score: -0.2781 (Delta: 0.0000)

[defaults] --- Stagnation at Score -0.2780 ---
  [defaults] [Evolution] Targeting Chain 1 Layer 0 (Imp: 3.827e-05)...
    [defaults] -> Mutating: IDENTITY ===> RELU
  [defaults] [Result] 'RELU' ACCEPTED. Score: -0.2946 (Delta: 0.0123)

[defaults] --- Stagnation at Score -0.2780 ---
  [defaults] [Evolution] Targeting Chain 1 Layer 0 (Imp: 3.872e-05)...
    [defaults] -> Mutating: RELU ===> SIN
  [defaults] [Result] 'SIN' ACCEPTED. Score: -0.2880 (Delta: 0.0005)

[defaults] --- Stagnation at Score -0.2780 ---
  [defaults] [Evolution] Targeting Chain 1 Layer 0 (Imp: 6.394e-05)...
    [defaults] -> Mutating: SIN ===> TANH
  [defaults] [Result] 'TANH' ACCEPTED. Score: -0.2995 (Delta: 0.0649)

[defaults] --- Stagnation at Score -0.2780 ---
  [defaults] [Evolution] Targeting Chain 1 Layer 0 (Imp: 7.050e-05)...
    [defaults] -> Mutating: TANH ===> SIN
  [defaults] [Result] 'SIN' ACCEPTED. Score: -0.2902 (Delta: 0.0013)

[defaults] --- Stagnation at Score -0.2780 ---
  [defaults] [Evolution] Targeting Chain 1 Layer 0 (Imp: 8.472e-05)...
    [defaults] -> Mutating: SIN ===> TANH
  [defaults] [Result] 'TANH' ACCEPTED. Score: -0.2888 (Delta: 0.0013)

[defaults] --- Stagnation at Score -0.2780 ---
  [defaults] [Evolution] Targeting Chain 1 Layer 0 (Imp: 8.815e-05)...
    [defaults] -> Mutating: TANH ===> GAUSSIAN
  [defaults] [Result] 'GAUSSIAN' ACCEPTED. Score: -0.2882 (Delta: 0.0004)

[defaults] --- Stagnation at Score -0.2780 ---
  [defaults] [Evolution] Targeting Chain 1 Layer 0 (Imp: 1.140e-04)...
    [defaults] -> Mutating: GAUSSIAN ===> TANH
  [defaults] [Result] 'TANH' ACCEPTED. Score: -0.3210 (Delta: 0.0728)

[defaults] --- Stagnation at Score -0.2780 ---
  [defaults] [Evolution] Targeting Chain 1 Layer 0 (Imp: 1.173e-04)...
    [defaults] -> Mutating: TANH ===> GAUSSIAN
  [defaults] [Result] 'GAUSSIAN' ACCEPTED. Score: -0.2977 (Delta: 0.0420)
[defaults] Epoch 1500: Val Loss 0.39179 | Temp 0.3750

[defaults] --- Stagnation at Score -0.2780 ---
  [defaults] [Evolution] Targeting Chain 1 Layer 0 (Imp: 1.340e-04)...
    [defaults] -> Mutating: GAUSSIAN ===> SQUARE
  [defaults] [Result] 'SQUARE' ACCEPTED. Score: -0.3148 (Delta: 0.0474)

[defaults] --- Stagnation at Score -0.2780 ---
  [defaults] [Evolution] Targeting Chain 1 Layer 0 (Imp: 1.339e-04)...
    [defaults] -> Mutating: SQUARE ===> RELU
  [defaults] [Result] 'RELU' ACCEPTED. Score: -0.3103 (Delta: 0.0075)

[defaults] --- Stagnation at Score -0.2780 ---
  [defaults] [Evolution] Targeting Chain 1 Layer 0 (Imp: 1.305e-04)...
    [defaults] -> Mutating: RELU ===> TANH
  [defaults] [Result] 'TANH' ACCEPTED. Score: -0.2900 (Delta: 0.0004)

[defaults] --- Stagnation at Score -0.2780 ---
  [defaults] [Evolution] Targeting Chain 1 Layer 0 (Imp: 1.312e-04)...
    [defaults] -> Mutating: TANH ===> IDENTITY
  [defaults] [Result] 'IDENTITY' ACCEPTED. Score: -0.2879 (Delta: 0.0030)

[defaults] --- Stagnation at Score -0.2780 ---
  [defaults] [Evolution] Targeting Chain 1 Layer 0 (Imp: 1.320e-04)...
    [defaults] -> Mutating: IDENTITY ===> RELU
  [defaults] [Result] 'RELU' ACCEPTED. Score: -0.2809 (Delta: 0.0027)

[defaults] --- Stagnation at Score -0.2780 ---
  [defaults] [Evolution] Targeting Chain 1 Layer 0 (Imp: 1.293e-04)...
    [defaults] -> Mutating: RELU ===> SQUARE
  [defaults] [Result] 'SQUARE' ACCEPTED. Score: -0.2822 (Delta: 0.0001)

[defaults] --- Stagnation at Score -0.2780 ---
  [defaults] [Evolution] Targeting Chain 1 Layer 0 (Imp: 1.268e-04)...
    [defaults] -> Mutating: SQUARE ===> TANH
  [defaults] [Result] 'TANH' ACCEPTED. Score: -0.2796 (Delta: 0.0020)

[defaults] --- Stagnation at Score -0.2780 ---
  [defaults] [Evolution] Targeting Chain 1 Layer 0 (Imp: 1.267e-04)...
    [defaults] -> Mutating: TANH ===> SQUARE
  [defaults] [Result] 'SQUARE' ACCEPTED. Score: -0.2795 (Delta: 0.0025)

[defaults] --- Stagnation at Score -0.2780 ---
  [defaults] [Evolution] Targeting Chain 1 Layer 0 (Imp: 1.245e-04)...
    [defaults] -> Mutating: SQUARE ===> SIN
  [defaults] [Result] 'SIN' ACCEPTED. Score: -0.2792 (Delta: 0.0021)

[defaults] --- Stagnation at Score -0.2780 ---
  [defaults] [Evolution] Targeting Chain 1 Layer 0 (Imp: 1.277e-04)...
    [defaults] -> Mutating: SIN ===> SQUARE
  [defaults] [Result] 'SQUARE' ACCEPTED. Score: -0.2786 (Delta: 0.0014)

[defaults] --- Stagnation at Score -0.2780 ---
  [defaults] [Evolution] Targeting Chain 1 Layer 0 (Imp: 1.255e-04)...
    [defaults] -> Mutating: SQUARE ===> IDENTITY
  [defaults] [Result] 'IDENTITY' ACCEPTED. Score: -0.2789 (Delta: 0.0037)

[defaults] --- Stagnation at Score -0.2780 ---
  [defaults] [Evolution] Targeting Chain 1 Layer 0 (Imp: 1.237e-04)...
    [defaults] -> Mutating: IDENTITY ===> RELU
  [defaults] [Result] 'RELU' ACCEPTED. Score: -0.2785 (Delta: 0.0000)
[defaults] Epoch 2000: Val Loss 0.27979 | Temp 0.3333

[defaults] --- Stagnation at Score -0.2780 ---
  [defaults] [Evolution] Targeting Chain 1 Layer 0 (Imp: 1.212e-04)...
    [defaults] -> Mutating: RELU ===> IDENTITY
  [defaults] [Result] 'IDENTITY' ACCEPTED. Score: -0.2783 (Delta: 0.0010)

[defaults] --- Stagnation at Score -0.2780 ---
  [defaults] [Evolution] Targeting Chain 1 Layer 0 (Imp: 1.197e-04)...
    [defaults] -> Mutating: IDENTITY ===> TANH
  [defaults] [Result] 'TANH' ACCEPTED. Score: -0.2782 (Delta: 0.0000)

[defaults] --- Stagnation at Score -0.2780 ---
  [defaults] [Evolution] Targeting Chain 1 Layer 0 (Imp: 1.183e-04)...
    [defaults] -> Mutating: TANH ===> SIN
  [defaults] [Result] 'SIN' ACCEPTED. Score: -0.2781 (Delta: 0.0000)
[defaults] Epoch 2500: Val Loss 0.27435 | Temp 0.2917
[defaults] Epoch 3000: Val Loss 0.27256 | Temp 0.2500

[defaults] --- Stagnation at Score -0.2724 ---
  [defaults] [Evolution] Targeting Chain 1 Layer 0 (Imp: 1.566e-04)...
    [defaults] -> Mutating: SIN ===> GAUSSIAN
  [defaults] [Result] 'GAUSSIAN' ACCEPTED (RISKY). Score: -0.2724 (Delta: 0.0000)

[defaults] --- Stagnation at Score -0.2724 ---
  [defaults] [Evolution] Targeting Chain 1 Layer 0 (Imp: 1.672e-04)...
    [defaults] -> Mutating: GAUSSIAN ===> IDENTITY
  [defaults] [Result] 'IDENTITY' ACCEPTED. Score: -0.2977 (Delta: 0.0423)

[defaults] --- Stagnation at Score -0.2724 ---
  [defaults] [Evolution] Targeting Chain 1 Layer 0 (Imp: 1.678e-04)...
    [defaults] -> Mutating: IDENTITY ===> RELU
  [defaults] [Result] 'RELU' ACCEPTED. Score: -0.2873 (Delta: 0.0394)

[defaults] --- Stagnation at Score -0.2724 ---
  [defaults] [Evolution] Targeting Chain 1 Layer 0 (Imp: 1.660e-04)...
    [defaults] -> Mutating: RELU ===> TANH
  [defaults] [Result] 'TANH' ACCEPTED. Score: -0.2763 (Delta: 0.0001)
[defaults] Epoch 3500: Val Loss 0.27771 | Temp 0.2083

[defaults] --- Stagnation at Score -0.2724 ---
  [defaults] [Evolution] Targeting Chain 1 Layer 0 (Imp: 1.651e-04)...
    [defaults] -> Mutating: TANH ===> GAUSSIAN
  [defaults] [Result] 'GAUSSIAN' ACCEPTED. Score: -0.2761 (Delta: 0.0001)

[defaults] --- Stagnation at Score -0.2724 ---
  [defaults] [Evolution] Targeting Chain 1 Layer 0 (Imp: 1.734e-04)...
    [defaults] -> Mutating: GAUSSIAN ===> SIN
  [defaults] [Result] 'SIN' ACCEPTED. Score: -0.3030 (Delta: 0.0419)

[defaults] --- Stagnation at Score -0.2724 ---
  [defaults] [Evolution] Targeting Chain 1 Layer 0 (Imp: 1.744e-04)...
    [defaults] -> Mutating: SIN ===> GAUSSIAN
  [defaults] [Result] 'GAUSSIAN' ACCEPTED. Score: -0.2812 (Delta: 0.0113)

[defaults] --- Stagnation at Score -0.2724 ---
  [defaults] [Evolution] Targeting Chain 1 Layer 0 (Imp: 1.811e-04)...
    [defaults] -> Mutating: GAUSSIAN ===> SIN
  [defaults] [Result] 'SIN' ACCEPTED. Score: -0.2899 (Delta: 0.0370)

[defaults] --- Stagnation at Score -0.2724 ---
  [defaults] [Evolution] Targeting Chain 1 Layer 0 (Imp: 1.821e-04)...
    [defaults] -> Mutating: SIN ===> SQUARE
  [defaults] [Result] 'SQUARE' ACCEPTED. Score: -0.2827 (Delta: 0.0005)

[defaults] --- Stagnation at Score -0.2724 ---
  [defaults] [Evolution] Targeting Chain 1 Layer 0 (Imp: 1.807e-04)...
    [defaults] -> Mutating: SQUARE ===> TANH
  [defaults] [Result] 'TANH' ACCEPTED. Score: -0.2798 (Delta: 0.0125)

[defaults] --- Stagnation at Score -0.2724 ---
  [defaults] [Evolution] Targeting Chain 1 Layer 0 (Imp: 1.799e-04)...
    [defaults] -> Mutating: TANH ===> SIN
  [defaults] [Result] 'SIN' ACCEPTED. Score: -0.2789 (Delta: 0.0000)

[defaults] --- Stagnation at Score -0.2724 ---
  [defaults] [Evolution] Targeting Chain 1 Layer 0 (Imp: 1.812e-04)...
    [defaults] -> Mutating: SIN ===> SQUARE
  [defaults] [Result] 'SQUARE' ACCEPTED. Score: -0.2789 (Delta: 0.0009)

[defaults] --- Stagnation at Score -0.2724 ---
  [defaults] [Evolution] Targeting Chain 1 Layer 0 (Imp: 1.797e-04)...
    [defaults] -> Mutating: SQUARE ===> SIN
  [defaults] [Result] 'SIN' ACCEPTED. Score: -0.2788 (Delta: 0.0066)

[defaults] --- Stagnation at Score -0.2724 ---
  [defaults] [Evolution] Targeting Chain 1 Layer 0 (Imp: 1.799e-04)...
    [defaults] -> Mutating: SIN ===> TANH
  [defaults] [Result] 'TANH' ACCEPTED. Score: -0.2783 (Delta: 0.0005)

[defaults] --- Stagnation at Score -0.2724 ---
  [defaults] [Evolution] Targeting Chain 1 Layer 0 (Imp: 1.788e-04)...
    [defaults] -> Mutating: TANH ===> SIN
  [defaults] [Result] 'SIN' ACCEPTED. Score: -0.2779 (Delta: 0.0015)

[defaults] --- Stagnation at Score -0.2724 ---
  [defaults] [Evolution] Targeting Chain 1 Layer 0 (Imp: 1.787e-04)...
    [defaults] -> Mutating: SIN ===> IDENTITY
  [defaults] [Result] 'IDENTITY' ACCEPTED. Score: -0.2774 (Delta: 0.0001)
[defaults] Epoch 4000: Val Loss 0.27967 | Temp 0.1667

[defaults] --- Stagnation at Score -0.2724 ---
  [defaults] [Evolution] Targeting Chain 1 Layer 0 (Imp: 1.775e-04)...
    [defaults] -> Mutating: IDENTITY ===> SIN
  [defaults] [Result] 'SIN' ACCEPTED. Score: -0.2773 (Delta: 0.0013)

[defaults] --- Stagnation at Score -0.2724 ---
  [defaults] [Evolution] Targeting Chain 1 Layer 0 (Imp: 1.770e-04)...
    [defaults] -> Mutating: SIN ===> GAUSSIAN
  [defaults] [Result] 'GAUSSIAN' ACCEPTED. Score: -0.2767 (Delta: 0.0000)

[defaults] --- Stagnation at Score -0.2724 ---
  [defaults] [Evolution] Targeting Chain 1 Layer 0 (Imp: 1.831e-04)...
    [defaults] -> Mutating: GAUSSIAN ===> IDENTITY
  [defaults] [Result] 'IDENTITY' ACCEPTED. Score: -0.2882 (Delta: 0.0346)

[defaults] --- Stagnation at Score -0.2724 ---
  [defaults] [Evolution] Targeting Chain 1 Layer 0 (Imp: 1.825e-04)...
    [defaults] -> Mutating: IDENTITY ===> RELU
  [defaults] [Result] 'RELU' ACCEPTED. Score: -0.2938 (Delta: 0.0122)

[defaults] --- Stagnation at Score -0.2724 ---
  [defaults] [Evolution] Targeting Chain 1 Layer 0 (Imp: 1.814e-04)...
    [defaults] -> Mutating: RELU ===> SQUARE
  [defaults] [Result] 'SQUARE' ACCEPTED. Score: -0.2804 (Delta: 0.0002)

[defaults] --- Stagnation at Score -0.2724 ---
  [defaults] [Evolution] Targeting Chain 1 Layer 0 (Imp: 1.797e-04)...
    [defaults] -> Mutating: SQUARE ===> IDENTITY
  [defaults] [Result] 'IDENTITY' ACCEPTED. Score: -0.2784 (Delta: 0.0023)

[defaults] --- Stagnation at Score -0.2724 ---
  [defaults] [Evolution] Targeting Chain 1 Layer 0 (Imp: 1.787e-04)...
    [defaults] -> Mutating: IDENTITY ===> SIN
  [defaults] [Result] 'SIN' ACCEPTED. Score: -0.2778 (Delta: 0.0000)

[defaults] --- Stagnation at Score -0.2724 ---
  [defaults] [Evolution] Targeting Chain 1 Layer 0 (Imp: 1.789e-04)...
    [defaults] -> Mutating: SIN ===> SQUARE
  [defaults] [Result] 'SQUARE' ACCEPTED. Score: -0.2766 (Delta: 0.0001)

[defaults] --- Stagnation at Score -0.2724 ---
  [defaults] [Evolution] Targeting Chain 1 Layer 0 (Imp: 1.773e-04)...
    [defaults] -> Mutating: SQUARE ===> RELU
  [defaults] [Result] 'RELU' ACCEPTED. Score: -0.2780 (Delta: 0.0031)

[defaults] --- Stagnation at Score -0.2724 ---
  [defaults] [Evolution] Targeting Chain 1 Layer 0 (Imp: 1.760e-04)...
    [defaults] -> Mutating: RELU ===> SQUARE
  [defaults] [Result] 'SQUARE' ACCEPTED. Score: -0.2775 (Delta: 0.0000)

[defaults] --- Stagnation at Score -0.2724 ---
  [defaults] [Evolution] Targeting Chain 1 Layer 0 (Imp: 1.745e-04)...
    [defaults] -> Mutating: SQUARE ===> TANH
  [defaults] [Result] 'TANH' ACCEPTED. Score: -0.2777 (Delta: 0.0015)

[defaults] --- Stagnation at Score -0.2724 ---
  [defaults] [Evolution] Targeting Chain 1 Layer 0 (Imp: 1.732e-04)...
    [defaults] -> Mutating: TANH ===> SIN
  [defaults] [Result] 'SIN' ACCEPTED. Score: -0.2769 (Delta: 0.0002)
[defaults] Epoch 4500: Val Loss 0.27717 | Temp 0.1250

[defaults] --- Stagnation at Score -0.2724 ---
  [defaults] [Evolution] Targeting Chain 1 Layer 0 (Imp: 1.726e-04)...
    [defaults] -> Mutating: SIN ===> TANH
  [defaults] [Result] 'TANH' ACCEPTED. Score: -0.2755 (Delta: 0.0000)

[defaults] --- Stagnation at Score -0.2724 ---
  [defaults] [Evolution] Targeting Chain 1 Layer 0 (Imp: 1.713e-04)...
    [defaults] -> Mutating: TANH ===> RELU
  [defaults] [Result] 'RELU' ACCEPTED. Score: -0.2774 (Delta: 0.0000)

[defaults] --- Stagnation at Score -0.2724 ---
  [defaults] [Evolution] Targeting Chain 1 Layer 0 (Imp: 1.700e-04)...
    [defaults] -> Mutating: RELU ===> TANH
  [defaults] [Result] 'TANH' ACCEPTED. Score: -0.2774 (Delta: 0.0001)

[defaults] --- Stagnation at Score -0.2724 ---
  [defaults] [Evolution] Targeting Chain 1 Layer 0 (Imp: 1.688e-04)...
    [defaults] -> Mutating: TANH ===> SQUARE
  [defaults] [Result] 'SQUARE' ACCEPTED. Score: -0.2770 (Delta: 0.0000)

[defaults] --- Stagnation at Score -0.2724 ---
  [defaults] [Evolution] Targeting Chain 1 Layer 0 (Imp: 1.673e-04)...
    [defaults] -> Mutating: SQUARE ===> SIN
  [defaults] [Result] 'SIN' ACCEPTED. Score: -0.2767 (Delta: 0.0026)

[defaults] --- Stagnation at Score -0.2724 ---
  [defaults] [Evolution] Targeting Chain 1 Layer 0 (Imp: 1.666e-04)...
    [defaults] -> Mutating: SIN ===> TANH
  [defaults] [Result] 'TANH' ACCEPTED. Score: -0.2752 (Delta: 0.0000)

[defaults] --- Stagnation at Score -0.2724 ---
  [defaults] [Evolution] Targeting Chain 1 Layer 0 (Imp: 1.653e-04)...
    [defaults] -> Mutating: TANH ===> IDENTITY
  [defaults] [Result] 'IDENTITY' ACCEPTED. Score: -0.2770 (Delta: 0.0002)

[defaults] --- Stagnation at Score -0.2724 ---
  [defaults] [Evolution] Targeting Chain 1 Layer 0 (Imp: 1.641e-04)...
    [defaults] -> Mutating: IDENTITY ===> SIN
  [defaults] [Result] 'SIN' ACCEPTED. Score: -0.2746 (Delta: 0.0018)

[defaults] --- Stagnation at Score -0.2724 ---
  [defaults] [Evolution] Targeting Chain 1 Layer 0 (Imp: 1.634e-04)...
    [defaults] -> Mutating: SIN ===> GAUSSIAN
  [defaults] [Result] 'GAUSSIAN' ACCEPTED (RISKY). Score: -0.2745 (Delta: 0.0000)

[defaults] --- Stagnation at Score -0.2724 ---
  [defaults] [Evolution] Targeting Chain 1 Layer 0 (Imp: 1.686e-04)...
    [defaults] -> Mutating: GAUSSIAN ===> TANH
  [defaults] [Result] 'TANH' ACCEPTED. Score: -0.2893 (Delta: 0.0266)

[defaults] --- Stagnation at Score -0.2724 ---
  [defaults] [Evolution] Targeting Chain 1 Layer 0 (Imp: 1.681e-04)...
    [defaults] -> Mutating: TANH ===> IDENTITY
  [defaults] [Result] 'IDENTITY' ACCEPTED. Score: -0.2912 (Delta: 0.0140)

[defaults] --- Stagnation at Score -0.2724 ---
  [defaults] [Evolution] Targeting Chain 1 Layer 0 (Imp: 1.670e-04)...
    [defaults] -> Mutating: IDENTITY ===> SIN
  [defaults] [Result] 'SIN' ACCEPTED. Score: -0.2764 (Delta: 0.0023)
[defaults] Epoch 5000: Val Loss 0.27726 | Temp 0.0833

[defaults] --- Stagnation at Score -0.2724 ---
  [defaults] [Evolution] Targeting Chain 1 Layer 0 (Imp: 1.668e-04)...
    [defaults] -> Mutating: SIN ===> TANH
  [defaults] [Result] 'TANH' ACCEPTED. Score: -0.2759 (Delta: 0.0000)

[defaults] --- Stagnation at Score -0.2724 ---
  [defaults] [Evolution] Targeting Chain 1 Layer 0 (Imp: 1.658e-04)...
    [defaults] -> Mutating: TANH ===> SQUARE
  [defaults] [Result] 'SQUARE' ACCEPTED. Score: -0.2777 (Delta: 0.0000)

[defaults] --- Stagnation at Score -0.2724 ---
  [defaults] [Evolution] Targeting Chain 1 Layer 0 (Imp: 1.645e-04)...
    [defaults] -> Mutating: SQUARE ===> TANH
  [defaults] [Result] 'TANH' ACCEPTED. Score: -0.2776 (Delta: 0.0021)

[defaults] --- Stagnation at Score -0.2724 ---
  [defaults] [Evolution] Targeting Chain 1 Layer 0 (Imp: 1.635e-04)...
    [defaults] -> Mutating: TANH ===> GAUSSIAN
  [defaults] [Result] 'GAUSSIAN' ACCEPTED. Score: -0.2769 (Delta: 0.0000)

[defaults] --- Stagnation at Score -0.2724 ---
  [defaults] [Evolution] Targeting Chain 1 Layer 0 (Imp: 1.681e-04)...
    [defaults] -> Mutating: GAUSSIAN ===> RELU
  [defaults] [Result] 'RELU' ACCEPTED. Score: -0.2890 (Delta: 0.0266)

[defaults] --- Stagnation at Score -0.2724 ---
  [defaults] [Evolution] Targeting Chain 1 Layer 0 (Imp: 1.679e-04)...
    [defaults] -> Mutating: RELU ===> TANH
  [defaults] [Result] 'TANH' ACCEPTED. Score: -0.2871 (Delta: 0.0106)

[defaults] --- Stagnation at Score -0.2724 ---
  [defaults] [Evolution] Targeting Chain 1 Layer 0 (Imp: 1.673e-04)...
    [defaults] -> Mutating: TANH ===> RELU
  [defaults] [Result] 'RELU' ACCEPTED. Score: -0.2773 (Delta: 0.0006)

[defaults] --- Stagnation at Score -0.2724 ---
  [defaults] [Evolution] Targeting Chain 1 Layer 0 (Imp: 1.668e-04)...
    [defaults] -> Mutating: RELU ===> SIN
  [defaults] [Result] 'SIN' ACCEPTED. Score: -0.2767 (Delta: 0.0001)

[defaults] --- Stagnation at Score -0.2724 ---
  [defaults] [Evolution] Targeting Chain 1 Layer 0 (Imp: 1.674e-04)...
    [defaults] -> Mutating: SIN ===> GAUSSIAN
  [defaults] [Result] 'GAUSSIAN' ACCEPTED. Score: -0.2764 (Delta: 0.0000)

[defaults] --- Stagnation at Score -0.2724 ---
  [defaults] [Evolution] Targeting Chain 1 Layer 0 (Imp: 1.714e-04)...
    [defaults] -> Mutating: GAUSSIAN ===> IDENTITY
  [defaults] [Result] 'IDENTITY' ACCEPTED. Score: -0.2871 (Delta: 0.0186)

[defaults] --- Stagnation at Score -0.2724 ---
  [defaults] [Evolution] Targeting Chain 1 Layer 0 (Imp: 1.712e-04)...
    [defaults] -> Mutating: IDENTITY ===> SQUARE
  [defaults] [Result] 'SQUARE' ACCEPTED. Score: -0.2970 (Delta: 0.0012)

[defaults] --- Stagnation at Score -0.2724 ---
  [defaults] [Evolution] Targeting Chain 1 Layer 0 (Imp: 1.701e-04)...
    [defaults] -> Mutating: SQUARE ===> SIN
  [defaults] [Result] 'SIN' ACCEPTED. Score: -0.2787 (Delta: 0.0056)
[defaults] Epoch 5500: Val Loss 0.29224 | Temp 0.0417

[defaults] --- Stagnation at Score -0.2724 ---
  [defaults] [Evolution] Targeting Chain 1 Layer 0 (Imp: 1.706e-04)...
    [defaults] -> Mutating: SIN ===> GAUSSIAN
  [defaults] [Result] 'GAUSSIAN' ACCEPTED. Score: -0.2767 (Delta: 0.0001)

[defaults] --- Stagnation at Score -0.2724 ---
  [defaults] [Evolution] Targeting Chain 1 Layer 0 (Imp: 1.743e-04)...
    [defaults] -> Mutating: GAUSSIAN ===> SIN
  [defaults] [Result] 'SIN' ACCEPTED. Score: -0.2866 (Delta: 0.0186)

[defaults] --- Stagnation at Score -0.2724 ---
  [defaults] [Evolution] Targeting Chain 1 Layer 0 (Imp: 1.751e-04)...
    [defaults] -> Mutating: SIN ===> GAUSSIAN
  [defaults] [Result] 'GAUSSIAN' ACCEPTED. Score: -0.2788 (Delta: 0.0016)

[defaults] --- Stagnation at Score -0.2724 ---
  [defaults] [Evolution] Targeting Chain 1 Layer 0 (Imp: 1.784e-04)...
    [defaults] -> Mutating: GAUSSIAN ===> SQUARE
  [defaults] [Result] 'SQUARE' ACCEPTED. Score: -0.2862 (Delta: 0.0115)

[defaults] --- Stagnation at Score -0.2724 ---
  [defaults] [Evolution] Targeting Chain 1 Layer 0 (Imp: 1.778e-04)...
    [defaults] -> Mutating: SQUARE ===> IDENTITY
  [defaults] [Result] 'IDENTITY' ACCEPTED. Score: -0.2846 (Delta: 0.0239)

[defaults] --- Stagnation at Score -0.2724 ---
  [defaults] [Evolution] Targeting Chain 1 Layer 0 (Imp: 1.774e-04)...
    [defaults] -> Mutating: IDENTITY ===> GAUSSIAN
  [defaults] [Result] 'GAUSSIAN' ACCEPTED. Score: -0.2794 (Delta: 0.0010)

[defaults] --- Stagnation at Score -0.2724 ---
  [defaults] [Evolution] Targeting Chain 1 Layer 0 (Imp: 1.808e-04)...
    [defaults] -> Mutating: GAUSSIAN ===> SIN
  [defaults] [Result] 'SIN' ACCEPTED. Score: -0.2795 (Delta: 0.0242)

[defaults] --- Stagnation at Score -0.2724 ---
  [defaults] [Evolution] Targeting Chain 1 Layer 0 (Imp: 1.826e-04)...
    [defaults] -> Mutating: SIN ===> SQUARE
  [defaults] [Result] 'SQUARE' ACCEPTED. Score: -0.2782 (Delta: 0.0000)

[defaults] --- Stagnation at Score -0.2724 ---
  [defaults] [Evolution] Targeting Chain 1 Layer 0 (Imp: 1.819e-04)...
    [defaults] -> Mutating: SQUARE ===> SIN
  [defaults] [Result] 'SIN' ACCEPTED. Score: -0.2799 (Delta: 0.0164)

[defaults] --- Stagnation at Score -0.2724 ---
  [defaults] [Evolution] Targeting Chain 1 Layer 0 (Imp: 1.836e-04)...
    [defaults] -> Mutating: SIN ===> GAUSSIAN
  [defaults] [Result] 'GAUSSIAN' ACCEPTED. Score: -0.2796 (Delta: 0.0003)

[defaults] --- Stagnation at Score -0.2724 ---
  [defaults] [Evolution] Targeting Chain 1 Layer 0 (Imp: 1.865e-04)...
    [defaults] -> Mutating: GAUSSIAN ===> IDENTITY
  [defaults] [Result] 'IDENTITY' ACCEPTED. Score: -0.2850 (Delta: 0.0092)

[defaults] --- Stagnation at Score -0.2724 ---
  [defaults] [Evolution] Targeting Chain 1 Layer 0 (Imp: 1.867e-04)...
    [defaults] -> Mutating: IDENTITY ===> TANH
[defaults] Restoring Best Ever State (Score: -0.2724)
[defaults] Epoch 0: Val Loss 1.69864 | Temp 0.5000
[defaults] Epoch 500: Val Loss 0.77008 | Temp 0.4583
[defaults] Epoch 1000: Val Loss 0.49138 | Temp 0.4167
[defaults] Epoch 1500: Val Loss 0.36080 | Temp 0.3750
[defaults] Epoch 2000: Val Loss 0.26245 | Temp 0.3333
[defaults] Epoch 2500: Val Loss 0.21713 | Temp 0.2917
[defaults] Epoch 3000: Val Loss 0.19868 | Temp 0.2500
[defaults] Epoch 3500: Val Loss 0.19186 | Temp 0.2083
[defaults] Epoch 4000: Val Loss 0.18965 | Temp 0.1667
[defaults] Epoch 4500: Val Loss 0.18887 | Temp 0.1250
[defaults] Epoch 5000: Val Loss 0.18828 | Temp 0.0833
[defaults] Epoch 5500: Val Loss 0.18765 | Temp 0.0417
[defaults] Restoring Best Ever State (Score: -0.1871)
[defaults] Epoch 0: Val Loss 0.75125 | Temp 0.5000

[defaults] --- Stagnation at Score -0.6341 ---
  [defaults] [Evolution] Targeting Chain 0 Layer 0 (Imp: 2.232e-04)...
    [defaults] -> Mutating: SIN ===> TANH
[defaults] Epoch 500: Val Loss 0.45680 | Temp 0.4583
[defaults] Epoch 1000: Val Loss 0.17374 | Temp 0.4167
[defaults] Epoch 1500: Val Loss 0.12000 | Temp 0.3750
[defaults] Epoch 2000: Val Loss 0.11041 | Temp 0.3333
[defaults] Epoch 2500: Val Loss 0.10395 | Temp 0.2917
[defaults] Epoch 3000: Val Loss 0.09893 | Temp 0.2500
[defaults] Epoch 3500: Val Loss 0.09506 | Temp 0.2083
[defaults] Epoch 4000: Val Loss 0.09206 | Temp 0.1667
[defaults] Epoch 4500: Val Loss 0.08972 | Temp 0.1250
[defaults] Epoch 5000: Val Loss 0.08789 | Temp 0.0833
[defaults] Epoch 5500: Val Loss 0.08645 | Temp 0.0417
[defaults] Restoring Best Ever State (Score: -0.0853)
[defaults] Epoch 0: Val Loss 1.08957 | Temp 0.5000
[defaults] Epoch 500: Val Loss 0.63288 | Temp 0.4583
[defaults] Epoch 1000: Val Loss 0.46394 | Temp 0.4167
[defaults] Epoch 1500: Val Loss 0.23036 | Temp 0.3750
[defaults] Epoch 2000: Val Loss 0.18684 | Temp 0.3333
[defaults] Epoch 2500: Val Loss 0.17943 | Temp 0.2917
[defaults] Epoch 3000: Val Loss 0.17665 | Temp 0.2500
[defaults] Epoch 3500: Val Loss 0.17529 | Temp 0.2083
[defaults] Epoch 4000: Val Loss 0.17462 | Temp 0.1667
[defaults] Epoch 4500: Val Loss 0.17402 | Temp 0.1250
[defaults] Epoch 5000: Val Loss 0.17160 | Temp 0.0833
[defaults] Epoch 5500: Val Loss 0.16307 | Temp 0.0417
[defaults] Restoring Best Ever State (Score: -0.1549)
[defaults] Epoch 0: Val Loss 0.67191 | Temp 0.5000
[defaults] Epoch 500: Val Loss 0.22102 | Temp 0.4583
[defaults] Epoch 1000: Val Loss 0.06088 | Temp 0.4167
[defaults] Epoch 1500: Val Loss 0.05434 | Temp 0.3750
[defaults] Epoch 2000: Val Loss 0.05403 | Temp 0.3333
[defaults] Epoch 2500: Val Loss 0.05375 | Temp 0.2917
[defaults] Epoch 3000: Val Loss 0.05355 | Temp 0.2500
[defaults] Epoch 3500: Val Loss 0.05341 | Temp 0.2083
[defaults] Epoch 4000: Val Loss 0.05333 | Temp 0.1667
[defaults] Epoch 4500: Val Loss 0.05329 | Temp 0.1250

[defaults] --- Stagnation at Score -0.0533 ---
  [defaults] [Evolution] Targeting Chain 1 Layer 0 (Imp: 8.458e-05)...
    [defaults] -> Mutating: RELU ===> SIN
  [defaults] [Result] 'SIN' ACCEPTED. Score: -0.0521 (Delta: 0.0012)

[defaults] --- Stagnation at Score -0.0521 ---
  [defaults] [Evolution] Targeting Chain 1 Layer 0 (Imp: 9.133e-05)...
    [defaults] -> Mutating: SIN ===> IDENTITY
  [defaults] [Result] 'IDENTITY' ACCEPTED. Score: -0.1109 (Delta: 0.0327)

[defaults] --- Stagnation at Score -0.0521 ---
  [defaults] [Evolution] Targeting Chain 1 Layer 0 (Imp: 1.017e-04)...
    [defaults] -> Mutating: IDENTITY ===> SQUARE
  [defaults] [Result] 'SQUARE' ACCEPTED. Score: -0.1349 (Delta: 0.1816)

[defaults] --- Stagnation at Score -0.0521 ---
  [defaults] [Evolution] Targeting Chain 1 Layer 0 (Imp: 1.052e-04)...
    [defaults] -> Mutating: SQUARE ===> GAUSSIAN
  [defaults] [Result] 'GAUSSIAN' ACCEPTED. Score: -0.1928 (Delta: 0.0027)

[defaults] --- Stagnation at Score -0.0521 ---
  [defaults] [Evolution] Targeting Chain 1 Layer 0 (Imp: 1.109e-04)...
    [defaults] -> Mutating: GAUSSIAN ===> IDENTITY
  [defaults] [Result] 'IDENTITY' ACCEPTED. Score: -0.2508 (Delta: 0.1011)
[defaults] Epoch 5000: Val Loss 0.30146 | Temp 0.0833

[defaults] --- Stagnation at Score -0.0521 ---
  [defaults] [Evolution] Targeting Chain 1 Layer 0 (Imp: 1.151e-04)...
    [defaults] -> Mutating: IDENTITY ===> TANH
  [defaults] [Result] 'TANH' ACCEPTED. Score: -0.2377 (Delta: 0.0486)

[defaults] --- Stagnation at Score -0.0521 ---
  [defaults] [Evolution] Targeting Chain 1 Layer 0 (Imp: 1.177e-04)...
    [defaults] -> Mutating: TANH ===> GAUSSIAN
  [defaults] [Result] 'GAUSSIAN' ACCEPTED. Score: -0.2013 (Delta: 0.0107)

[defaults] --- Stagnation at Score -0.0521 ---
  [defaults] [Evolution] Targeting Chain 1 Layer 0 (Imp: 1.232e-04)...
    [defaults] -> Mutating: GAUSSIAN ===> SIN
  [defaults] [Result] 'SIN' ACCEPTED. Score: -0.1884 (Delta: 0.1798)

[defaults] --- Stagnation at Score -0.0521 ---
  [defaults] [Evolution] Targeting Chain 1 Layer 0 (Imp: 1.261e-04)...
    [defaults] -> Mutating: SIN ===> TANH
  [defaults] [Result] 'TANH' ACCEPTED. Score: -0.1759 (Delta: 0.0075)

[defaults] --- Stagnation at Score -0.0521 ---
  [defaults] [Evolution] Targeting Chain 1 Layer 0 (Imp: 1.286e-04)...
    [defaults] -> Mutating: TANH ===> GAUSSIAN
  [defaults] [Result] 'GAUSSIAN' ACCEPTED. Score: -0.1956 (Delta: 0.0201)

[defaults] --- Stagnation at Score -0.0521 ---
  [defaults] [Evolution] Targeting Chain 1 Layer 0 (Imp: 1.335e-04)...
    [defaults] -> Mutating: GAUSSIAN ===> TANH
  [defaults] [Result] 'TANH' ACCEPTED. Score: -0.2047 (Delta: 0.1516)

[defaults] --- Stagnation at Score -0.0521 ---
  [defaults] [Evolution] Targeting Chain 1 Layer 0 (Imp: 1.359e-04)...
    [defaults] -> Mutating: TANH ===> IDENTITY
  [defaults] [Result] 'IDENTITY' ACCEPTED. Score: -0.2178 (Delta: 0.0009)

[defaults] --- Stagnation at Score -0.0521 ---
  [defaults] [Evolution] Targeting Chain 1 Layer 0 (Imp: 1.392e-04)...
    [defaults] -> Mutating: IDENTITY ===> GAUSSIAN
  [defaults] [Result] 'GAUSSIAN' ACCEPTED. Score: -0.1958 (Delta: 0.0222)

[defaults] --- Stagnation at Score -0.0521 ---
  [defaults] [Evolution] Targeting Chain 1 Layer 0 (Imp: 1.437e-04)...
    [defaults] -> Mutating: GAUSSIAN ===> IDENTITY
  [defaults] [Result] 'IDENTITY' ACCEPTED. Score: -0.2060 (Delta: 0.1542)

[defaults] --- Stagnation at Score -0.0521 ---
  [defaults] [Evolution] Targeting Chain 1 Layer 0 (Imp: 1.462e-04)...
    [defaults] -> Mutating: IDENTITY ===> SQUARE
  [defaults] [Result] 'SQUARE' ACCEPTED. Score: -0.1670 (Delta: 0.0481)

[defaults] --- Stagnation at Score -0.0521 ---
  [defaults] [Evolution] Targeting Chain 1 Layer 0 (Imp: 1.477e-04)...
    [defaults] -> Mutating: SQUARE ===> SIN
  [defaults] [Result] 'SIN' ACCEPTED. Score: -0.1454 (Delta: 0.0556)

[defaults] --- Stagnation at Score -0.0521 ---
  [defaults] [Evolution] Targeting Chain 1 Layer 0 (Imp: 1.508e-04)...
    [defaults] -> Mutating: SIN ===> GAUSSIAN
  [defaults] [Result] 'GAUSSIAN' ACCEPTED. Score: -0.1716 (Delta: 0.0390)
[defaults] Epoch 5500: Val Loss 0.37167 | Temp 0.0417

[defaults] --- Stagnation at Score -0.0521 ---
  [defaults] [Evolution] Targeting Chain 1 Layer 0 (Imp: 1.555e-04)...
    [defaults] -> Mutating: GAUSSIAN ===> RELU
  [defaults] [Result] 'RELU' ACCEPTED. Score: -0.1654 (Delta: 0.1828)

[defaults] --- Stagnation at Score -0.0521 ---
  [defaults] [Evolution] Targeting Chain 1 Layer 0 (Imp: 1.554e-04)...
    [defaults] -> Mutating: RELU ===> GAUSSIAN
  [defaults] [Result] 'GAUSSIAN' ACCEPTED. Score: -0.1383 (Delta: 0.0008)

[defaults] --- Stagnation at Score -0.0521 ---
  [defaults] [Evolution] Targeting Chain 1 Layer 0 (Imp: 1.597e-04)...
    [defaults] -> Mutating: GAUSSIAN ===> TANH
  [defaults] [Result] 'TANH' ACCEPTED. Score: -0.1733 (Delta: 0.1305)

[defaults] --- Stagnation at Score -0.0521 ---
  [defaults] [Evolution] Targeting Chain 1 Layer 0 (Imp: 1.615e-04)...
    [defaults] -> Mutating: TANH ===> SIN
  [defaults] [Result] 'SIN' ACCEPTED. Score: -0.1900 (Delta: 0.0183)

[defaults] --- Stagnation at Score -0.0521 ---
  [defaults] [Evolution] Targeting Chain 1 Layer 0 (Imp: 1.643e-04)...
    [defaults] -> Mutating: SIN ===> GAUSSIAN
  [defaults] [Result] 'GAUSSIAN' ACCEPTED. Score: -0.1624 (Delta: 0.0480)

[defaults] --- Stagnation at Score -0.0521 ---
  [defaults] [Evolution] Targeting Chain 1 Layer 0 (Imp: 1.682e-04)...
    [defaults] -> Mutating: GAUSSIAN ===> TANH
  [defaults] [Result] 'TANH' ACCEPTED. Score: -0.1750 (Delta: 0.1374)

[defaults] --- Stagnation at Score -0.0521 ---
  [defaults] [Evolution] Targeting Chain 1 Layer 0 (Imp: 1.695e-04)...
    [defaults] -> Mutating: TANH ===> GAUSSIAN
  [defaults] [Result] 'GAUSSIAN' ACCEPTED. Score: -0.1576 (Delta: 0.0304)

[defaults] --- Stagnation at Score -0.0521 ---
  [defaults] [Evolution] Targeting Chain 1 Layer 0 (Imp: 1.729e-04)...
    [defaults] -> Mutating: GAUSSIAN ===> RELU
  [defaults] [Result] 'RELU' ACCEPTED. Score: -0.1644 (Delta: 0.1267)

[defaults] --- Stagnation at Score -0.0521 ---
  [defaults] [Evolution] Targeting Chain 1 Layer 0 (Imp: 1.727e-04)...
    [defaults] -> Mutating: RELU ===> TANH
  [defaults] [Result] 'TANH' ACCEPTED. Score: -0.1389 (Delta: 0.0012)

[defaults] --- Stagnation at Score -0.0521 ---
  [defaults] [Evolution] Targeting Chain 1 Layer 0 (Imp: 1.739e-04)...
    [defaults] -> Mutating: TANH ===> GAUSSIAN
  [defaults] [Result] 'GAUSSIAN' ACCEPTED. Score: -0.1342 (Delta: 0.0332)

[defaults] --- Stagnation at Score -0.0521 ---
  [defaults] [Evolution] Targeting Chain 1 Layer 0 (Imp: 1.776e-04)...
    [defaults] -> Mutating: GAUSSIAN ===> TANH
  [defaults] [Result] 'TANH' ACCEPTED. Score: -0.1470 (Delta: 0.1378)

[defaults] --- Stagnation at Score -0.0521 ---
  [defaults] [Evolution] Targeting Chain 1 Layer 0 (Imp: 1.788e-04)...
    [defaults] -> Mutating: TANH ===> SQUARE
  [defaults] [Result] 'SQUARE' ACCEPTED. Score: -0.1424 (Delta: 0.0301)
[defaults] Restoring Best Ever State (Score: -0.0521)
defaults   fixed      6000    0/8       1.252e-01    4.932e-02  gaussian,gaussian; relu,tanh; tanh,tanh
[GAI-A] Epoch 0: Val Loss 1.61939 | Temp 0.5000
[GAI-A] Epoch 500: Val Loss 0.14362 | Temp 0.3750

[GAI-A] --- Stagnation at Score -0.1425 ---
  [GAI-A] [Evolution] Targeting Chain 0 Layer 0 (Imp: 2.774e-04)...
    [GAI-A] -> Mutating: GAUSSIAN ===> SQUARE
  [GAI-A] [Result] 'SQUARE' REJECTED. Score: -0.1883 (Delta: -0.0457)
  [GAI-A] Instant Retry: Triggering evolution again...

[GAI-A] --- Stagnation at Score -0.1425 ---
  [GAI-A] [Evolution] Targeting Chain 0 Layer 0 (Imp: 2.774e-04)...
    [GAI-A] -> Mutating: GAUSSIAN ===> TANH
  [GAI-A] [Result] 'TANH' REJECTED. Score: -0.1897 (Delta: -0.0015)
  [GAI-A] Instant Retry: Triggering evolution again...

[GAI-A] --- Stagnation at Score -0.1425 ---
  [GAI-A] [Evolution] Targeting Chain 0 Layer 0 (Imp: 2.774e-04)...
    [GAI-A] -> Mutating: GAUSSIAN ===> IDENTITY
  [GAI-A] [Result] 'IDENTITY' REJECTED. Score: -0.1903 (Delta: -0.0006)
  [GAI-A] Instant Retry: Triggering evolution again...

[GAI-A] --- Stagnation at Score -0.1425 ---
  [GAI-A] [Evolution] Targeting Chain 0 Layer 0 (Imp: 2.774e-04)...
    [GAI-A] -> Mutating: GAUSSIAN ===> SIN
[GAI-A] Epoch 1000: Val Loss 0.23123 | Temp 0.2500
  [GAI-A] [Result] 'SIN' REJECTED. Score: -0.1922 (Delta: -0.0019)
  [GAI-A] Instant Retry: Triggering evolution again...

[GAI-A] --- Stagnation at Score -0.1425 ---
  [GAI-A] [Evolution] Targeting Chain 0 Layer 0 (Imp: 2.774e-04)...
    [GAI-A] -> Mutating: GAUSSIAN ===> RELU
  [GAI-A] [Result] 'RELU' ACCEPTED. Score: -0.1866 (Delta: 0.0056)

[GAI-A] --- Stagnation at Score -0.1425 ---
  [GAI-A] [Evolution] Targeting Chain 0 Layer 0 (Imp: 2.100e-04)...
    [GAI-A] -> Mutating: RELU ===> GAUSSIAN
  [GAI-A] [Result] 'GAUSSIAN' REJECTED. Score: -0.3759 (Delta: -0.2328)
  [GAI-A] Instant Retry: Triggering evolution again...

[GAI-A] --- Stagnation at Score -0.1425 ---
  [GAI-A] [Evolution] Targeting Chain 0 Layer 0 (Imp: 2.100e-04)...
  [GAI-A] [Evolution] Targeting Chain 1 Layer 0 (Imp: 5.415e-04)...
    [GAI-A] -> Mutating: GAUSSIAN ===> SIN
  [GAI-A] [Result] 'SIN' ACCEPTED. Score: -0.2967 (Delta: 0.0792)

[GAI-A] --- Stagnation at Score -0.1425 ---
  [GAI-A] [Evolution] Targeting Chain 1 Layer 0 (Imp: 4.690e-04)...
    [GAI-A] -> Mutating: SIN ===> SQUARE
  [GAI-A] [Result] 'SQUARE' ACCEPTED. Score: -0.2789 (Delta: 0.0022)
[GAI-A] Epoch 1500: Val Loss 0.27786 | Temp 0.1250

[GAI-A] --- Stagnation at Score -0.1425 ---
  [GAI-A] [Evolution] Targeting Chain 1 Layer 0 (Imp: 2.141e-05)...
    [GAI-A] -> Mutating: SQUARE ===> RELU
  [GAI-A] [Result] 'RELU' ACCEPTED. Score: -0.2759 (Delta: 0.0012)

[GAI-A] --- Stagnation at Score -0.1425 ---
  [GAI-A] [Evolution] Targeting Chain 1 Layer 0 (Imp: 3.485e-04)...
    [GAI-A] -> Mutating: RELU ===> TANH
  [GAI-A] [Result] 'TANH' REJECTED. Score: -0.3049 (Delta: -0.0416)
  [GAI-A] Instant Retry: Triggering evolution again...

[GAI-A] --- Stagnation at Score -0.1425 ---
  [GAI-A] [Evolution] Targeting Chain 1 Layer 0 (Imp: 3.485e-04)...
    [GAI-A] -> Mutating: RELU ===> IDENTITY
  [GAI-A] [Result] 'IDENTITY' REJECTED. Score: -0.3055 (Delta: -0.0006)
  [GAI-A] Instant Retry: Triggering evolution again...

[GAI-A] --- Stagnation at Score -0.1425 ---
  [GAI-A] [Evolution] Targeting Chain 1 Layer 0 (Imp: 3.485e-04)...
    [GAI-A] -> Mutating: RELU ===> SQUARE
  [GAI-A] [Result] 'SQUARE' REJECTED. Score: -0.3378 (Delta: -0.0322)
  [GAI-A] Instant Retry: Triggering evolution again...

[GAI-A] --- Stagnation at Score -0.1425 ---
  [GAI-A] [Evolution] Targeting Chain 1 Layer 0 (Imp: 3.485e-04)...
    [GAI-A] -> Mutating: RELU ===> GAUSSIAN
  [GAI-A] [Result] 'GAUSSIAN' ACCEPTED. Score: -0.3349 (Delta: 0.0028)
[GAI-A] Restoring Best Ever State (Score: -0.1425)
[GAI-A] Epoch 0: Val Loss 0.60286 | Temp 0.5000
[GAI-A] Epoch 500: Val Loss 0.17144 | Temp 0.3750
[GAI-A] Epoch 1000: Val Loss 0.14859 | Temp 0.2500
[GAI-A] Epoch 1500: Val Loss 0.14579 | Temp 0.1250
[GAI-A] Restoring Best Ever State (Score: -0.1451)
[GAI-A] Epoch 0: Val Loss 0.70634 | Temp 0.5000
[GAI-A] Epoch 500: Val Loss 0.12463 | Temp 0.3750
[GAI-A] Epoch 1000: Val Loss 0.11582 | Temp 0.2500
[GAI-A] Epoch 1500: Val Loss 0.11378 | Temp 0.1250
[GAI-A] Restoring Best Ever State (Score: -0.1126)
[GAI-A] Epoch 0: Val Loss 0.65159 | Temp 0.5000

[GAI-A] --- Stagnation at Score -0.2779 ---
  [GAI-A] [Evolution] Targeting Chain 1 Layer 0 (Imp: 1.686e-05)...
    [GAI-A] -> Mutating: RELU ===> IDENTITY
[GAI-A] Epoch 500: Val Loss 0.25103 | Temp 0.3750
  [GAI-A] [Result] 'IDENTITY' ACCEPTED. Score: -0.2512 (Delta: 0.0268)

[GAI-A] --- Stagnation at Score -0.2508 ---
  [GAI-A] [Evolution] Targeting Chain 1 Layer 0 (Imp: 1.955e-03)...
    [GAI-A] -> Mutating: IDENTITY ===> TANH
  [GAI-A] [Result] 'TANH' REJECTED. Score: -1.3632 (Delta: -1.1110)
  [GAI-A] Instant Retry: Triggering evolution again...

[GAI-A] --- Stagnation at Score -0.2508 ---
  [GAI-A] [Evolution] Targeting Chain 1 Layer 0 (Imp: 1.955e-03)...
    [GAI-A] -> Mutating: IDENTITY ===> RELU
  [GAI-A] [Result] 'RELU' REJECTED. Score: -1.9826 (Delta: -0.6193)
  [GAI-A] Instant Retry: Triggering evolution again...

[GAI-A] --- Stagnation at Score -0.2508 ---
  [GAI-A] [Evolution] Targeting Chain 1 Layer 0 (Imp: 1.955e-03)...
    [GAI-A] -> Mutating: IDENTITY ===> SIN
  [GAI-A] [Result] 'SIN' ACCEPTED. Score: -0.6753 (Delta: 1.3073)

[GAI-A] --- Stagnation at Score -0.2508 ---
  [GAI-A] [Evolution] Targeting Chain 1 Layer 0 (Imp: 1.607e-03)...
    [GAI-A] -> Mutating: SIN ===> SQUARE
  [GAI-A] [Result] 'SQUARE' REJECTED. Score: -0.4362 (Delta: -0.1349)
  [GAI-A] Instant Retry: Triggering evolution again...

[GAI-A] --- Stagnation at Score -0.2508 ---
  [GAI-A] [Evolution] Targeting Chain 1 Layer 0 (Imp: 1.607e-03)...
    [GAI-A] -> Mutating: SIN ===> IDENTITY
  [GAI-A] [Result] 'IDENTITY' ACCEPTED. Score: -0.3706 (Delta: 0.0655)
[GAI-A] Epoch 1000: Val Loss 0.26939 | Temp 0.2500

[GAI-A] --- Stagnation at Score -0.2508 ---
  [GAI-A] [Evolution] Targeting Chain 1 Layer 0 (Imp: 4.055e-04)...
    [GAI-A] -> Mutating: IDENTITY ===> GAUSSIAN
  [GAI-A] [Result] 'GAUSSIAN' REJECTED. Score: -0.2676 (Delta: -0.0043)
  [GAI-A] Instant Retry: Triggering evolution again...

[GAI-A] --- Stagnation at Score -0.2508 ---
  [GAI-A] [Evolution] Targeting Chain 1 Layer 0 (Imp: 4.055e-04)...
    [GAI-A] -> Mutating: IDENTITY ===> SIN
  [GAI-A] [Result] 'SIN' REJECTED. Score: -0.2747 (Delta: -0.0071)
  [GAI-A] Instant Retry: Triggering evolution again...

[GAI-A] --- Stagnation at Score -0.2508 ---
  [GAI-A] [Evolution] Targeting Chain 1 Layer 0 (Imp: 4.055e-04)...
  [GAI-A] [Evolution] Targeting Chain 0 Layer 0 (Imp: 2.157e-03)...
    [GAI-A] -> Mutating: RELU ===> SQUARE
  [GAI-A] [Result] 'SQUARE' REJECTED. Score: -0.8365 (Delta: -0.5618)
  [GAI-A] Instant Retry: Triggering evolution again...

[GAI-A] --- Stagnation at Score -0.2508 ---
  [GAI-A] [Evolution] Targeting Chain 1 Layer 0 (Imp: 4.055e-04)...
  [GAI-A] [Evolution] Targeting Chain 0 Layer 0 (Imp: 2.157e-03)...
    [GAI-A] -> Mutating: RELU ===> SIN
  [GAI-A] [Result] 'SIN' ACCEPTED. Score: -0.3937 (Delta: 0.4428)

[GAI-A] --- Stagnation at Score -0.2508 ---
  [GAI-A] [Evolution] Targeting Chain 1 Layer 0 (Imp: 9.520e-04)...
  [GAI-A] [Evolution] Targeting Chain 0 Layer 0 (Imp: 1.231e-03)...
    [GAI-A] -> Mutating: SIN ===> IDENTITY
  [GAI-A] [Result] 'IDENTITY' REJECTED. Score: -0.4855 (Delta: -0.1911)
  [GAI-A] Instant Retry: Triggering evolution again...

[GAI-A] --- Stagnation at Score -0.2508 ---
  [GAI-A] [Evolution] Targeting Chain 1 Layer 0 (Imp: 9.520e-04)...
  [GAI-A] [Evolution] Targeting Chain 0 Layer 0 (Imp: 1.231e-03)...
    [GAI-A] -> Mutating: SIN ===> GAUSSIAN
  [GAI-A] [Result] 'GAUSSIAN' REJECTED. Score: -0.5679 (Delta: -0.0823)
  [GAI-A] Instant Retry: Triggering evolution again...

[GAI-A] --- Stagnation at Score -0.2508 ---
  [GAI-A] [Evolution] Targeting Chain 1 Layer 0 (Imp: 9.520e-04)...
  [GAI-A] [Evolution] Targeting Chain 0 Layer 0 (Imp: 1.231e-03)...
    [GAI-A] -> Mutating: SIN ===> TANH
  [GAI-A] [Result] 'TANH' ACCEPTED. Score: -0.5121 (Delta: 0.0557)
[GAI-A] Epoch 1500: Val Loss 0.32166 | Temp 0.1250

[GAI-A] --- Stagnation at Score -0.2508 ---
  [GAI-A] [Evolution] Targeting Chain 0 Layer 0 (Imp: 6.118e-04)...
    [GAI-A] -> Mutating: TANH ===> SIN
  [GAI-A] [Result] 'SIN' REJECTED. Score: -0.3319 (Delta: -0.0138)
  [GAI-A] Instant Retry: Triggering evolution again...

[GAI-A] --- Stagnation at Score -0.2508 ---
  [GAI-A] [Evolution] Targeting Chain 0 Layer 0 (Imp: 6.118e-04)...
    [GAI-A] -> Mutating: TANH ===> RELU
  [GAI-A] [Result] 'RELU' REJECTED. Score: -0.3337 (Delta: -0.0018)
  [GAI-A] Instant Retry: Triggering evolution again...

[GAI-A] --- Stagnation at Score -0.2508 ---
  [GAI-A] [Evolution] Targeting Chain 0 Layer 0 (Imp: 6.118e-04)...
  [GAI-A] [Evolution] Targeting Chain 1 Layer 0 (Imp: 1.541e-03)...
[GAI-A] No mutations possible or supported.
[GAI-A] Restoring Best Ever State (Score: -0.2508)
[GAI-A] Epoch 0: Val Loss 1.65944 | Temp 0.5000
[GAI-A] Epoch 500: Val Loss 0.19011 | Temp 0.3750
[GAI-A] Epoch 1000: Val Loss 0.18731 | Temp 0.2500
[GAI-A] Epoch 1500: Val Loss 0.18602 | Temp 0.1250
[GAI-A] Restoring Best Ever State (Score: -0.1853)
[GAI-A] Epoch 0: Val Loss 0.74096 | Temp 0.5000

[GAI-A] --- Stagnation at Score -0.0002 ---
  [GAI-A] [Evolution] Targeting Chain 1 Layer 0 (Imp: 1.235e-04)...
    [GAI-A] -> Mutating: SIN ===> TANH
  [GAI-A] [Result] 'TANH' REJECTED. Score: -0.1141 (Delta: -0.1138)
  [GAI-A] Instant Retry: Triggering evolution again...

[GAI-A] --- Stagnation at Score -0.0002 ---
  [GAI-A] [Evolution] Targeting Chain 1 Layer 0 (Imp: 1.235e-04)...
    [GAI-A] -> Mutating: SIN ===> RELU
[GAI-A] Epoch 500: Val Loss 0.24661 | Temp 0.3750
  [GAI-A] [Result] 'RELU' REJECTED. Score: -0.2466 (Delta: -0.1325)
  [GAI-A] Instant Retry: Triggering evolution again...

[GAI-A] --- Stagnation at Score -0.0002 ---
  [GAI-A] [Evolution] Targeting Chain 1 Layer 0 (Imp: 1.235e-04)...
    [GAI-A] -> Mutating: SIN ===> SQUARE
  [GAI-A] [Result] 'SQUARE' REJECTED. Score: -0.2471 (Delta: -0.0005)
  [GAI-A] Instant Retry: Triggering evolution again...

[GAI-A] --- Stagnation at Score -0.0002 ---
  [GAI-A] [Evolution] Targeting Chain 1 Layer 0 (Imp: 1.235e-04)...
    [GAI-A] -> Mutating: SIN ===> IDENTITY
  [GAI-A] [Result] 'IDENTITY' ACCEPTED. Score: -0.1112 (Delta: 0.1359)

[GAI-A] --- Stagnation at Score -0.0002 ---
  [GAI-A] [Evolution] Targeting Chain 1 Layer 0 (Imp: 3.274e-04)...
    [GAI-A] -> Mutating: IDENTITY ===> GAUSSIAN
  [GAI-A] [Result] 'GAUSSIAN' REJECTED. Score: -0.9578 (Delta: -0.8622)
  [GAI-A] Instant Retry: Triggering evolution again...

[GAI-A] --- Stagnation at Score -0.0002 ---
  [GAI-A] [Evolution] Targeting Chain 1 Layer 0 (Imp: 3.274e-04)...
    [GAI-A] -> Mutating: IDENTITY ===> SIN
  [GAI-A] [Result] 'SIN' ACCEPTED. Score: -0.0977 (Delta: 0.8601)

[GAI-A] --- Stagnation at Score -0.0002 ---
  [GAI-A] [Evolution] Targeting Chain 1 Layer 0 (Imp: 2.704e-04)...
    [GAI-A] -> Mutating: SIN ===> IDENTITY
  [GAI-A] [Result] 'IDENTITY' REJECTED. Score: -0.0980 (Delta: -0.0026)
  [GAI-A] Instant Retry: Triggering evolution again...

[GAI-A] --- Stagnation at Score -0.0002 ---
  [GAI-A] [Evolution] Targeting Chain 1 Layer 0 (Imp: 2.704e-04)...
  [GAI-A] [Evolution] Targeting Chain 0 Layer 0 (Imp: 7.423e-04)...
    [GAI-A] -> Mutating: SIN ===> GAUSSIAN
  [GAI-A] [Result] 'GAUSSIAN' REJECTED. Score: -0.4743 (Delta: -0.3763)
  [GAI-A] Instant Retry: Triggering evolution again...

[GAI-A] --- Stagnation at Score -0.0002 ---
  [GAI-A] [Evolution] Targeting Chain 1 Layer 0 (Imp: 2.704e-04)...
  [GAI-A] [Evolution] Targeting Chain 0 Layer 0 (Imp: 7.423e-04)...
    [GAI-A] -> Mutating: SIN ===> RELU
  [GAI-A] [Result] 'RELU' ACCEPTED. Score: -0.3487 (Delta: 0.1256)
[GAI-A] Epoch 1000: Val Loss 0.31373 | Temp 0.2500

[GAI-A] --- Stagnation at Score -0.0002 ---
  [GAI-A] [Evolution] Targeting Chain 0 Layer 0 (Imp: 1.515e-07)...
    [GAI-A] -> Mutating: RELU ===> IDENTITY
  [GAI-A] [Result] 'IDENTITY' ACCEPTED. Score: -0.1360 (Delta: 0.1296)

[GAI-A] --- Stagnation at Score -0.0002 ---
  [GAI-A] [Evolution] Targeting Chain 0 Layer 0 (Imp: 2.246e-04)...
    [GAI-A] -> Mutating: IDENTITY ===> SQUARE
  [GAI-A] [Result] 'SQUARE' ACCEPTED. Score: -0.0855 (Delta: 0.0104)
[GAI-A] Epoch 1500: Val Loss 0.00000 | Temp 0.1250

[GAI-A] --- Stagnation at Score -0.0000 ---
  [GAI-A] [Evolution] Targeting Chain 0 Layer 0 (Imp: 1.087e-05)...
    [GAI-A] -> Mutating: SQUARE ===> TANH
  [GAI-A] [Result] 'TANH' REJECTED. Score: -0.0989 (Delta: -0.0989)
  [GAI-A] Instant Retry: Triggering evolution again...

[GAI-A] --- Stagnation at Score -0.0000 ---
  [GAI-A] [Evolution] Targeting Chain 0 Layer 0 (Imp: 1.087e-05)...
    [GAI-A] -> Mutating: SQUARE ===> IDENTITY
  [GAI-A] [Result] 'IDENTITY' REJECTED. Score: -0.0990 (Delta: -0.0001)
  [GAI-A] Instant Retry: Triggering evolution again...

[GAI-A] --- Stagnation at Score -0.0000 ---
  [GAI-A] [Evolution] Targeting Chain 0 Layer 0 (Imp: 1.087e-05)...
    [GAI-A] -> Mutating: SQUARE ===> SIN
  [GAI-A] [Result] 'SIN' ACCEPTED. Score: -0.0967 (Delta: 0.0023)
[GAI-A] Restoring Best Ever State (Score: -0.0000)
[GAI-A] Epoch 0: Val Loss 1.06195 | Temp 0.5000
[GAI-A] Epoch 500: Val Loss 0.12175 | Temp 0.3750
[GAI-A] Epoch 1000: Val Loss 0.10248 | Temp 0.2500
[GAI-A] Epoch 1500: Val Loss 0.09763 | Temp 0.1250
[GAI-A] Restoring Best Ever State (Score: -0.0958)
[GAI-A] Epoch 0: Val Loss 0.65122 | Temp 0.5000
[GAI-A] Epoch 500: Val Loss 0.05340 | Temp 0.3750
[GAI-A] Epoch 1000: Val Loss 0.05326 | Temp 0.2500

[GAI-A] --- Stagnation at Score -0.0533 ---
  [GAI-A] [Evolution] Targeting Chain 1 Layer 0 (Imp: 3.669e-05)...
    [GAI-A] -> Mutating: RELU ===> SIN
  [GAI-A] [Result] 'SIN' REJECTED. Score: -0.0949 (Delta: -0.0417)
  [GAI-A] Instant Retry: Triggering evolution again...

[GAI-A] --- Stagnation at Score -0.0533 ---
  [GAI-A] [Evolution] Targeting Chain 1 Layer 0 (Imp: 3.669e-05)...
    [GAI-A] -> Mutating: RELU ===> IDENTITY
  [GAI-A] [Result] 'IDENTITY' REJECTED. Score: -0.0953 (Delta: -0.0003)
  [GAI-A] Instant Retry: Triggering evolution again...

[GAI-A] --- Stagnation at Score -0.0533 ---
  [GAI-A] [Evolution] Targeting Chain 1 Layer 0 (Imp: 3.669e-05)...
    [GAI-A] -> Mutating: RELU ===> SQUARE
  [GAI-A] [Result] 'SQUARE' ACCEPTED. Score: -0.0776 (Delta: 0.0177)
[GAI-A] Epoch 1500: Val Loss 0.00000 | Temp 0.1250

[GAI-A] --- Stagnation at Score -0.0000 ---
  [GAI-A] [Evolution] Targeting Chain 1 Layer 0 (Imp: 1.046e-05)...
    [GAI-A] -> Mutating: SQUARE ===> TANH
  [GAI-A] [Result] 'TANH' REJECTED. Score: -0.0987 (Delta: -0.0987)
  [GAI-A] Instant Retry: Triggering evolution again...

[GAI-A] --- Stagnation at Score -0.0000 ---
  [GAI-A] [Evolution] Targeting Chain 1 Layer 0 (Imp: 1.046e-05)...
    [GAI-A] -> Mutating: SQUARE ===> GAUSSIAN
  [GAI-A] [Result] 'GAUSSIAN' REJECTED. Score: -0.1325 (Delta: -0.0338)
  [GAI-A] Instant Retry: Triggering evolution again...

[GAI-A] --- Stagnation at Score -0.0000 ---
  [GAI-A] [Evolution] Targeting Chain 1 Layer 0 (Imp: 1.046e-05)...
    [GAI-A] -> Mutating: SQUARE ===> RELU
  [GAI-A] [Result] 'RELU' ACCEPTED. Score: -0.0946 (Delta: 0.0379)

[GAI-A] --- Stagnation at Score -0.0000 ---
  [GAI-A] [Evolution] Targeting Chain 1 Layer 0 (Imp: 1.525e-04)...
    [GAI-A] -> Mutating: RELU ===> SQUARE
  [GAI-A] [Result] 'SQUARE' ACCEPTED. Score: -0.0823 (Delta: 0.0123)
[GAI-A] Restoring Best Ever State (Score: -0.0000)
GAI-A      legacy     2000    2/8       1.103e-01    8.160e-16  gaussian,gaussian; relu,tanh; tanh,tanh
[GAI-A] Epoch 0: Val Loss 1.61939 | Temp 0.5000
[GAI-A] Epoch 500: Val Loss 0.14362 | Temp 0.4583

[GAI-A] --- Stagnation at Score -0.1425 ---
  [GAI-A] [Evolution] Targeting Chain 0 Layer 0 (Imp: 2.774e-04)...
    [GAI-A] -> Mutating: GAUSSIAN ===> SQUARE
  [GAI-A] [Result] 'SQUARE' REJECTED. Score: -0.1883 (Delta: -0.0457)
  [GAI-A] Instant Retry: Triggering evolution again...

[GAI-A] --- Stagnation at Score -0.1425 ---
  [GAI-A] [Evolution] Targeting Chain 0 Layer 0 (Imp: 2.774e-04)...
    [GAI-A] -> Mutating: GAUSSIAN ===> TANH
  [GAI-A] [Result] 'TANH' REJECTED. Score: -0.1897 (Delta: -0.0015)
  [GAI-A] Instant Retry: Triggering evolution again...

[GAI-A] --- Stagnation at Score -0.1425 ---
  [GAI-A] [Evolution] Targeting Chain 0 Layer 0 (Imp: 2.774e-04)...
    [GAI-A] -> Mutating: GAUSSIAN ===> IDENTITY
  [GAI-A] [Result] 'IDENTITY' REJECTED. Score: -0.1903 (Delta: -0.0006)
  [GAI-A] Instant Retry: Triggering evolution again...

[GAI-A] --- Stagnation at Score -0.1425 ---
  [GAI-A] [Evolution] Targeting Chain 0 Layer 0 (Imp: 2.774e-04)...
    [GAI-A] -> Mutating: GAUSSIAN ===> SIN
[GAI-A] Epoch 1000: Val Loss 0.23123 | Temp 0.4167
  [GAI-A] [Result] 'SIN' REJECTED. Score: -0.1922 (Delta: -0.0019)
  [GAI-A] Instant Retry: Triggering evolution again...

[GAI-A] --- Stagnation at Score -0.1425 ---
  [GAI-A] [Evolution] Targeting Chain 0 Layer 0 (Imp: 2.774e-04)...
    [GAI-A] -> Mutating: GAUSSIAN ===> RELU
  [GAI-A] [Result] 'RELU' ACCEPTED. Score: -0.1866 (Delta: 0.0056)

[GAI-A] --- Stagnation at Score -0.1425 ---
  [GAI-A] [Evolution] Targeting Chain 0 Layer 0 (Imp: 2.100e-04)...
    [GAI-A] -> Mutating: RELU ===> GAUSSIAN
  [GAI-A] [Result] 'GAUSSIAN' REJECTED. Score: -0.3759 (Delta: -0.2328)
  [GAI-A] Instant Retry: Triggering evolution again...

[GAI-A] --- Stagnation at Score -0.1425 ---
  [GAI-A] [Evolution] Targeting Chain 0 Layer 0 (Imp: 2.100e-04)...
  [GAI-A] [Evolution] Targeting Chain 1 Layer 0 (Imp: 5.415e-04)...
    [GAI-A] -> Mutating: GAUSSIAN ===> SIN
  [GAI-A] [Result] 'SIN' ACCEPTED. Score: -0.2967 (Delta: 0.0792)

[GAI-A] --- Stagnation at Score -0.1425 ---
  [GAI-A] [Evolution] Targeting Chain 1 Layer 0 (Imp: 4.690e-04)...
    [GAI-A] -> Mutating: SIN ===> SQUARE
  [GAI-A] [Result] 'SQUARE' ACCEPTED. Score: -0.2789 (Delta: 0.0022)
[GAI-A] Epoch 1500: Val Loss 0.27786 | Temp 0.3750

[GAI-A] --- Stagnation at Score -0.1425 ---
  [GAI-A] [Evolution] Targeting Chain 1 Layer 0 (Imp: 2.141e-05)...
    [GAI-A] -> Mutating: SQUARE ===> RELU
  [GAI-A] [Result] 'RELU' ACCEPTED. Score: -0.2759 (Delta: 0.0012)

[GAI-A] --- Stagnation at Score -0.1425 ---
  [GAI-A] [Evolution] Targeting Chain 1 Layer 0 (Imp: 3.485e-04)...
    [GAI-A] -> Mutating: RELU ===> TANH
  [GAI-A] [Result] 'TANH' REJECTED. Score: -0.3049 (Delta: -0.0416)
  [GAI-A] Instant Retry: Triggering evolution again...

[GAI-A] --- Stagnation at Score -0.1425 ---
  [GAI-A] [Evolution] Targeting Chain 1 Layer 0 (Imp: 3.485e-04)...
    [GAI-A] -> Mutating: RELU ===> IDENTITY
  [GAI-A] [Result] 'IDENTITY' REJECTED. Score: -0.3055 (Delta: -0.0006)
  [GAI-A] Instant Retry: Triggering evolution again...

[GAI-A] --- Stagnation at Score -0.1425 ---
  [GAI-A] [Evolution] Targeting Chain 1 Layer 0 (Imp: 3.485e-04)...
    [GAI-A] -> Mutating: RELU ===> SQUARE
  [GAI-A] [Result] 'SQUARE' REJECTED. Score: -0.3378 (Delta: -0.0322)
  [GAI-A] Instant Retry: Triggering evolution again...

[GAI-A] --- Stagnation at Score -0.1425 ---
  [GAI-A] [Evolution] Targeting Chain 1 Layer 0 (Imp: 3.485e-04)...
    [GAI-A] -> Mutating: RELU ===> GAUSSIAN
  [GAI-A] [Result] 'GAUSSIAN' ACCEPTED. Score: -0.3349 (Delta: 0.0028)
[GAI-A] Epoch 2000: Val Loss 0.18648 | Temp 0.3333

[GAI-A] --- Stagnation at Score -0.1425 ---
  [GAI-A] [Evolution] Targeting Chain 0 Layer 0 (Imp: 1.241e-03)...
  [GAI-A] [Evolution] Targeting Chain 1 Layer 0 (Imp: 2.406e-03)...
    [GAI-A] -> Mutating: GAUSSIAN ===> SIN
  [GAI-A] [Result] 'SIN' REJECTED. Score: -0.3210 (Delta: -0.1348)
  [GAI-A] Instant Retry: Triggering evolution again...

[GAI-A] --- Stagnation at Score -0.1425 ---
  [GAI-A] [Evolution] Targeting Chain 0 Layer 0 (Imp: 1.241e-03)...
  [GAI-A] [Evolution] Targeting Chain 1 Layer 0 (Imp: 2.406e-03)...
    [GAI-A] -> Mutating: GAUSSIAN ===> RELU
  [GAI-A] [Result] 'RELU' ACCEPTED. Score: -0.3108 (Delta: 0.0102)

[GAI-A] --- Stagnation at Score -0.1425 ---
  [GAI-A] [Evolution] Targeting Chain 1 Layer 0 (Imp: 7.243e-04)...
    [GAI-A] -> Mutating: RELU ===> GAUSSIAN
  [GAI-A] [Result] 'GAUSSIAN' REJECTED. Score: -0.2951 (Delta: -0.0325)
  [GAI-A] Instant Retry: Triggering evolution again...

[GAI-A] --- Stagnation at Score -0.1425 ---
  [GAI-A] [Evolution] Targeting Chain 1 Layer 0 (Imp: 7.243e-04)...
  [GAI-A] [Evolution] Targeting Chain 0 Layer 0 (Imp: 2.057e-03)...
[GAI-A] No mutations possible or supported.
[GAI-A] Restoring Best Ever State (Score: -0.1425)
[GAI-A] Epoch 0: Val Loss 0.60286 | Temp 0.5000
[GAI-A] Epoch 500: Val Loss 0.17144 | Temp 0.4583
[GAI-A] Epoch 1000: Val Loss 0.14859 | Temp 0.4167
[GAI-A] Epoch 1500: Val Loss 0.14579 | Temp 0.3750
[GAI-A] Epoch 2000: Val Loss 0.14515 | Temp 0.3333

[GAI-A] --- Stagnation at Score -0.1451 ---
  [GAI-A] [Evolution] Targeting Chain 0 Layer 0 (Imp: 1.307e-04)...
    [GAI-A] -> Mutating: RELU ===> IDENTITY
  [GAI-A] [Result] 'IDENTITY' REJECTED. Score: -0.1614 (Delta: -0.0161)
  [GAI-A] Instant Retry: Triggering evolution again...

[GAI-A] --- Stagnation at Score -0.1451 ---
  [GAI-A] [Evolution] Targeting Chain 0 Layer 0 (Imp: 1.307e-04)...
    [GAI-A] -> Mutating: RELU ===> GAUSSIAN
  [GAI-A] [Result] 'GAUSSIAN' REJECTED. Score: -0.2510 (Delta: -0.0897)
  [GAI-A] Instant Retry: Triggering evolution again...

[GAI-A] --- Stagnation at Score -0.1451 ---
  [GAI-A] [Evolution] Targeting Chain 0 Layer 0 (Imp: 1.307e-04)...
    [GAI-A] -> Mutating: RELU ===> SQUARE
  [GAI-A] [Result] 'SQUARE' ACCEPTED. Score: -0.1678 (Delta: 0.0832)
[GAI-A] Epoch 2500: Val Loss 0.08040 | Temp 0.2917

[GAI-A] --- Stagnation at Score -0.0803 ---
  [GAI-A] [Evolution] Targeting Chain 0 Layer 0 (Imp: 2.092e-04)...
    [GAI-A] -> Mutating: SQUARE ===> RELU
  [GAI-A] [Result] 'RELU' REJECTED. Score: -0.1750 (Delta: -0.0947)
  [GAI-A] Instant Retry: Triggering evolution again...

[GAI-A] --- Stagnation at Score -0.0803 ---
  [GAI-A] [Evolution] Targeting Chain 0 Layer 0 (Imp: 2.092e-04)...
    [GAI-A] -> Mutating: SQUARE ===> TANH
  [GAI-A] [Result] 'TANH' ACCEPTED. Score: -0.1582 (Delta: 0.0168)

[GAI-A] --- Stagnation at Score -0.0803 ---
  [GAI-A] [Evolution] Targeting Chain 0 Layer 0 (Imp: 4.095e-04)...
    [GAI-A] -> Mutating: TANH ===> SQUARE
  [GAI-A] [Result] 'SQUARE' REJECTED. Score: -0.3050 (Delta: -0.1815)
  [GAI-A] Instant Retry: Triggering evolution again...

[GAI-A] --- Stagnation at Score -0.0803 ---
  [GAI-A] [Evolution] Targeting Chain 0 Layer 0 (Imp: 4.095e-04)...
    [GAI-A] -> Mutating: TANH ===> SIN
  [GAI-A] [Result] 'SIN' ACCEPTED. Score: -0.1272 (Delta: 0.1778)
[GAI-A] Epoch 3000: Val Loss 0.12090 | Temp 0.2500

[GAI-A] --- Stagnation at Score -0.0803 ---
  [GAI-A] [Evolution] Targeting Chain 0 Layer 0 (Imp: 5.353e-04)...
    [GAI-A] -> Mutating: SIN ===> TANH
  [GAI-A] [Result] 'TANH' REJECTED. Score: -0.2330 (Delta: -0.1124)
  [GAI-A] Instant Retry: Triggering evolution again...

[GAI-A] --- Stagnation at Score -0.0803 ---
  [GAI-A] [Evolution] Targeting Chain 0 Layer 0 (Imp: 5.353e-04)...
  [GAI-A] [Evolution] Targeting Chain 1 Layer 0 (Imp: 1.306e-03)...
    [GAI-A] -> Mutating: TANH ===> IDENTITY
  [GAI-A] [Result] 'IDENTITY' REJECTED. Score: -0.5255 (Delta: -0.2925)
  [GAI-A] Instant Retry: Triggering evolution again...

[GAI-A] --- Stagnation at Score -0.0803 ---
  [GAI-A] [Evolution] Targeting Chain 0 Layer 0 (Imp: 5.353e-04)...
  [GAI-A] [Evolution] Targeting Chain 1 Layer 0 (Imp: 1.306e-03)...
    [GAI-A] -> Mutating: TANH ===> GAUSSIAN
  [GAI-A] [Result] 'GAUSSIAN' REJECTED. Score: -0.5916 (Delta: -0.0661)
  [GAI-A] Instant Retry: Triggering evolution again...

[GAI-A] --- Stagnation at Score -0.0803 ---
  [GAI-A] [Evolution] Targeting Chain 0 Layer 0 (Imp: 5.353e-04)...
  [GAI-A] [Evolution] Targeting Chain 1 Layer 0 (Imp: 1.306e-03)...
    [GAI-A] -> Mutating: TANH ===> SIN
  [GAI-A] [Result] 'SIN' ACCEPTED. Score: -0.3263 (Delta: 0.2654)

[GAI-A] --- Stagnation at Score -0.0803 ---
  [GAI-A] [Evolution] Targeting Chain 0 Layer 0 (Imp: 9.881e-04)...
  [GAI-A] [Evolution] Targeting Chain 1 Layer 0 (Imp: 1.023e-03)...
    [GAI-A] -> Mutating: SIN ===> RELU
  [GAI-A] [Result] 'RELU' REJECTED. Score: -0.4230 (Delta: -0.1653)
  [GAI-A] Instant Retry: Triggering evolution again...

[GAI-A] --- Stagnation at Score -0.0803 ---
  [GAI-A] [Evolution] Targeting Chain 0 Layer 0 (Imp: 9.881e-04)...
  [GAI-A] [Evolution] Targeting Chain 1 Layer 0 (Imp: 1.023e-03)...
    [GAI-A] -> Mutating: SIN ===> TANH
  [GAI-A] [Result] 'TANH' ACCEPTED. Score: -0.3375 (Delta: 0.0855)

[GAI-A] --- Stagnation at Score -0.0803 ---
  [GAI-A] [Evolution] Targeting Chain 1 Layer 0 (Imp: 3.544e-04)...
    [GAI-A] -> Mutating: TANH ===> SQUARE
  [GAI-A] [Result] 'SQUARE' ACCEPTED. Score: -0.2918 (Delta: 0.0291)
[GAI-A] Epoch 3500: Val Loss 0.27459 | Temp 0.2083
[GAI-A] Epoch 4000: Val Loss 0.00000 | Temp 0.1667

[GAI-A] --- Stagnation at Score -0.0000 ---
  [GAI-A] [Evolution] Targeting Chain 1 Layer 0 (Imp: 5.202e-05)...
    [GAI-A] -> Mutating: SQUARE ===> SIN
  [GAI-A] [Result] 'SIN' REJECTED. Score: -0.0981 (Delta: -0.0981)
  [GAI-A] Instant Retry: Triggering evolution again...

[GAI-A] --- Stagnation at Score -0.0000 ---
  [GAI-A] [Evolution] Targeting Chain 1 Layer 0 (Imp: 5.202e-05)...
    [GAI-A] -> Mutating: SQUARE ===> TANH
  [GAI-A] [Result] 'TANH' REJECTED. Score: -0.0990 (Delta: -0.0009)
  [GAI-A] Instant Retry: Triggering evolution again...

[GAI-A] --- Stagnation at Score -0.0000 ---
  [GAI-A] [Evolution] Targeting Chain 1 Layer 0 (Imp: 5.202e-05)...
  [GAI-A] [Evolution] Targeting Chain 0 Layer 0 (Imp: 1.853e-04)...
[GAI-A] No mutations possible or supported.
[GAI-A] Restoring Best Ever State (Score: -0.0000)
[GAI-A] Epoch 0: Val Loss 0.70634 | Temp 0.5000
[GAI-A] Epoch 500: Val Loss 0.12463 | Temp 0.4583
[GAI-A] Epoch 1000: Val Loss 0.11582 | Temp 0.4167
[GAI-A] Epoch 1500: Val Loss 0.11378 | Temp 0.3750
[GAI-A] Epoch 2000: Val Loss 0.11260 | Temp 0.3333
[GAI-A] Epoch 2500: Val Loss 0.11187 | Temp 0.2917
[GAI-A] Epoch 3000: Val Loss 0.11136 | Temp 0.2500
[GAI-A] Epoch 3500: Val Loss 0.11099 | Temp 0.2083
[GAI-A] Epoch 4000: Val Loss 0.11070 | Temp 0.1667
[GAI-A] Epoch 4500: Val Loss 0.11047 | Temp 0.1250

[GAI-A] --- Stagnation at Score -0.1104 ---
  [GAI-A] [Evolution] Targeting Chain 0 Layer 0 (Imp: 1.777e-03)...
    [GAI-A] -> Mutating: TANH ===> GAUSSIAN
  [GAI-A] [Result] 'GAUSSIAN' REJECTED. Score: -20.6004 (Delta: -20.4900)
  [GAI-A] Instant Retry: Triggering evolution again...

[GAI-A] --- Stagnation at Score -0.1104 ---
  [GAI-A] [Evolution] Targeting Chain 0 Layer 0 (Imp: 1.777e-03)...
    [GAI-A] -> Mutating: TANH ===> IDENTITY
  [GAI-A] [Result] 'IDENTITY' ACCEPTED. Score: -5.1732 (Delta: 15.4272)

[GAI-A] --- Stagnation at Score -0.1104 ---
  [GAI-A] [Evolution] Targeting Chain 0 Layer 0 (Imp: 3.701e-03)...
    [GAI-A] -> Mutating: IDENTITY ===> RELU
[GAI-A] Epoch 5000: Val Loss 2.56501 | Temp 0.0833
  [GAI-A] [Result] 'RELU' REJECTED. Score: -1.5050 (Delta: -1.3642)
  [GAI-A] Instant Retry: Triggering evolution again...

[GAI-A] --- Stagnation at Score -0.1104 ---
  [GAI-A] [Evolution] Targeting Chain 0 Layer 0 (Imp: 3.701e-03)...
    [GAI-A] -> Mutating: IDENTITY ===> SQUARE
  [GAI-A] [Result] 'SQUARE' REJECTED. Score: -1.8027 (Delta: -0.2978)
  [GAI-A] Instant Retry: Triggering evolution again...

[GAI-A] --- Stagnation at Score -0.1104 ---
  [GAI-A] [Evolution] Targeting Chain 0 Layer 0 (Imp: 3.701e-03)...
    [GAI-A] -> Mutating: IDENTITY ===> SIN
  [GAI-A] [Result] 'SIN' ACCEPTED. Score: -0.2218 (Delta: 1.5809)

[GAI-A] --- Stagnation at Score -0.1104 ---
  [GAI-A] [Evolution] Targeting Chain 0 Layer 0 (Imp: 2.111e-03)...
    [GAI-A] -> Mutating: SIN ===> TANH
  [GAI-A] [Result] 'TANH' REJECTED. Score: -1.1445 (Delta: -0.9865)
  [GAI-A] Instant Retry: Triggering evolution again...

[GAI-A] --- Stagnation at Score -0.1104 ---
  [GAI-A] [Evolution] Targeting Chain 0 Layer 0 (Imp: 2.111e-03)...
    [GAI-A] -> Mutating: SIN ===> IDENTITY
  [GAI-A] [Result] 'IDENTITY' REJECTED. Score: -1.1808 (Delta: -0.0363)
  [GAI-A] Instant Retry: Triggering evolution again...

[GAI-A] --- Stagnation at Score -0.1104 ---
  [GAI-A] [Evolution] Targeting Chain 0 Layer 0 (Imp: 2.111e-03)...
  [GAI-A] [Evolution] Targeting Chain 1 Layer 0 (Imp: 3.263e-03)...
    [GAI-A] -> Mutating: TANH ===> SQUARE
  [GAI-A] [Result] 'SQUARE' ACCEPTED. Score: -0.5366 (Delta: 0.6442)

[GAI-A] --- Stagnation at Score -0.1104 ---
  [GAI-A] [Evolution] Targeting Chain 1 Layer 0 (Imp: 1.052e-03)...
    [GAI-A] -> Mutating: SQUARE ===> IDENTITY
  [GAI-A] [Result] 'IDENTITY' REJECTED. Score: -0.3291 (Delta: -0.1026)
  [GAI-A] Instant Retry: Triggering evolution again...

[GAI-A] --- Stagnation at Score -0.1104 ---
  [GAI-A] [Evolution] Targeting Chain 1 Layer 0 (Imp: 1.052e-03)...
    [GAI-A] -> Mutating: SQUARE ===> GAUSSIAN
  [GAI-A] [Result] 'GAUSSIAN' REJECTED. Score: -0.6089 (Delta: -0.2798)
  [GAI-A] Instant Retry: Triggering evolution again...

[GAI-A] --- Stagnation at Score -0.1104 ---
  [GAI-A] [Evolution] Targeting Chain 1 Layer 0 (Imp: 1.052e-03)...
    [GAI-A] -> Mutating: SQUARE ===> TANH
[GAI-A] Epoch 5500: Val Loss 0.38993 | Temp 0.0417
  [GAI-A] [Result] 'TANH' ACCEPTED. Score: -0.3352 (Delta: 0.2738)

[GAI-A] --- Stagnation at Score -0.1104 ---
  [GAI-A] [Evolution] Targeting Chain 1 Layer 0 (Imp: 1.391e-03)...
    [GAI-A] -> Mutating: TANH ===> SQUARE
  [GAI-A] [Result] 'SQUARE' REJECTED. Score: -2.0256 (Delta: -1.8885)
  [GAI-A] Instant Retry: Triggering evolution again...

[GAI-A] --- Stagnation at Score -0.1104 ---
  [GAI-A] [Evolution] Targeting Chain 1 Layer 0 (Imp: 1.391e-03)...
    [GAI-A] -> Mutating: TANH ===> RELU
  [GAI-A] [Result] 'RELU' REJECTED. Score: -2.6744 (Delta: -0.6488)
  [GAI-A] Instant Retry: Triggering evolution again...

[GAI-A] --- Stagnation at Score -0.1104 ---
  [GAI-A] [Evolution] Targeting Chain 1 Layer 0 (Imp: 1.391e-03)...
    [GAI-A] -> Mutating: TANH ===> SIN
  [GAI-A] [Result] 'SIN' ACCEPTED. Score: -0.4409 (Delta: 2.2335)

[GAI-A] --- Stagnation at Score -0.1104 ---
  [GAI-A] [Evolution] Targeting Chain 1 Layer 0 (Imp: 2.185e-03)...
    [GAI-A] -> Mutating: SIN ===> TANH
  [GAI-A] [Result] 'TANH' REJECTED. Score: -0.5483 (Delta: -0.4064)
  [GAI-A] Instant Retry: Triggering evolution again...

[GAI-A] --- Stagnation at Score -0.1104 ---
  [GAI-A] [Evolution] Targeting Chain 1 Layer 0 (Imp: 2.185e-03)...
  [GAI-A] [Evolution] Targeting Chain 0 Layer 0 (Imp: 4.130e-03)...
[GAI-A] No mutations possible or supported.
[GAI-A] Restoring Best Ever State (Score: -0.1104)
[GAI-A] Epoch 0: Val Loss 0.65159 | Temp 0.5000

[GAI-A] --- Stagnation at Score -0.2779 ---
  [GAI-A] [Evolution] Targeting Chain 1 Layer 0 (Imp: 1.686e-05)...
    [GAI-A] -> Mutating: RELU ===> IDENTITY
[GAI-A] Epoch 500: Val Loss 0.25103 | Temp 0.4583
  [GAI-A] [Result] 'IDENTITY' ACCEPTED. Score: -0.2512 (Delta: 0.0268)

[GAI-A] --- Stagnation at Score -0.2508 ---
  [GAI-A] [Evolution] Targeting Chain 1 Layer 0 (Imp: 1.955e-03)...
    [GAI-A] -> Mutating: IDENTITY ===> TANH
  [GAI-A] [Result] 'TANH' REJECTED. Score: -1.3632 (Delta: -1.1110)
  [GAI-A] Instant Retry: Triggering evolution again...

[GAI-A] --- Stagnation at Score -0.2508 ---
  [GAI-A] [Evolution] Targeting Chain 1 Layer 0 (Imp: 1.955e-03)...
    [GAI-A] -> Mutating: IDENTITY ===> RELU
  [GAI-A] [Result] 'RELU' REJECTED. Score: -1.9826 (Delta: -0.6193)
  [GAI-A] Instant Retry: Triggering evolution again...

[GAI-A] --- Stagnation at Score -0.2508 ---
  [GAI-A] [Evolution] Targeting Chain 1 Layer 0 (Imp: 1.955e-03)...
    [GAI-A] -> Mutating: IDENTITY ===> SIN
  [GAI-A] [Result] 'SIN' ACCEPTED. Score: -0.6753 (Delta: 1.3073)

[GAI-A] --- Stagnation at Score -0.2508 ---
  [GAI-A] [Evolution] Targeting Chain 1 Layer 0 (Imp: 1.607e-03)...
    [GAI-A] -> Mutating: SIN ===> SQUARE
  [GAI-A] [Result] 'SQUARE' REJECTED. Score: -0.4362 (Delta: -0.1349)
  [GAI-A] Instant Retry: Triggering evolution again...

[GAI-A] --- Stagnation at Score -0.2508 ---
  [GAI-A] [Evolution] Targeting Chain 1 Layer 0 (Imp: 1.607e-03)...
    [GAI-A] -> Mutating: SIN ===> IDENTITY
  [GAI-A] [Result] 'IDENTITY' ACCEPTED. Score: -0.3706 (Delta: 0.0655)
[GAI-A] Epoch 1000: Val Loss 0.26939 | Temp 0.4167

[GAI-A] --- Stagnation at Score -0.2508 ---
  [GAI-A] [Evolution] Targeting Chain 1 Layer 0 (Imp: 4.055e-04)...
    [GAI-A] -> Mutating: IDENTITY ===> GAUSSIAN
  [GAI-A] [Result] 'GAUSSIAN' REJECTED. Score: -0.2676 (Delta: -0.0043)
  [GAI-A] Instant Retry: Triggering evolution again...

[GAI-A] --- Stagnation at Score -0.2508 ---
  [GAI-A] [Evolution] Targeting Chain 1 Layer 0 (Imp: 4.055e-04)...
    [GAI-A] -> Mutating: IDENTITY ===> SIN
  [GAI-A] [Result] 'SIN' REJECTED. Score: -0.2747 (Delta: -0.0071)
  [GAI-A] Instant Retry: Triggering evolution again...

[GAI-A] --- Stagnation at Score -0.2508 ---
  [GAI-A] [Evolution] Targeting Chain 1 Layer 0 (Imp: 4.055e-04)...
  [GAI-A] [Evolution] Targeting Chain 0 Layer 0 (Imp: 2.157e-03)...
    [GAI-A] -> Mutating: RELU ===> SQUARE
  [GAI-A] [Result] 'SQUARE' REJECTED. Score: -0.8365 (Delta: -0.5618)
  [GAI-A] Instant Retry: Triggering evolution again...

[GAI-A] --- Stagnation at Score -0.2508 ---
  [GAI-A] [Evolution] Targeting Chain 1 Layer 0 (Imp: 4.055e-04)...
  [GAI-A] [Evolution] Targeting Chain 0 Layer 0 (Imp: 2.157e-03)...
    [GAI-A] -> Mutating: RELU ===> SIN
  [GAI-A] [Result] 'SIN' ACCEPTED. Score: -0.3937 (Delta: 0.4428)

[GAI-A] --- Stagnation at Score -0.2508 ---
  [GAI-A] [Evolution] Targeting Chain 1 Layer 0 (Imp: 9.520e-04)...
  [GAI-A] [Evolution] Targeting Chain 0 Layer 0 (Imp: 1.231e-03)...
    [GAI-A] -> Mutating: SIN ===> IDENTITY
  [GAI-A] [Result] 'IDENTITY' REJECTED. Score: -0.4855 (Delta: -0.1911)
  [GAI-A] Instant Retry: Triggering evolution again...

[GAI-A] --- Stagnation at Score -0.2508 ---
  [GAI-A] [Evolution] Targeting Chain 1 Layer 0 (Imp: 9.520e-04)...
  [GAI-A] [Evolution] Targeting Chain 0 Layer 0 (Imp: 1.231e-03)...
    [GAI-A] -> Mutating: SIN ===> GAUSSIAN
  [GAI-A] [Result] 'GAUSSIAN' REJECTED. Score: -0.5679 (Delta: -0.0823)
  [GAI-A] Instant Retry: Triggering evolution again...

[GAI-A] --- Stagnation at Score -0.2508 ---
  [GAI-A] [Evolution] Targeting Chain 1 Layer 0 (Imp: 9.520e-04)...
  [GAI-A] [Evolution] Targeting Chain 0 Layer 0 (Imp: 1.231e-03)...
    [GAI-A] -> Mutating: SIN ===> TANH
  [GAI-A] [Result] 'TANH' ACCEPTED. Score: -0.5121 (Delta: 0.0557)
[GAI-A] Epoch 1500: Val Loss 0.32166 | Temp 0.3750

[GAI-A] --- Stagnation at Score -0.2508 ---
  [GAI-A] [Evolution] Targeting Chain 0 Layer 0 (Imp: 6.118e-04)...
    [GAI-A] -> Mutating: TANH ===> SIN
  [GAI-A] [Result] 'SIN' REJECTED. Score: -0.3319 (Delta: -0.0138)
  [GAI-A] Instant Retry: Triggering evolution again...

[GAI-A] --- Stagnation at Score -0.2508 ---
  [GAI-A] [Evolution] Targeting Chain 0 Layer 0 (Imp: 6.118e-04)...
    [GAI-A] -> Mutating: TANH ===> RELU
  [GAI-A] [Result] 'RELU' REJECTED. Score: -0.3337 (Delta: -0.0018)
  [GAI-A] Instant Retry: Triggering evolution again...

[GAI-A] --- Stagnation at Score -0.2508 ---
  [GAI-A] [Evolution] Targeting Chain 0 Layer 0 (Imp: 6.118e-04)...
  [GAI-A] [Evolution] Targeting Chain 1 Layer 0 (Imp: 1.541e-03)...
[GAI-A] No mutations possible or supported.
[GAI-A] Restoring Best Ever State (Score: -0.2508)
[GAI-A] Epoch 0: Val Loss 1.65944 | Temp 0.5000
[GAI-A] Epoch 500: Val Loss 0.19011 | Temp 0.4583
[GAI-A] Epoch 1000: Val Loss 0.18731 | Temp 0.4167
[GAI-A] Epoch 1500: Val Loss 0.18602 | Temp 0.3750
[GAI-A] Epoch 2000: Val Loss 0.18528 | Temp 0.3333
[GAI-A] Epoch 2500: Val Loss 0.18478 | Temp 0.2917
[GAI-A] Epoch 3000: Val Loss 0.18442 | Temp 0.2500
[GAI-A] Epoch 3500: Val Loss 0.18414 | Temp 0.2083
[GAI-A] Epoch 4000: Val Loss 0.18390 | Temp 0.1667
[GAI-A] Epoch 4500: Val Loss 0.18371 | Temp 0.1250
[GAI-A] Epoch 5000: Val Loss 0.18361 | Temp 0.0833
[GAI-A] Epoch 5500: Val Loss 0.18338 | Temp 0.0417
[GAI-A] Restoring Best Ever State (Score: -0.1831)
[GAI-A] Epoch 0: Val Loss 0.74096 | Temp 0.5000

[GAI-A] --- Stagnation at Score -0.0002 ---
  [GAI-A] [Evolution] Targeting Chain 1 Layer 0 (Imp: 1.235e-04)...
    [GAI-A] -> Mutating: SIN ===> TANH
  [GAI-A] [Result] 'TANH' REJECTED. Score: -0.1141 (Delta: -0.1138)
  [GAI-A] Instant Retry: Triggering evolution again...

[GAI-A] --- Stagnation at Score -0.0002 ---
  [GAI-A] [Evolution] Targeting Chain 1 Layer 0 (Imp: 1.235e-04)...
    [GAI-A] -> Mutating: SIN ===> RELU
[GAI-A] Epoch 500: Val Loss 0.24661 | Temp 0.4583
  [GAI-A] [Result] 'RELU' REJECTED. Score: -0.2466 (Delta: -0.1325)
  [GAI-A] Instant Retry: Triggering evolution again...

[GAI-A] --- Stagnation at Score -0.0002 ---
  [GAI-A] [Evolution] Targeting Chain 1 Layer 0 (Imp: 1.235e-04)...
    [GAI-A] -> Mutating: SIN ===> SQUARE
  [GAI-A] [Result] 'SQUARE' REJECTED. Score: -0.2471 (Delta: -0.0005)
  [GAI-A] Instant Retry: Triggering evolution again...

[GAI-A] --- Stagnation at Score -0.0002 ---
  [GAI-A] [Evolution] Targeting Chain 1 Layer 0 (Imp: 1.235e-04)...
    [GAI-A] -> Mutating: SIN ===> IDENTITY
  [GAI-A] [Result] 'IDENTITY' ACCEPTED. Score: -0.1112 (Delta: 0.1359)

[GAI-A] --- Stagnation at Score -0.0002 ---
  [GAI-A] [Evolution] Targeting Chain 1 Layer 0 (Imp: 3.274e-04)...
    [GAI-A] -> Mutating: IDENTITY ===> GAUSSIAN
  [GAI-A] [Result] 'GAUSSIAN' REJECTED. Score: -0.9578 (Delta: -0.8622)
  [GAI-A] Instant Retry: Triggering evolution again...

[GAI-A] --- Stagnation at Score -0.0002 ---
  [GAI-A] [Evolution] Targeting Chain 1 Layer 0 (Imp: 3.274e-04)...
    [GAI-A] -> Mutating: IDENTITY ===> SIN
  [GAI-A] [Result] 'SIN' ACCEPTED. Score: -0.0977 (Delta: 0.8601)

[GAI-A] --- Stagnation at Score -0.0002 ---
  [GAI-A] [Evolution] Targeting Chain 1 Layer 0 (Imp: 2.704e-04)...
    [GAI-A] -> Mutating: SIN ===> IDENTITY
  [GAI-A] [Result] 'IDENTITY' REJECTED. Score: -0.0980 (Delta: -0.0026)
  [GAI-A] Instant Retry: Triggering evolution again...

[GAI-A] --- Stagnation at Score -0.0002 ---
  [GAI-A] [Evolution] Targeting Chain 1 Layer 0 (Imp: 2.704e-04)...
  [GAI-A] [Evolution] Targeting Chain 0 Layer 0 (Imp: 7.423e-04)...
    [GAI-A] -> Mutating: SIN ===> GAUSSIAN
  [GAI-A] [Result] 'GAUSSIAN' REJECTED. Score: -0.4743 (Delta: -0.3763)
  [GAI-A] Instant Retry: Triggering evolution again...

[GAI-A] --- Stagnation at Score -0.0002 ---
  [GAI-A] [Evolution] Targeting Chain 1 Layer 0 (Imp: 2.704e-04)...
  [GAI-A] [Evolution] Targeting Chain 0 Layer 0 (Imp: 7.423e-04)...
    [GAI-A] -> Mutating: SIN ===> RELU
  [GAI-A] [Result] 'RELU' ACCEPTED. Score: -0.3487 (Delta: 0.1256)
[GAI-A] Epoch 1000: Val Loss 0.31373 | Temp 0.4167

[GAI-A] --- Stagnation at Score -0.0002 ---
  [GAI-A] [Evolution] Targeting Chain 0 Layer 0 (Imp: 1.515e-07)...
    [GAI-A] -> Mutating: RELU ===> IDENTITY
  [GAI-A] [Result] 'IDENTITY' ACCEPTED. Score: -0.1360 (Delta: 0.1296)

[GAI-A] --- Stagnation at Score -0.0002 ---
  [GAI-A] [Evolution] Targeting Chain 0 Layer 0 (Imp: 2.246e-04)...
    [GAI-A] -> Mutating: IDENTITY ===> SQUARE
  [GAI-A] [Result] 'SQUARE' ACCEPTED. Score: -0.0855 (Delta: 0.0104)
[GAI-A] Epoch 1500: Val Loss 0.00000 | Temp 0.3750

[GAI-A] --- Stagnation at Score -0.0000 ---
  [GAI-A] [Evolution] Targeting Chain 0 Layer 0 (Imp: 1.087e-05)...
    [GAI-A] -> Mutating: SQUARE ===> TANH
  [GAI-A] [Result] 'TANH' REJECTED. Score: -0.0989 (Delta: -0.0989)
  [GAI-A] Instant Retry: Triggering evolution again...

[GAI-A] --- Stagnation at Score -0.0000 ---
  [GAI-A] [Evolution] Targeting Chain 0 Layer 0 (Imp: 1.087e-05)...
    [GAI-A] -> Mutating: SQUARE ===> IDENTITY
  [GAI-A] [Result] 'IDENTITY' REJECTED. Score: -0.0990 (Delta: -0.0001)
  [GAI-A] Instant Retry: Triggering evolution again...

[GAI-A] --- Stagnation at Score -0.0000 ---
  [GAI-A] [Evolution] Targeting Chain 0 Layer 0 (Imp: 1.087e-05)...
    [GAI-A] -> Mutating: SQUARE ===> SIN
  [GAI-A] [Result] 'SIN' ACCEPTED. Score: -0.0967 (Delta: 0.0023)
[GAI-A] Epoch 2000: Val Loss 0.09520 | Temp 0.3333

[GAI-A] --- Stagnation at Score -0.0000 ---
  [GAI-A] [Evolution] Targeting Chain 0 Layer 0 (Imp: 2.672e-04)...
    [GAI-A] -> Mutating: SIN ===> RELU
  [GAI-A] [Result] 'RELU' REJECTED. Score: -0.1022 (Delta: -0.0070)
  [GAI-A] Instant Retry: Triggering evolution again...

[GAI-A] --- Stagnation at Score -0.0000 ---
  [GAI-A] [Evolution] Targeting Chain 0 Layer 0 (Imp: 2.672e-04)...
    [GAI-A] -> Mutating: SIN ===> SQUARE
  [GAI-A] [Result] 'SQUARE' ACCEPTED. Score: -0.0951 (Delta: 0.0072)

[GAI-A] --- Stagnation at Score -0.0000 ---
  [GAI-A] [Evolution] Targeting Chain 0 Layer 0 (Imp: 3.396e-05)...
    [GAI-A] -> Mutating: SQUARE ===> SIN
  [GAI-A] [Result] 'SIN' REJECTED. Score: -0.0973 (Delta: -0.0973)
  [GAI-A] Instant Retry: Triggering evolution again...

[GAI-A] --- Stagnation at Score -0.0000 ---
  [GAI-A] [Evolution] Targeting Chain 0 Layer 0 (Imp: 3.396e-05)...
  [GAI-A] [Evolution] Targeting Chain 1 Layer 0 (Imp: 2.376e-04)...
[GAI-A] No mutations possible or supported.
[GAI-A] Restoring Best Ever State (Score: -0.0000)
[GAI-A] Epoch 0: Val Loss 1.06195 | Temp 0.5000
[GAI-A] Epoch 500: Val Loss 0.12175 | Temp 0.4583
[GAI-A] Epoch 1000: Val Loss 0.10248 | Temp 0.4167
[GAI-A] Epoch 1500: Val Loss 0.09763 | Temp 0.3750
[GAI-A] Epoch 2000: Val Loss 0.09584 | Temp 0.3333
[GAI-A] Epoch 2500: Val Loss 0.09505 | Temp 0.2917
[GAI-A] Epoch 3000: Val Loss 0.09468 | Temp 0.2500
[GAI-A] Epoch 3500: Val Loss 0.09450 | Temp 0.2083
[GAI-A] Epoch 4000: Val Loss 0.09442 | Temp 0.1667
[GAI-A] Epoch 4500: Val Loss 0.09438 | Temp 0.1250
[GAI-A] Epoch 5000: Val Loss 0.09438 | Temp 0.0833
[GAI-A] Epoch 5500: Val Loss 0.09437 | Temp 0.0417

[GAI-A] --- Stagnation at Score -0.0944 ---
  [GAI-A] [Evolution] Targeting Chain 1 Layer 0 (Imp: 3.245e-04)...
    [GAI-A] -> Mutating: GAUSSIAN ===> TANH
  [GAI-A] [Result] 'TANH' REJECTED. Score: -0.1586 (Delta: -0.0642)
  [GAI-A] Instant Retry: Triggering evolution again...

[GAI-A] --- Stagnation at Score -0.0944 ---
  [GAI-A] [Evolution] Targeting Chain 1 Layer 0 (Imp: 3.245e-04)...
    [GAI-A] -> Mutating: GAUSSIAN ===> IDENTITY
  [GAI-A] [Result] 'IDENTITY' REJECTED. Score: -0.1599 (Delta: -0.0013)
  [GAI-A] Instant Retry: Triggering evolution again...

[GAI-A] --- Stagnation at Score -0.0944 ---
  [GAI-A] [Evolution] Targeting Chain 1 Layer 0 (Imp: 3.245e-04)...
    [GAI-A] -> Mutating: GAUSSIAN ===> SIN
  [GAI-A] [Result] 'SIN' ACCEPTED. Score: -0.1514 (Delta: 0.0084)
[GAI-A] Restoring Best Ever State (Score: -0.0944)
[GAI-A] Epoch 0: Val Loss 0.65122 | Temp 0.5000
[GAI-A] Epoch 500: Val Loss 0.05340 | Temp 0.4583
[GAI-A] Epoch 1000: Val Loss 0.05326 | Temp 0.4167

[GAI-A] --- Stagnation at Score -0.0533 ---
  [GAI-A] [Evolution] Targeting Chain 1 Layer 0 (Imp: 3.669e-05)...
    [GAI-A] -> Mutating: RELU ===> SIN
  [GAI-A] [Result] 'SIN' REJECTED. Score: -0.0949 (Delta: -0.0417)
  [GAI-A] Instant Retry: Triggering evolution again...

[GAI-A] --- Stagnation at Score -0.0533 ---
  [GAI-A] [Evolution] Targeting Chain 1 Layer 0 (Imp: 3.669e-05)...
    [GAI-A] -> Mutating: RELU ===> IDENTITY
  [GAI-A] [Result] 'IDENTITY' REJECTED. Score: -0.0953 (Delta: -0.0003)
  [GAI-A] Instant Retry: Triggering evolution again...

[GAI-A] --- Stagnation at Score -0.0533 ---
  [GAI-A] [Evolution] Targeting Chain 1 Layer 0 (Imp: 3.669e-05)...
    [GAI-A] -> Mutating: RELU ===> SQUARE
  [GAI-A] [Result] 'SQUARE' ACCEPTED. Score: -0.0776 (Delta: 0.0177)
[GAI-A] Epoch 1500: Val Loss 0.00000 | Temp 0.3750

[GAI-A] --- Stagnation at Score -0.0000 ---
  [GAI-A] [Evolution] Targeting Chain 1 Layer 0 (Imp: 1.046e-05)...
    [GAI-A] -> Mutating: SQUARE ===> TANH
  [GAI-A] [Result] 'TANH' REJECTED. Score: -0.0987 (Delta: -0.0987)
  [GAI-A] Instant Retry: Triggering evolution again...

[GAI-A] --- Stagnation at Score -0.0000 ---
  [GAI-A] [Evolution] Targeting Chain 1 Layer 0 (Imp: 1.046e-05)...
    [GAI-A] -> Mutating: SQUARE ===> GAUSSIAN
  [GAI-A] [Result] 'GAUSSIAN' REJECTED. Score: -0.1325 (Delta: -0.0338)
  [GAI-A] Instant Retry: Triggering evolution again...

[GAI-A] --- Stagnation at Score -0.0000 ---
  [GAI-A] [Evolution] Targeting Chain 1 Layer 0 (Imp: 1.046e-05)...
    [GAI-A] -> Mutating: SQUARE ===> RELU
  [GAI-A] [Result] 'RELU' ACCEPTED. Score: -0.0946 (Delta: 0.0379)

[GAI-A] --- Stagnation at Score -0.0000 ---
  [GAI-A] [Evolution] Targeting Chain 1 Layer 0 (Imp: 1.525e-04)...
    [GAI-A] -> Mutating: RELU ===> SQUARE
  [GAI-A] [Result] 'SQUARE' ACCEPTED. Score: -0.0823 (Delta: 0.0123)
[GAI-A] Epoch 2000: Val Loss 0.05896 | Temp 0.3333

[GAI-A] --- Stagnation at Score -0.0000 ---
  [GAI-A] [Evolution] Targeting Chain 1 Layer 0 (Imp: 2.726e-05)...
    [GAI-A] -> Mutating: SQUARE ===> RELU
  [GAI-A] [Result] 'RELU' REJECTED. Score: -0.0948 (Delta: -0.0948)
  [GAI-A] Instant Retry: Triggering evolution again...

[GAI-A] --- Stagnation at Score -0.0000 ---
  [GAI-A] [Evolution] Targeting Chain 1 Layer 0 (Imp: 2.726e-05)...
  [GAI-A] [Evolution] Targeting Chain 0 Layer 0 (Imp: 2.163e-04)...
    [GAI-A] -> Mutating: SIN ===> TANH
  [GAI-A] [Result] 'TANH' REJECTED. Score: -0.3278 (Delta: -0.2330)
  [GAI-A] Instant Retry: Triggering evolution again...

[GAI-A] --- Stagnation at Score -0.0000 ---
  [GAI-A] [Evolution] Targeting Chain 1 Layer 0 (Imp: 2.726e-05)...
  [GAI-A] [Evolution] Targeting Chain 0 Layer 0 (Imp: 2.163e-04)...
    [GAI-A] -> Mutating: SIN ===> GAUSSIAN
  [GAI-A] [Result] 'GAUSSIAN' REJECTED. Score: -0.5650 (Delta: -0.2372)
  [GAI-A] Instant Retry: Triggering evolution again...

[GAI-A] --- Stagnation at Score -0.0000 ---
  [GAI-A] [Evolution] Targeting Chain 1 Layer 0 (Imp: 2.726e-05)...
  [GAI-A] [Evolution] Targeting Chain 0 Layer 0 (Imp: 2.163e-04)...
    [GAI-A] -> Mutating: SIN ===> SQUARE
  [GAI-A] [Result] 'SQUARE' ACCEPTED. Score: -0.4100 (Delta: 0.1551)

[GAI-A] --- Stagnation at Score -0.0000 ---
  [GAI-A] [Evolution] Targeting Chain 1 Layer 0 (Imp: 7.401e-04)...
  [GAI-A] [Evolution] Targeting Chain 0 Layer 0 (Imp: 8.495e-04)...
    [GAI-A] -> Mutating: SQUARE ===> IDENTITY
  [GAI-A] [Result] 'IDENTITY' REJECTED. Score: -0.4437 (Delta: -0.2080)
  [GAI-A] Instant Retry: Triggering evolution again...

[GAI-A] --- Stagnation at Score -0.0000 ---
  [GAI-A] [Evolution] Targeting Chain 1 Layer 0 (Imp: 7.401e-04)...
  [GAI-A] [Evolution] Targeting Chain 0 Layer 0 (Imp: 8.495e-04)...
    [GAI-A] -> Mutating: SQUARE ===> RELU
  [GAI-A] [Result] 'RELU' REJECTED. Score: -0.5024 (Delta: -0.0588)
  [GAI-A] Instant Retry: Triggering evolution again...

[GAI-A] --- Stagnation at Score -0.0000 ---
  [GAI-A] [Evolution] Targeting Chain 1 Layer 0 (Imp: 7.401e-04)...
  [GAI-A] [Evolution] Targeting Chain 0 Layer 0 (Imp: 8.495e-04)...
    [GAI-A] -> Mutating: SQUARE ===> SIN
  [GAI-A] [Result] 'SIN' ACCEPTED. Score: -0.3465 (Delta: 0.1559)
[GAI-A] Epoch 2500: Val Loss 0.28238 | Temp 0.2917

[GAI-A] --- Stagnation at Score -0.0000 ---
  [GAI-A] [Evolution] Targeting Chain 1 Layer 0 (Imp: 7.499e-04)...
  [GAI-A] [Evolution] Targeting Chain 0 Layer 0 (Imp: 1.110e-03)...
    [GAI-A] -> Mutating: SIN ===> SQUARE
  [GAI-A] [Result] 'SQUARE' REJECTED. Score: -0.3980 (Delta: -0.1839)
  [GAI-A] Instant Retry: Triggering evolution again...

[GAI-A] --- Stagnation at Score -0.0000 ---
  [GAI-A] [Evolution] Targeting Chain 1 Layer 0 (Imp: 7.499e-04)...
  [GAI-A] [Evolution] Targeting Chain 0 Layer 0 (Imp: 1.110e-03)...
[GAI-A] No mutations possible or supported.
[GAI-A] Restoring Best Ever State (Score: -0.0000)
GAI-A      legacy     6000    3/8       8.867e-02    7.659e-16  gaussian,gaussian; sin,square; tanh,tanh
[GAI-A] Epoch 0: Val Loss 1.61939 | Temp 0.5000
[GAI-A] Epoch 500: Val Loss 0.14362 | Temp 0.3750

[GAI-A] --- Stagnation at Score -0.1425 ---
  [GAI-A] [Evolution] Targeting Chain 0 Layer 0 (Imp: 2.774e-04)...
    [GAI-A] -> Mutating: GAUSSIAN ===> SQUARE
  [GAI-A] [Result] 'SQUARE' REJECTED. Score: -0.1426 (Delta: 0.0000)
  [GAI-A] Instant Retry: Triggering evolution again...
[GAI-A] Epoch 1000: Val Loss 0.14622 | Temp 0.2500

[GAI-A] --- Stagnation at Score -0.1425 ---
  [GAI-A] [Evolution] Targeting Chain 0 Layer 0 (Imp: 2.906e-04)...
    [GAI-A] -> Mutating: GAUSSIAN ===> TANH
  [GAI-A] [Result] 'TANH' ACCEPTED. Score: -0.1442 (Delta: 0.0000)

[GAI-A] --- Stagnation at Score -0.1425 ---
  [GAI-A] [Evolution] Targeting Chain 1 Layer 0 (Imp: 3.066e-04)...
    [GAI-A] -> Mutating: GAUSSIAN ===> IDENTITY
  [GAI-A] [Result] 'IDENTITY' ACCEPTED. Score: -0.1691 (Delta: 0.0000)

[GAI-A] --- Stagnation at Score -0.1425 ---
  [GAI-A] [Evolution] Targeting Chain 1 Layer 0 (Imp: 3.360e-04)...
    [GAI-A] -> Mutating: IDENTITY ===> SIN
[GAI-A] Epoch 1500: Val Loss 0.09661 | Temp 0.1250
  [GAI-A] [Result] 'SIN' ACCEPTED. Score: -0.0963 (Delta: 0.1767)

[GAI-A] --- Stagnation at Score -0.0963 ---
  [GAI-A] [Evolution] Targeting Chain 1 Layer 0 (Imp: 3.357e-04)...
    [GAI-A] -> Mutating: SIN ===> TANH
  [GAI-A] [Result] 'TANH' ACCEPTED. Score: -0.0974 (Delta: 0.0000)

[GAI-A] --- Stagnation at Score -0.0963 ---
  [GAI-A] [Evolution] Targeting Chain 1 Layer 0 (Imp: 3.411e-04)...
    [GAI-A] -> Mutating: TANH ===> SIN
  [GAI-A] [Result] 'SIN' ACCEPTED. Score: -0.2091 (Delta: 0.0001)
[GAI-A] Restoring Best Ever State (Score: -0.0963)
[GAI-A] Epoch 0: Val Loss 0.60286 | Temp 0.5000
[GAI-A] Epoch 500: Val Loss 0.17144 | Temp 0.3750
[GAI-A] Epoch 1000: Val Loss 0.14859 | Temp 0.2500
[GAI-A] Epoch 1500: Val Loss 0.14579 | Temp 0.1250
[GAI-A] Restoring Best Ever State (Score: -0.1451)
[GAI-A] Epoch 0: Val Loss 0.70634 | Temp 0.5000
[GAI-A] Epoch 500: Val Loss 0.12463 | Temp 0.3750
[GAI-A] Epoch 1000: Val Loss 0.11582 | Temp 0.2500
[GAI-A] Epoch 1500: Val Loss 0.11378 | Temp 0.1250
[GAI-A] Restoring Best Ever State (Score: -0.1126)
[GAI-A] Epoch 0: Val Loss 0.65159 | Temp 0.5000

[GAI-A] --- Stagnation at Score -0.2779 ---
  [GAI-A] [Evolution] Targeting Chain 1 Layer 0 (Imp: 1.692e-05)...
    [GAI-A] -> Mutating: RELU ===> IDENTITY
  [GAI-A] [Result] 'IDENTITY' REJECTED. Score: -0.2780 (Delta: 0.0000)
  [GAI-A] Instant Retry: Triggering evolution again...

[GAI-A] --- Stagnation at Score -0.2778 ---
  [GAI-A] [Evolution] Targeting Chain 1 Layer 0 (Imp: 1.088e-05)...
    [GAI-A] -> Mutating: RELU ===> SIN
  [GAI-A] [Result] 'SIN' ACCEPTED. Score: -0.2780 (Delta: 0.0000)
[GAI-A] Epoch 500: Val Loss 0.27861 | Temp 0.3750
[GAI-A] Epoch 1000: Val Loss 0.27158 | Temp 0.2500
[GAI-A] Epoch 1500: Val Loss 0.18263 | Temp 0.1250

[GAI-A] --- Stagnation at Score -0.1824 ---
  [GAI-A] [Evolution] Targeting Chain 1 Layer 0 (Imp: 4.470e-04)...
    [GAI-A] -> Mutating: SIN ===> SQUARE
  [GAI-A] [Result] 'SQUARE' ACCEPTED. Score: -0.1831 (Delta: 0.0002)

[GAI-A] --- Stagnation at Score -0.1824 ---
  [GAI-A] [Evolution] Targeting Chain 1 Layer 0 (Imp: 6.111e-04)...
    [GAI-A] -> Mutating: SQUARE ===> TANH
  [GAI-A] [Result] 'TANH' ACCEPTED. Score: -0.2708 (Delta: 0.0001)
[GAI-A] Restoring Best Ever State (Score: -0.1824)
[GAI-A] Epoch 0: Val Loss 1.65944 | Temp 0.5000
[GAI-A] Epoch 500: Val Loss 0.19011 | Temp 0.3750
[GAI-A] Epoch 1000: Val Loss 0.18731 | Temp 0.2500
[GAI-A] Epoch 1500: Val Loss 0.18602 | Temp 0.1250
[GAI-A] Restoring Best Ever State (Score: -0.1853)
[GAI-A] Epoch 0: Val Loss 0.74096 | Temp 0.5000

[GAI-A] --- Stagnation at Score -0.0002 ---
  [GAI-A] [Evolution] Targeting Chain 1 Layer 0 (Imp: 1.237e-04)...
    [GAI-A] -> Mutating: SIN ===> TANH
  [GAI-A] [Result] 'TANH' REJECTED. Score: -0.0002 (Delta: 0.0000)
  [GAI-A] Instant Retry: Triggering evolution again...
[GAI-A] Epoch 500: Val Loss 0.00054 | Temp 0.3750

[GAI-A] --- Stagnation at Score -0.0002 ---
  [GAI-A] [Evolution] Targeting Chain 1 Layer 0 (Imp: 9.689e-05)...
    [GAI-A] -> Mutating: SIN ===> RELU
  [GAI-A] [Result] 'RELU' REJECTED. Score: -0.0002 (Delta: 0.0000)
  [GAI-A] Instant Retry: Triggering evolution again...

[GAI-A] --- Stagnation at Score -0.0002 ---
  [GAI-A] [Evolution] Targeting Chain 1 Layer 0 (Imp: 8.920e-05)...
    [GAI-A] -> Mutating: SIN ===> SQUARE
  [GAI-A] [Result] 'SQUARE' REJECTED. Score: -0.0002 (Delta: 0.0000)
  [GAI-A] Instant Retry: Triggering evolution again...
[GAI-A] Epoch 1000: Val Loss 0.00024 | Temp 0.2500

[GAI-A] --- Stagnation at Score -0.0002 ---
  [GAI-A] [Evolution] Targeting Chain 1 Layer 0 (Imp: 8.523e-05)...
    [GAI-A] -> Mutating: SIN ===> IDENTITY
  [GAI-A] [Result] 'IDENTITY' REJECTED. Score: -0.0002 (Delta: 0.0000)
  [GAI-A] Instant Retry: Triggering evolution again...

[GAI-A] --- Stagnation at Score -0.0002 ---
  [GAI-A] [Evolution] Targeting Chain 1 Layer 0 (Imp: 8.152e-05)...
    [GAI-A] -> Mutating: SIN ===> GAUSSIAN
  [GAI-A] [Result] 'GAUSSIAN' REJECTED. Score: -0.0002 (Delta: 0.0000)
  [GAI-A] Instant Retry: Triggering evolution again...

[GAI-A] --- Stagnation at Score -0.0002 ---
  [GAI-A] [Evolution] Targeting Chain 1 Layer 0 (Imp: 8.554e-05)...
  [GAI-A] [Evolution] Targeting Chain 0 Layer 0 (Imp: 9.425e-05)...
    [GAI-A] -> Mutating: SIN ===> SQUARE
  [GAI-A] [Result] 'SQUARE' ACCEPTED. Score: -0.0003 (Delta: 0.0000)
[GAI-A] Epoch 1500: Val Loss 0.23546 | Temp 0.1250

[GAI-A] --- Stagnation at Score -0.0002 ---
  [GAI-A] [Evolution] Targeting Chain 0 Layer 0 (Imp: 2.565e-04)...
    [GAI-A] -> Mutating: SQUARE ===> IDENTITY
  [GAI-A] [Result] 'IDENTITY' ACCEPTED. Score: -0.2277 (Delta: 0.0068)

[GAI-A] --- Stagnation at Score -0.0002 ---
  [GAI-A] [Evolution] Targeting Chain 0 Layer 0 (Imp: 4.293e-04)...
    [GAI-A] -> Mutating: IDENTITY ===> GAUSSIAN
  [GAI-A] [Result] 'GAUSSIAN' ACCEPTED. Score: -0.2263 (Delta: 0.0019)

[GAI-A] --- Stagnation at Score -0.0002 ---
  [GAI-A] [Evolution] Targeting Chain 0 Layer 0 (Imp: 5.089e-04)...
    [GAI-A] -> Mutating: GAUSSIAN ===> RELU
  [GAI-A] [Result] 'RELU' ACCEPTED. Score: -0.1087 (Delta: 0.0001)
[GAI-A] Restoring Best Ever State (Score: -0.0002)
[GAI-A] Epoch 0: Val Loss 1.06195 | Temp 0.5000
[GAI-A] Epoch 500: Val Loss 0.12175 | Temp 0.3750
[GAI-A] Epoch 1000: Val Loss 0.10248 | Temp 0.2500
[GAI-A] Epoch 1500: Val Loss 0.09763 | Temp 0.1250
[GAI-A] Restoring Best Ever State (Score: -0.0958)
[GAI-A] Epoch 0: Val Loss 0.65122 | Temp 0.5000
[GAI-A] Epoch 500: Val Loss 0.05340 | Temp 0.3750
[GAI-A] Epoch 1000: Val Loss 0.05326 | Temp 0.2500

[GAI-A] --- Stagnation at Score -0.0533 ---
  [GAI-A] [Evolution] Targeting Chain 1 Layer 0 (Imp: 3.672e-05)...
    [GAI-A] -> Mutating: RELU ===> SIN
  [GAI-A] [Result] 'SIN' ACCEPTED. Score: -0.0002 (Delta: 0.0530)

[GAI-A] --- Stagnation at Score -0.0002 ---
  [GAI-A] [Evolution] Targeting Chain 1 Layer 0 (Imp: 3.942e-05)...
    [GAI-A] -> Mutating: SIN ===> IDENTITY
  [GAI-A] [Result] 'IDENTITY' REJECTED. Score: -0.0002 (Delta: 0.0000)
  [GAI-A] Instant Retry: Triggering evolution again...
[GAI-A] Epoch 1500: Val Loss 0.00113 | Temp 0.1250

[GAI-A] --- Stagnation at Score -0.0002 ---
  [GAI-A] [Evolution] Targeting Chain 1 Layer 0 (Imp: 3.983e-05)...
    [GAI-A] -> Mutating: SIN ===> TANH
  [GAI-A] [Result] 'TANH' REJECTED. Score: -0.0002 (Delta: 0.0000)
  [GAI-A] Instant Retry: Triggering evolution again...

[GAI-A] --- Stagnation at Score -0.0002 ---
  [GAI-A] [Evolution] Targeting Chain 1 Layer 0 (Imp: 3.957e-05)...
    [GAI-A] -> Mutating: SIN ===> SQUARE
  [GAI-A] [Result] 'SQUARE' REJECTED. Score: -0.0002 (Delta: 0.0000)
  [GAI-A] Instant Retry: Triggering evolution again...
[GAI-A] Restoring Best Ever State (Score: -0.0002)
GAI-A      fixed      2000    0/8       9.472e-02    2.705e-04  tanh,sin; relu,tanh; tanh,tanh
[GAI-A] Epoch 0: Val Loss 1.61939 | Temp 0.5000
[GAI-A] Epoch 500: Val Loss 0.14362 | Temp 0.4583

[GAI-A] --- Stagnation at Score -0.1425 ---
  [GAI-A] [Evolution] Targeting Chain 0 Layer 0 (Imp: 2.774e-04)...
    [GAI-A] -> Mutating: GAUSSIAN ===> SQUARE
  [GAI-A] [Result] 'SQUARE' REJECTED. Score: -0.1426 (Delta: 0.0000)
  [GAI-A] Instant Retry: Triggering evolution again...
[GAI-A] Epoch 1000: Val Loss 0.14622 | Temp 0.4167

[GAI-A] --- Stagnation at Score -0.1425 ---
  [GAI-A] [Evolution] Targeting Chain 0 Layer 0 (Imp: 2.906e-04)...
    [GAI-A] -> Mutating: GAUSSIAN ===> TANH
  [GAI-A] [Result] 'TANH' ACCEPTED. Score: -0.1442 (Delta: 0.0000)

[GAI-A] --- Stagnation at Score -0.1425 ---
  [GAI-A] [Evolution] Targeting Chain 1 Layer 0 (Imp: 3.066e-04)...
    [GAI-A] -> Mutating: GAUSSIAN ===> IDENTITY
  [GAI-A] [Result] 'IDENTITY' ACCEPTED. Score: -0.1691 (Delta: 0.0000)

[GAI-A] --- Stagnation at Score -0.1425 ---
  [GAI-A] [Evolution] Targeting Chain 1 Layer 0 (Imp: 3.360e-04)...
    [GAI-A] -> Mutating: IDENTITY ===> SIN
[GAI-A] Epoch 1500: Val Loss 0.09661 | Temp 0.3750
  [GAI-A] [Result] 'SIN' ACCEPTED. Score: -0.0963 (Delta: 0.1767)

[GAI-A] --- Stagnation at Score -0.0963 ---
  [GAI-A] [Evolution] Targeting Chain 1 Layer 0 (Imp: 3.357e-04)...
    [GAI-A] -> Mutating: SIN ===> TANH
  [GAI-A] [Result] 'TANH' ACCEPTED. Score: -0.0974 (Delta: 0.0000)

[GAI-A] --- Stagnation at Score -0.0963 ---
  [GAI-A] [Evolution] Targeting Chain 1 Layer 0 (Imp: 3.411e-04)...
    [GAI-A] -> Mutating: TANH ===> SIN
  [GAI-A] [Result] 'SIN' ACCEPTED. Score: -0.2091 (Delta: 0.0001)
[GAI-A] Epoch 2000: Val Loss 0.09801 | Temp 0.3333

[GAI-A] --- Stagnation at Score -0.0963 ---
  [GAI-A] [Evolution] Targeting Chain 1 Layer 0 (Imp: 3.412e-04)...
    [GAI-A] -> Mutating: SIN ===> SQUARE
  [GAI-A] [Result] 'SQUARE' REJECTED. Score: -0.0980 (Delta: 0.0000)
  [GAI-A] Instant Retry: Triggering evolution again...

[GAI-A] --- Stagnation at Score -0.0963 ---
  [GAI-A] [Evolution] Targeting Chain 1 Layer 0 (Imp: 3.399e-04)...
    [GAI-A] -> Mutating: SIN ===> RELU
  [GAI-A] [Result] 'RELU' ACCEPTED. Score: -0.0979 (Delta: 0.0000)

[GAI-A] --- Stagnation at Score -0.0963 ---
  [GAI-A] [Evolution] Targeting Chain 1 Layer 0 (Imp: 3.391e-04)...
    [GAI-A] -> Mutating: RELU ===> TANH
  [GAI-A] [Result] 'TANH' ACCEPTED. Score: -0.2146 (Delta: 0.0001)
[GAI-A] Epoch 2500: Val Loss 0.20549 | Temp 0.2917

[GAI-A] --- Stagnation at Score -0.0963 ---
  [GAI-A] [Evolution] Targeting Chain 1 Layer 0 (Imp: 3.336e-04)...
    [GAI-A] -> Mutating: TANH ===> RELU
  [GAI-A] [Result] 'RELU' ACCEPTED. Score: -0.1623 (Delta: 0.0120)

[GAI-A] --- Stagnation at Score -0.0963 ---
  [GAI-A] [Evolution] Targeting Chain 1 Layer 0 (Imp: 3.429e-04)...
    [GAI-A] -> Mutating: RELU ===> IDENTITY
  [GAI-A] [Result] 'IDENTITY' ACCEPTED. Score: -0.1279 (Delta: 0.0043)

[GAI-A] --- Stagnation at Score -0.0963 ---
  [GAI-A] [Evolution] Targeting Chain 1 Layer 0 (Imp: 3.702e-04)...
    [GAI-A] -> Mutating: IDENTITY ===> RELU
  [GAI-A] [Result] 'RELU' ACCEPTED. Score: -0.1157 (Delta: 0.0000)
[GAI-A] Epoch 3000: Val Loss 0.11919 | Temp 0.2500

[GAI-A] --- Stagnation at Score -0.0963 ---
  [GAI-A] [Evolution] Targeting Chain 1 Layer 0 (Imp: 4.069e-04)...
    [GAI-A] -> Mutating: RELU ===> SIN
  [GAI-A] [Result] 'SIN' ACCEPTED. Score: -0.1163 (Delta: 0.0001)

[GAI-A] --- Stagnation at Score -0.0963 ---
  [GAI-A] [Evolution] Targeting Chain 1 Layer 0 (Imp: 4.136e-04)...
    [GAI-A] -> Mutating: SIN ===> IDENTITY
  [GAI-A] [Result] 'IDENTITY' ACCEPTED. Score: -0.0965 (Delta: 0.0000)

[GAI-A] --- Stagnation at Score -0.0963 ---
  [GAI-A] [Evolution] Targeting Chain 1 Layer 0 (Imp: 4.378e-04)...
    [GAI-A] -> Mutating: IDENTITY ===> GAUSSIAN
  [GAI-A] [Result] 'GAUSSIAN' ACCEPTED. Score: -0.1226 (Delta: 0.0001)
[GAI-A] Epoch 3500: Val Loss 0.18865 | Temp 0.2083

[GAI-A] --- Stagnation at Score -0.0963 ---
  [GAI-A] [Evolution] Targeting Chain 1 Layer 0 (Imp: 4.381e-04)...
    [GAI-A] -> Mutating: GAUSSIAN ===> SIN
  [GAI-A] [Result] 'SIN' ACCEPTED. Score: -0.1072 (Delta: 0.0002)
[GAI-A] Epoch 4000: Val Loss 0.08493 | Temp 0.1667
[GAI-A] Epoch 4500: Val Loss 0.08328 | Temp 0.1250
[GAI-A] Epoch 5000: Val Loss 0.08259 | Temp 0.0833
[GAI-A] Epoch 5500: Val Loss 0.08227 | Temp 0.0417
[GAI-A] Restoring Best Ever State (Score: -0.0821)
[GAI-A] Epoch 0: Val Loss 0.60286 | Temp 0.5000
[GAI-A] Epoch 500: Val Loss 0.17144 | Temp 0.4583
[GAI-A] Epoch 1000: Val Loss 0.14859 | Temp 0.4167
[GAI-A] Epoch 1500: Val Loss 0.14579 | Temp 0.3750
[GAI-A] Epoch 2000: Val Loss 0.14515 | Temp 0.3333

[GAI-A] --- Stagnation at Score -0.1451 ---
  [GAI-A] [Evolution] Targeting Chain 0 Layer 0 (Imp: 1.307e-04)...
    [GAI-A] -> Mutating: RELU ===> IDENTITY
  [GAI-A] [Result] 'IDENTITY' ACCEPTED. Score: -0.1453 (Delta: 0.0000)
[GAI-A] Epoch 2500: Val Loss 0.12572 | Temp 0.2917
[GAI-A] Epoch 3000: Val Loss 0.09996 | Temp 0.2500
[GAI-A] Epoch 3500: Val Loss 0.09657 | Temp 0.2083
[GAI-A] Epoch 4000: Val Loss 0.09585 | Temp 0.1667

[GAI-A] --- Stagnation at Score -0.0956 ---
  [GAI-A] [Evolution] Targeting Chain 0 Layer 0 (Imp: 8.423e-04)...
    [GAI-A] -> Mutating: IDENTITY ===> TANH
  [GAI-A] [Result] 'TANH' ACCEPTED. Score: -0.0956 (Delta: 0.0000)
[GAI-A] Epoch 4500: Val Loss 0.14132 | Temp 0.1250

[GAI-A] --- Stagnation at Score -0.0956 ---
  [GAI-A] [Evolution] Targeting Chain 0 Layer 0 (Imp: 9.127e-04)...
    [GAI-A] -> Mutating: TANH ===> GAUSSIAN
  [GAI-A] [Result] 'GAUSSIAN' ACCEPTED. Score: -0.1107 (Delta: 0.0000)

[GAI-A] --- Stagnation at Score -0.0956 ---
  [GAI-A] [Evolution] Targeting Chain 0 Layer 0 (Imp: 9.469e-04)...
    [GAI-A] -> Mutating: GAUSSIAN ===> SIN
  [GAI-A] [Result] 'SIN' ACCEPTED. Score: -0.1168 (Delta: 0.0587)
[GAI-A] Epoch 5000: Val Loss 0.09728 | Temp 0.0833

[GAI-A] --- Stagnation at Score -0.0956 ---
  [GAI-A] [Evolution] Targeting Chain 0 Layer 0 (Imp: 9.274e-04)...
    [GAI-A] -> Mutating: SIN ===> GAUSSIAN
  [GAI-A] [Result] 'GAUSSIAN' REJECTED. Score: -0.0973 (Delta: 0.0000)
  [GAI-A] Instant Retry: Triggering evolution again...

[GAI-A] --- Stagnation at Score -0.0956 ---
  [GAI-A] [Evolution] Targeting Chain 0 Layer 0 (Imp: 9.105e-04)...
    [GAI-A] -> Mutating: SIN ===> TANH
  [GAI-A] [Result] 'TANH' ACCEPTED. Score: -0.0973 (Delta: 0.0000)

[GAI-A] --- Stagnation at Score -0.0956 ---
  [GAI-A] [Evolution] Targeting Chain 0 Layer 0 (Imp: 9.111e-04)...
    [GAI-A] -> Mutating: TANH ===> SQUARE
  [GAI-A] [Result] 'SQUARE' ACCEPTED. Score: -0.1364 (Delta: 0.0001)
[GAI-A] Epoch 5500: Val Loss 0.09229 | Temp 0.0417
[GAI-A] Restoring Best Ever State (Score: -0.0835)
[GAI-A] Epoch 0: Val Loss 0.70634 | Temp 0.5000
[GAI-A] Epoch 500: Val Loss 0.12463 | Temp 0.4583
[GAI-A] Epoch 1000: Val Loss 0.11582 | Temp 0.4167
[GAI-A] Epoch 1500: Val Loss 0.11378 | Temp 0.3750
[GAI-A] Epoch 2000: Val Loss 0.11260 | Temp 0.3333
[GAI-A] Epoch 2500: Val Loss 0.11187 | Temp 0.2917
[GAI-A] Epoch 3000: Val Loss 0.11136 | Temp 0.2500
[GAI-A] Epoch 3500: Val Loss 0.11099 | Temp 0.2083
[GAI-A] Epoch 4000: Val Loss 0.11070 | Temp 0.1667
[GAI-A] Epoch 4500: Val Loss 0.11047 | Temp 0.1250

[GAI-A] --- Stagnation at Score -0.1104 ---
  [GAI-A] [Evolution] Targeting Chain 0 Layer 0 (Imp: 1.777e-03)...
    [GAI-A] -> Mutating: TANH ===> GAUSSIAN
  [GAI-A] [Result] 'GAUSSIAN' ACCEPTED. Score: -0.1104 (Delta: 0.0000)

[GAI-A] --- Stagnation at Score -0.1104 ---
  [GAI-A] [Evolution] Targeting Chain 0 Layer 0 (Imp: 1.802e-03)...
    [GAI-A] -> Mutating: GAUSSIAN ===> IDENTITY
  [GAI-A] [Result] 'IDENTITY' ACCEPTED. Score: -0.1704 (Delta: 0.0410)
[GAI-A] Epoch 5000: Val Loss 0.12733 | Temp 0.0833
[GAI-A] Epoch 5500: Val Loss 0.09866 | Temp 0.0417
[GAI-A] Restoring Best Ever State (Score: -0.0972)
[GAI-A] Epoch 0: Val Loss 0.65159 | Temp 0.5000

[GAI-A] --- Stagnation at Score -0.2779 ---
  [GAI-A] [Evolution] Targeting Chain 1 Layer 0 (Imp: 1.692e-05)...
    [GAI-A] -> Mutating: RELU ===> IDENTITY
  [GAI-A] [Result] 'IDENTITY' REJECTED. Score: -0.2780 (Delta: 0.0000)
  [GAI-A] Instant Retry: Triggering evolution again...

[GAI-A] --- Stagnation at Score -0.2778 ---
  [GAI-A] [Evolution] Targeting Chain 1 Layer 0 (Imp: 1.088e-05)...
    [GAI-A] -> Mutating: RELU ===> SIN
  [GAI-A] [Result] 'SIN' ACCEPTED. Score: -0.2780 (Delta: 0.0000)
[GAI-A] Epoch 500: Val Loss 0.27861 | Temp 0.4583
[GAI-A] Epoch 1000: Val Loss 0.27158 | Temp 0.4167
[GAI-A] Epoch 1500: Val Loss 0.18263 | Temp 0.3750

[GAI-A] --- Stagnation at Score -0.1824 ---
  [GAI-A] [Evolution] Targeting Chain 1 Layer 0 (Imp: 4.470e-04)...
    [GAI-A] -> Mutating: SIN ===> SQUARE
  [GAI-A] [Result] 'SQUARE' ACCEPTED. Score: -0.1831 (Delta: 0.0002)

[GAI-A] --- Stagnation at Score -0.1824 ---
  [GAI-A] [Evolution] Targeting Chain 1 Layer 0 (Imp: 6.111e-04)...
    [GAI-A] -> Mutating: SQUARE ===> TANH
  [GAI-A] [Result] 'TANH' ACCEPTED. Score: -0.2708 (Delta: 0.0001)
[GAI-A] Epoch 2000: Val Loss 0.32899 | Temp 0.3333

[GAI-A] --- Stagnation at Score -0.1824 ---
  [GAI-A] [Evolution] Targeting Chain 1 Layer 0 (Imp: 6.651e-04)...
    [GAI-A] -> Mutating: TANH ===> GAUSSIAN
  [GAI-A] [Result] 'GAUSSIAN' ACCEPTED. Score: -0.3285 (Delta: 0.0005)

[GAI-A] --- Stagnation at Score -0.1824 ---
  [GAI-A] [Evolution] Targeting Chain 1 Layer 0 (Imp: 6.173e-04)...
    [GAI-A] -> Mutating: GAUSSIAN ===> RELU
  [GAI-A] [Result] 'RELU' ACCEPTED. Score: -0.3279 (Delta: 0.0005)

[GAI-A] --- Stagnation at Score -0.1824 ---
  [GAI-A] [Evolution] Targeting Chain 1 Layer 0 (Imp: 5.705e-04)...
    [GAI-A] -> Mutating: RELU ===> TANH
  [GAI-A] [Result] 'TANH' REJECTED. Score: -0.3279 (Delta: 0.0000)
  [GAI-A] Instant Retry: Triggering evolution again...
[GAI-A] Epoch 2500: Val Loss 0.32793 | Temp 0.2917

[GAI-A] --- Stagnation at Score -0.1824 ---
  [GAI-A] [Evolution] Targeting Chain 1 Layer 0 (Imp: 5.359e-04)...
    [GAI-A] -> Mutating: RELU ===> SIN
  [GAI-A] [Result] 'SIN' ACCEPTED. Score: -0.3279 (Delta: 0.0000)

[GAI-A] --- Stagnation at Score -0.1824 ---
  [GAI-A] [Evolution] Targeting Chain 1 Layer 0 (Imp: 5.442e-04)...
    [GAI-A] -> Mutating: SIN ===> SQUARE
  [GAI-A] [Result] 'SQUARE' REJECTED. Score: -0.3280 (Delta: 0.0000)
  [GAI-A] Instant Retry: Triggering evolution again...

[GAI-A] --- Stagnation at Score -0.1824 ---
  [GAI-A] [Evolution] Targeting Chain 1 Layer 0 (Imp: 5.531e-04)...
    [GAI-A] -> Mutating: SIN ===> GAUSSIAN
  [GAI-A] [Result] 'GAUSSIAN' ACCEPTED. Score: -0.3266 (Delta: 0.0014)
[GAI-A] Epoch 3000: Val Loss 0.32794 | Temp 0.2500

[GAI-A] --- Stagnation at Score -0.1824 ---
  [GAI-A] [Evolution] Targeting Chain 1 Layer 0 (Imp: 5.238e-04)...
    [GAI-A] -> Mutating: GAUSSIAN ===> RELU
  [GAI-A] [Result] 'RELU' REJECTED. Score: -0.3279 (Delta: 0.0000)
  [GAI-A] Instant Retry: Triggering evolution again...

[GAI-A] --- Stagnation at Score -0.1824 ---
  [GAI-A] [Evolution] Targeting Chain 1 Layer 0 (Imp: 4.987e-04)...
    [GAI-A] -> Mutating: GAUSSIAN ===> SIN
  [GAI-A] [Result] 'SIN' ACCEPTED. Score: -0.3277 (Delta: 0.0003)

[GAI-A] --- Stagnation at Score -0.1824 ---
  [GAI-A] [Evolution] Targeting Chain 1 Layer 0 (Imp: 5.198e-04)...
    [GAI-A] -> Mutating: SIN ===> GAUSSIAN
  [GAI-A] [Result] 'GAUSSIAN' ACCEPTED. Score: -0.3265 (Delta: 0.0014)
[GAI-A] Epoch 3500: Val Loss 0.32801 | Temp 0.2083

[GAI-A] --- Stagnation at Score -0.1824 ---
  [GAI-A] [Evolution] Targeting Chain 1 Layer 0 (Imp: 4.973e-04)...
    [GAI-A] -> Mutating: GAUSSIAN ===> SIN
  [GAI-A] [Result] 'SIN' REJECTED. Score: -0.3279 (Delta: 0.0000)
  [GAI-A] Instant Retry: Triggering evolution again...

[GAI-A] --- Stagnation at Score -0.1824 ---
  [GAI-A] [Evolution] Targeting Chain 1 Layer 0 (Imp: 4.767e-04)...
  [GAI-A] [Evolution] Targeting Chain 0 Layer 0 (Imp: 1.741e-03)...
    [GAI-A] -> Mutating: RELU ===> IDENTITY
  [GAI-A] [Result] 'IDENTITY' REJECTED. Score: -0.3279 (Delta: 0.0000)
  [GAI-A] Instant Retry: Triggering evolution again...

[GAI-A] --- Stagnation at Score -0.1824 ---
  [GAI-A] [Evolution] Targeting Chain 1 Layer 0 (Imp: 4.578e-04)...
  [GAI-A] [Evolution] Targeting Chain 0 Layer 0 (Imp: 1.749e-03)...
    [GAI-A] -> Mutating: RELU ===> SIN
  [GAI-A] [Result] 'SIN' ACCEPTED. Score: -0.2118 (Delta: 0.1162)
[GAI-A] Epoch 4000: Val Loss 0.12542 | Temp 0.1667

[GAI-A] --- Stagnation at Score -0.0953 ---
  [GAI-A] [Evolution] Targeting Chain 1 Layer 0 (Imp: 4.338e-04)...
  [GAI-A] [Evolution] Targeting Chain 0 Layer 0 (Imp: 1.697e-03)...
    [GAI-A] -> Mutating: SIN ===> RELU
  [GAI-A] [Result] 'RELU' REJECTED. Score: -0.0957 (Delta: 0.0000)
  [GAI-A] Instant Retry: Triggering evolution again...

[GAI-A] --- Stagnation at Score -0.0953 ---
  [GAI-A] [Evolution] Targeting Chain 1 Layer 0 (Imp: 4.182e-04)...
  [GAI-A] [Evolution] Targeting Chain 0 Layer 0 (Imp: 1.658e-03)...
    [GAI-A] -> Mutating: SIN ===> TANH
  [GAI-A] [Result] 'TANH' ACCEPTED. Score: -0.0957 (Delta: 0.0000)
[GAI-A] Epoch 4500: Val Loss 0.31264 | Temp 0.1250

[GAI-A] --- Stagnation at Score -0.0953 ---
  [GAI-A] [Evolution] Targeting Chain 1 Layer 0 (Imp: 4.012e-04)...
  [GAI-A] [Evolution] Targeting Chain 0 Layer 0 (Imp: 1.643e-03)...
    [GAI-A] -> Mutating: TANH ===> SIN
  [GAI-A] [Result] 'SIN' ACCEPTED. Score: -0.1026 (Delta: 0.1895)

[GAI-A] --- Stagnation at Score -0.0953 ---
  [GAI-A] [Evolution] Targeting Chain 1 Layer 0 (Imp: 3.856e-04)...
  [GAI-A] [Evolution] Targeting Chain 0 Layer 0 (Imp: 1.605e-03)...
    [GAI-A] -> Mutating: SIN ===> TANH
  [GAI-A] [Result] 'TANH' REJECTED. Score: -0.0957 (Delta: 0.0000)
  [GAI-A] Instant Retry: Triggering evolution again...

[GAI-A] --- Stagnation at Score -0.0953 ---
  [GAI-A] [Evolution] Targeting Chain 1 Layer 0 (Imp: 3.720e-04)...
  [GAI-A] [Evolution] Targeting Chain 0 Layer 0 (Imp: 1.571e-03)...
    [GAI-A] -> Mutating: SIN ===> GAUSSIAN
  [GAI-A] [Result] 'GAUSSIAN' REJECTED. Score: -0.0957 (Delta: 0.0000)
  [GAI-A] Instant Retry: Triggering evolution again...
[GAI-A] Epoch 5000: Val Loss 0.09580 | Temp 0.0833

[GAI-A] --- Stagnation at Score -0.0953 ---
  [GAI-A] [Evolution] Targeting Chain 1 Layer 0 (Imp: 3.605e-04)...
  [GAI-A] [Evolution] Targeting Chain 0 Layer 0 (Imp: 1.542e-03)...
    [GAI-A] -> Mutating: SIN ===> SQUARE
  [GAI-A] [Result] 'SQUARE' ACCEPTED. Score: -0.0957 (Delta: 0.0000)

[GAI-A] --- Stagnation at Score -0.0953 ---
  [GAI-A] [Evolution] Targeting Chain 1 Layer 0 (Imp: 3.480e-04)...
  [GAI-A] [Evolution] Targeting Chain 0 Layer 0 (Imp: 1.528e-03)...
    [GAI-A] -> Mutating: SQUARE ===> SIN
  [GAI-A] [Result] 'SIN' ACCEPTED. Score: -0.3287 (Delta: 0.0000)

[GAI-A] --- Stagnation at Score -0.0953 ---
  [GAI-A] [Evolution] Targeting Chain 1 Layer 0 (Imp: 3.365e-04)...
  [GAI-A] [Evolution] Targeting Chain 0 Layer 0 (Imp: 1.506e-03)...
    [GAI-A] -> Mutating: SIN ===> SQUARE
  [GAI-A] [Result] 'SQUARE' ACCEPTED. Score: -0.0958 (Delta: 0.0000)
[GAI-A] Epoch 5500: Val Loss 0.33362 | Temp 0.0417

[GAI-A] --- Stagnation at Score -0.0953 ---
  [GAI-A] [Evolution] Targeting Chain 1 Layer 0 (Imp: 3.258e-04)...
  [GAI-A] [Evolution] Targeting Chain 0 Layer 0 (Imp: 1.493e-03)...
    [GAI-A] -> Mutating: SQUARE ===> SIN
  [GAI-A] [Result] 'SIN' ACCEPTED. Score: -0.3291 (Delta: 0.0000)

[GAI-A] --- Stagnation at Score -0.0952 ---
  [GAI-A] [Evolution] Targeting Chain 1 Layer 0 (Imp: 3.082e-04)...
  [GAI-A] [Evolution] Targeting Chain 0 Layer 0 (Imp: 1.455e-03)...
    [GAI-A] -> Mutating: SIN ===> SQUARE
  [GAI-A] [Result] 'SQUARE' REJECTED. Score: -0.0957 (Delta: 0.0000)
  [GAI-A] Instant Retry: Triggering evolution again...
[GAI-A] Restoring Best Ever State (Score: -0.0952)
[GAI-A] Epoch 0: Val Loss 1.65944 | Temp 0.5000
[GAI-A] Epoch 500: Val Loss 0.19011 | Temp 0.4583
[GAI-A] Epoch 1000: Val Loss 0.18731 | Temp 0.4167
[GAI-A] Epoch 1500: Val Loss 0.18602 | Temp 0.3750
[GAI-A] Epoch 2000: Val Loss 0.18528 | Temp 0.3333
[GAI-A] Epoch 2500: Val Loss 0.18478 | Temp 0.2917
[GAI-A] Epoch 3000: Val Loss 0.18442 | Temp 0.2500
[GAI-A] Epoch 3500: Val Loss 0.18414 | Temp 0.2083
[GAI-A] Epoch 4000: Val Loss 0.18390 | Temp 0.1667
[GAI-A] Epoch 4500: Val Loss 0.18371 | Temp 0.1250
[GAI-A] Epoch 5000: Val Loss 0.18361 | Temp 0.0833
[GAI-A] Epoch 5500: Val Loss 0.18338 | Temp 0.0417
[GAI-A] Restoring Best Ever State (Score: -0.1831)
[GAI-A] Epoch 0: Val Loss 0.74096 | Temp 0.5000

[GAI-A] --- Stagnation at Score -0.0002 ---
  [GAI-A] [Evolution] Targeting Chain 1 Layer 0 (Imp: 1.237e-04)...
    [GAI-A] -> Mutating: SIN ===> TANH
  [GAI-A] [Result] 'TANH' REJECTED. Score: -0.0002 (Delta: 0.0000)
  [GAI-A] Instant Retry: Triggering evolution again...
[GAI-A] Epoch 500: Val Loss 0.00054 | Temp 0.4583

[GAI-A] --- Stagnation at Score -0.0002 ---
  [GAI-A] [Evolution] Targeting Chain 1 Layer 0 (Imp: 9.689e-05)...
    [GAI-A] -> Mutating: SIN ===> RELU
  [GAI-A] [Result] 'RELU' REJECTED. Score: -0.0002 (Delta: 0.0000)
  [GAI-A] Instant Retry: Triggering evolution again...

[GAI-A] --- Stagnation at Score -0.0002 ---
  [GAI-A] [Evolution] Targeting Chain 1 Layer 0 (Imp: 8.920e-05)...
    [GAI-A] -> Mutating: SIN ===> SQUARE
  [GAI-A] [Result] 'SQUARE' REJECTED. Score: -0.0002 (Delta: 0.0000)
  [GAI-A] Instant Retry: Triggering evolution again...
[GAI-A] Epoch 1000: Val Loss 0.00024 | Temp 0.4167

[GAI-A] --- Stagnation at Score -0.0002 ---
  [GAI-A] [Evolution] Targeting Chain 1 Layer 0 (Imp: 8.523e-05)...
    [GAI-A] -> Mutating: SIN ===> IDENTITY
  [GAI-A] [Result] 'IDENTITY' REJECTED. Score: -0.0002 (Delta: 0.0000)
  [GAI-A] Instant Retry: Triggering evolution again...

[GAI-A] --- Stagnation at Score -0.0002 ---
  [GAI-A] [Evolution] Targeting Chain 1 Layer 0 (Imp: 8.152e-05)...
    [GAI-A] -> Mutating: SIN ===> GAUSSIAN
  [GAI-A] [Result] 'GAUSSIAN' REJECTED. Score: -0.0002 (Delta: 0.0000)
  [GAI-A] Instant Retry: Triggering evolution again...

[GAI-A] --- Stagnation at Score -0.0002 ---
  [GAI-A] [Evolution] Targeting Chain 1 Layer 0 (Imp: 8.554e-05)...
  [GAI-A] [Evolution] Targeting Chain 0 Layer 0 (Imp: 9.425e-05)...
    [GAI-A] -> Mutating: SIN ===> SQUARE
  [GAI-A] [Result] 'SQUARE' ACCEPTED. Score: -0.0003 (Delta: 0.0000)
[GAI-A] Epoch 1500: Val Loss 0.23546 | Temp 0.3750

[GAI-A] --- Stagnation at Score -0.0002 ---
  [GAI-A] [Evolution] Targeting Chain 0 Layer 0 (Imp: 2.565e-04)...
    [GAI-A] -> Mutating: SQUARE ===> IDENTITY
  [GAI-A] [Result] 'IDENTITY' ACCEPTED. Score: -0.2277 (Delta: 0.0068)

[GAI-A] --- Stagnation at Score -0.0002 ---
  [GAI-A] [Evolution] Targeting Chain 0 Layer 0 (Imp: 4.293e-04)...
    [GAI-A] -> Mutating: IDENTITY ===> GAUSSIAN
  [GAI-A] [Result] 'GAUSSIAN' ACCEPTED. Score: -0.2263 (Delta: 0.0019)

[GAI-A] --- Stagnation at Score -0.0002 ---
  [GAI-A] [Evolution] Targeting Chain 0 Layer 0 (Imp: 5.089e-04)...
    [GAI-A] -> Mutating: GAUSSIAN ===> RELU
  [GAI-A] [Result] 'RELU' ACCEPTED. Score: -0.1087 (Delta: 0.0001)
[GAI-A] Epoch 2000: Val Loss 0.19383 | Temp 0.3333

[GAI-A] --- Stagnation at Score -0.0002 ---
  [GAI-A] [Evolution] Targeting Chain 0 Layer 0 (Imp: 5.555e-04)...
    [GAI-A] -> Mutating: RELU ===> GAUSSIAN
  [GAI-A] [Result] 'GAUSSIAN' ACCEPTED. Score: -0.1927 (Delta: 0.0016)

[GAI-A] --- Stagnation at Score -0.0002 ---
  [GAI-A] [Evolution] Targeting Chain 0 Layer 0 (Imp: 6.158e-04)...
    [GAI-A] -> Mutating: GAUSSIAN ===> SIN
  [GAI-A] [Result] 'SIN' ACCEPTED. Score: -0.1093 (Delta: 0.0001)

[GAI-A] --- Stagnation at Score -0.0002 ---
  [GAI-A] [Evolution] Targeting Chain 0 Layer 0 (Imp: 6.306e-04)...
    [GAI-A] -> Mutating: SIN ===> SQUARE
  [GAI-A] [Result] 'SQUARE' ACCEPTED. Score: -0.0960 (Delta: 0.0000)
[GAI-A] Epoch 2500: Val Loss 0.10155 | Temp 0.2917

[GAI-A] --- Stagnation at Score -0.0002 ---
  [GAI-A] [Evolution] Targeting Chain 0 Layer 0 (Imp: 6.036e-04)...
    [GAI-A] -> Mutating: SQUARE ===> IDENTITY
  [GAI-A] [Result] 'IDENTITY' ACCEPTED. Score: -0.0980 (Delta: 0.0022)

[GAI-A] --- Stagnation at Score -0.0002 ---
  [GAI-A] [Evolution] Targeting Chain 0 Layer 0 (Imp: 5.800e-04)...
    [GAI-A] -> Mutating: IDENTITY ===> SQUARE
  [GAI-A] [Result] 'SQUARE' ACCEPTED. Score: -0.0953 (Delta: 0.0000)

[GAI-A] --- Stagnation at Score -0.0002 ---
  [GAI-A] [Evolution] Targeting Chain 0 Layer 0 (Imp: 5.512e-04)...
    [GAI-A] -> Mutating: SQUARE ===> TANH
  [GAI-A] [Result] 'TANH' ACCEPTED. Score: -0.0010 (Delta: 0.0001)
[GAI-A] Epoch 3000: Val Loss 0.27563 | Temp 0.2500

[GAI-A] --- Stagnation at Score -0.0002 ---
  [GAI-A] [Evolution] Targeting Chain 0 Layer 0 (Imp: 5.439e-04)...
    [GAI-A] -> Mutating: TANH ===> GAUSSIAN
  [GAI-A] [Result] 'GAUSSIAN' REJECTED. Score: -0.0949 (Delta: 0.0000)
  [GAI-A] Instant Retry: Triggering evolution again...

[GAI-A] --- Stagnation at Score -0.0002 ---
  [GAI-A] [Evolution] Targeting Chain 0 Layer 0 (Imp: 5.375e-04)...
    [GAI-A] -> Mutating: TANH ===> RELU
  [GAI-A] [Result] 'RELU' ACCEPTED. Score: -0.0951 (Delta: 0.0000)

[GAI-A] --- Stagnation at Score -0.0002 ---
  [GAI-A] [Evolution] Targeting Chain 0 Layer 0 (Imp: 5.109e-04)...
    [GAI-A] -> Mutating: RELU ===> IDENTITY
[GAI-A] Epoch 3500: Val Loss 0.10471 | Temp 0.2083
  [GAI-A] [Result] 'IDENTITY' ACCEPTED. Score: -0.0957 (Delta: 0.0000)

[GAI-A] --- Stagnation at Score -0.0002 ---
  [GAI-A] [Evolution] Targeting Chain 0 Layer 0 (Imp: 5.049e-04)...
    [GAI-A] -> Mutating: IDENTITY ===> SIN
  [GAI-A] [Result] 'SIN' ACCEPTED. Score: -0.0952 (Delta: 0.0000)

[GAI-A] --- Stagnation at Score -0.0002 ---
  [GAI-A] [Evolution] Targeting Chain 0 Layer 0 (Imp: 5.079e-04)...
    [GAI-A] -> Mutating: SIN ===> TANH
  [GAI-A] [Result] 'TANH' ACCEPTED. Score: -0.0963 (Delta: 0.0009)
[GAI-A] Epoch 4000: Val Loss 0.09496 | Temp 0.1667

[GAI-A] --- Stagnation at Score -0.0002 ---
  [GAI-A] [Evolution] Targeting Chain 0 Layer 0 (Imp: 5.060e-04)...
    [GAI-A] -> Mutating: TANH ===> SIN
  [GAI-A] [Result] 'SIN' ACCEPTED. Score: -0.0925 (Delta: 0.0025)

[GAI-A] --- Stagnation at Score -0.0002 ---
  [GAI-A] [Evolution] Targeting Chain 0 Layer 0 (Imp: 4.927e-04)...
    [GAI-A] -> Mutating: SIN ===> RELU
  [GAI-A] [Result] 'RELU' REJECTED. Score: -0.0002 (Delta: 0.0000)
  [GAI-A] Instant Retry: Triggering evolution again...

[GAI-A] --- Stagnation at Score -0.0002 ---
  [GAI-A] [Evolution] Targeting Chain 0 Layer 0 (Imp: 4.773e-04)...
    [GAI-A] -> Mutating: SIN ===> SQUARE
  [GAI-A] [Result] 'SQUARE' ACCEPTED. Score: -0.0002 (Delta: 0.0000)
[GAI-A] Epoch 4500: Val Loss 0.00005 | Temp 0.1250

[GAI-A] --- Stagnation at Score -0.0000 ---
  [GAI-A] [Evolution] Targeting Chain 0 Layer 0 (Imp: 4.300e-04)...
    [GAI-A] -> Mutating: SQUARE ===> IDENTITY
  [GAI-A] [Result] 'IDENTITY' REJECTED. Score: -0.0000 (Delta: 0.0000)
  [GAI-A] Instant Retry: Triggering evolution again...
[GAI-A] Epoch 5000: Val Loss 0.00000 | Temp 0.0833

[GAI-A] --- Stagnation at Score -0.0000 ---
  [GAI-A] [Evolution] Targeting Chain 0 Layer 0 (Imp: 4.174e-04)...
    [GAI-A] -> Mutating: SQUARE ===> SIN
  [GAI-A] [Result] 'SIN' ACCEPTED. Score: -0.0000 (Delta: 0.0000)

[GAI-A] --- Stagnation at Score -0.0000 ---
  [GAI-A] [Evolution] Targeting Chain 0 Layer 0 (Imp: 4.094e-04)...
    [GAI-A] -> Mutating: SIN ===> SQUARE
  [GAI-A] [Result] 'SQUARE' ACCEPTED. Score: -0.0002 (Delta: 0.0000)

[GAI-A] --- Stagnation at Score -0.0000 ---
  [GAI-A] [Evolution] Targeting Chain 0 Layer 0 (Imp: 3.973e-04)...
    [GAI-A] -> Mutating: SQUARE ===> TANH
  [GAI-A] [Result] 'TANH' REJECTED. Score: -0.0000 (Delta: 0.0000)
  [GAI-A] Instant Retry: Triggering evolution again...
[GAI-A] Epoch 5500: Val Loss 0.00002 | Temp 0.0417

[GAI-A] --- Stagnation at Score -0.0000 ---
  [GAI-A] [Evolution] Targeting Chain 0 Layer 0 (Imp: 3.867e-04)...
    [GAI-A] -> Mutating: SQUARE ===> SIN
  [GAI-A] [Result] 'SIN' ACCEPTED. Score: -0.0000 (Delta: 0.0000)

[GAI-A] --- Stagnation at Score -0.0000 ---
  [GAI-A] [Evolution] Targeting Chain 0 Layer 0 (Imp: 3.808e-04)...
    [GAI-A] -> Mutating: SIN ===> SQUARE
  [GAI-A] [Result] 'SQUARE' ACCEPTED. Score: -0.0002 (Delta: 0.0000)

[GAI-A] --- Stagnation at Score -0.0000 ---
  [GAI-A] [Evolution] Targeting Chain 0 Layer 0 (Imp: 3.707e-04)...
    [GAI-A] -> Mutating: SQUARE ===> SIN
  [GAI-A] [Result] 'SIN' ACCEPTED. Score: -0.0000 (Delta: 0.0000)
[GAI-A] Restoring Best Ever State (Score: -0.0000)
[GAI-A] Epoch 0: Val Loss 1.06195 | Temp 0.5000
[GAI-A] Epoch 500: Val Loss 0.12175 | Temp 0.4583
[GAI-A] Epoch 1000: Val Loss 0.10248 | Temp 0.4167
[GAI-A] Epoch 1500: Val Loss 0.09763 | Temp 0.3750
[GAI-A] Epoch 2000: Val Loss 0.09584 | Temp 0.3333
[GAI-A] Epoch 2500: Val Loss 0.09505 | Temp 0.2917
[GAI-A] Epoch 3000: Val Loss 0.09468 | Temp 0.2500
[GAI-A] Epoch 3500: Val Loss 0.09450 | Temp 0.2083
[GAI-A] Epoch 4000: Val Loss 0.09442 | Temp 0.1667
[GAI-A] Epoch 4500: Val Loss 0.09438 | Temp 0.1250
[GAI-A] Epoch 5000: Val Loss 0.09438 | Temp 0.0833
[GAI-A] Epoch 5500: Val Loss 0.09437 | Temp 0.0417

[GAI-A] --- Stagnation at Score -0.0944 ---
  [GAI-A] [Evolution] Targeting Chain 1 Layer 0 (Imp: 3.245e-04)...
    [GAI-A] -> Mutating: GAUSSIAN ===> TANH
  [GAI-A] [Result] 'TANH' REJECTED. Score: -0.0944 (Delta: 0.0000)
  [GAI-A] Instant Retry: Triggering evolution again...
[GAI-A] Restoring Best Ever State (Score: -0.0939)
[GAI-A] Epoch 0: Val Loss 0.65122 | Temp 0.5000
[GAI-A] Epoch 500: Val Loss 0.05340 | Temp 0.4583
[GAI-A] Epoch 1000: Val Loss 0.05326 | Temp 0.4167

[GAI-A] --- Stagnation at Score -0.0533 ---
  [GAI-A] [Evolution] Targeting Chain 1 Layer 0 (Imp: 3.672e-05)...
    [GAI-A] -> Mutating: RELU ===> SIN
  [GAI-A] [Result] 'SIN' ACCEPTED. Score: -0.0002 (Delta: 0.0530)

[GAI-A] --- Stagnation at Score -0.0002 ---
  [GAI-A] [Evolution] Targeting Chain 1 Layer 0 (Imp: 3.942e-05)...
    [GAI-A] -> Mutating: SIN ===> IDENTITY
  [GAI-A] [Result] 'IDENTITY' REJECTED. Score: -0.0002 (Delta: 0.0000)
  [GAI-A] Instant Retry: Triggering evolution again...
[GAI-A] Epoch 1500: Val Loss 0.00113 | Temp 0.3750

[GAI-A] --- Stagnation at Score -0.0002 ---
  [GAI-A] [Evolution] Targeting Chain 1 Layer 0 (Imp: 3.983e-05)...
    [GAI-A] -> Mutating: SIN ===> TANH
  [GAI-A] [Result] 'TANH' REJECTED. Score: -0.0002 (Delta: 0.0000)
  [GAI-A] Instant Retry: Triggering evolution again...

[GAI-A] --- Stagnation at Score -0.0002 ---
  [GAI-A] [Evolution] Targeting Chain 1 Layer 0 (Imp: 3.957e-05)...
    [GAI-A] -> Mutating: SIN ===> SQUARE
  [GAI-A] [Result] 'SQUARE' REJECTED. Score: -0.0002 (Delta: 0.0000)
  [GAI-A] Instant Retry: Triggering evolution again...
[GAI-A] Epoch 2000: Val Loss 0.00024 | Temp 0.3333

[GAI-A] --- Stagnation at Score -0.0002 ---
  [GAI-A] [Evolution] Targeting Chain 1 Layer 0 (Imp: 3.978e-05)...
    [GAI-A] -> Mutating: SIN ===> GAUSSIAN
  [GAI-A] [Result] 'GAUSSIAN' REJECTED. Score: -0.0002 (Delta: 0.0000)
  [GAI-A] Instant Retry: Triggering evolution again...

[GAI-A] --- Stagnation at Score -0.0002 ---
  [GAI-A] [Evolution] Targeting Chain 1 Layer 0 (Imp: 4.152e-05)...
    [GAI-A] -> Mutating: SIN ===> RELU
  [GAI-A] [Result] 'RELU' ACCEPTED. Score: -0.0002 (Delta: 0.0000)

[GAI-A] --- Stagnation at Score -0.0002 ---
  [GAI-A] [Evolution] Targeting Chain 1 Layer 0 (Imp: 4.195e-05)...
    [GAI-A] -> Mutating: RELU ===> SIN
  [GAI-A] [Result] 'SIN' ACCEPTED. Score: -0.0086 (Delta: 0.0471)
[GAI-A] Epoch 2500: Val Loss 0.00029 | Temp 0.2917

[GAI-A] --- Stagnation at Score -0.0002 ---
  [GAI-A] [Evolution] Targeting Chain 1 Layer 0 (Imp: 4.562e-05)...
    [GAI-A] -> Mutating: SIN ===> RELU
  [GAI-A] [Result] 'RELU' ACCEPTED. Score: -0.0002 (Delta: 0.0000)

[GAI-A] --- Stagnation at Score -0.0002 ---
  [GAI-A] [Evolution] Targeting Chain 1 Layer 0 (Imp: 4.462e-05)...
    [GAI-A] -> Mutating: RELU ===> SIN
  [GAI-A] [Result] 'SIN' ACCEPTED. Score: -0.0024 (Delta: 0.0933)

[GAI-A] --- Stagnation at Score -0.0002 ---
  [GAI-A] [Evolution] Targeting Chain 1 Layer 0 (Imp: 4.659e-05)...
    [GAI-A] -> Mutating: SIN ===> RELU
  [GAI-A] [Result] 'RELU' REJECTED. Score: -0.0002 (Delta: 0.0000)
  [GAI-A] Instant Retry: Triggering evolution again...
[GAI-A] Epoch 3000: Val Loss 0.00253 | Temp 0.2500

[GAI-A] --- Stagnation at Score -0.0002 ---
  [GAI-A] [Evolution] Targeting Chain 1 Layer 0 (Imp: 4.714e-05)...
  [GAI-A] [Evolution] Targeting Chain 0 Layer 0 (Imp: 2.887e-04)...
    [GAI-A] -> Mutating: SIN ===> GAUSSIAN
  [GAI-A] [Result] 'GAUSSIAN' REJECTED. Score: -0.0002 (Delta: 0.0000)
  [GAI-A] Instant Retry: Triggering evolution again...

[GAI-A] --- Stagnation at Score -0.0002 ---
  [GAI-A] [Evolution] Targeting Chain 1 Layer 0 (Imp: 4.785e-05)...
  [GAI-A] [Evolution] Targeting Chain 0 Layer 0 (Imp: 2.778e-04)...
    [GAI-A] -> Mutating: SIN ===> IDENTITY
  [GAI-A] [Result] 'IDENTITY' REJECTED. Score: -0.0002 (Delta: 0.0000)
  [GAI-A] Instant Retry: Triggering evolution again...

[GAI-A] --- Stagnation at Score -0.0002 ---
  [GAI-A] [Evolution] Targeting Chain 1 Layer 0 (Imp: 4.802e-05)...
  [GAI-A] [Evolution] Targeting Chain 0 Layer 0 (Imp: 2.675e-04)...
    [GAI-A] -> Mutating: SIN ===> SQUARE
  [GAI-A] [Result] 'SQUARE' REJECTED. Score: -0.0002 (Delta: 0.0000)
  [GAI-A] Instant Retry: Triggering evolution again...
[GAI-A] Epoch 3500: Val Loss 0.01106 | Temp 0.2083

[GAI-A] --- Stagnation at Score -0.0002 ---
  [GAI-A] [Evolution] Targeting Chain 1 Layer 0 (Imp: 4.806e-05)...
  [GAI-A] [Evolution] Targeting Chain 0 Layer 0 (Imp: 2.579e-04)...
    [GAI-A] -> Mutating: SIN ===> TANH
  [GAI-A] [Result] 'TANH' REJECTED. Score: -0.0002 (Delta: 0.0000)
  [GAI-A] Instant Retry: Triggering evolution again...

[GAI-A] --- Stagnation at Score -0.0002 ---
  [GAI-A] [Evolution] Targeting Chain 1 Layer 0 (Imp: 4.748e-05)...
  [GAI-A] [Evolution] Targeting Chain 0 Layer 0 (Imp: 2.486e-04)...
    [GAI-A] -> Mutating: SIN ===> RELU
  [GAI-A] [Result] 'RELU' ACCEPTED. Score: -0.0002 (Delta: 0.0000)

[GAI-A] --- Stagnation at Score -0.0002 ---
  [GAI-A] [Evolution] Targeting Chain 1 Layer 0 (Imp: 1.050e-04)...
  [GAI-A] [Evolution] Targeting Chain 0 Layer 0 (Imp: 2.823e-04)...
    [GAI-A] -> Mutating: RELU ===> SIN
[GAI-A] Epoch 4000: Val Loss 0.17282 | Temp 0.1667
  [GAI-A] [Result] 'SIN' ACCEPTED. Score: -0.0153 (Delta: 0.1790)

[GAI-A] --- Stagnation at Score -0.0002 ---
  [GAI-A] [Evolution] Targeting Chain 1 Layer 0 (Imp: 1.087e-04)...
  [GAI-A] [Evolution] Targeting Chain 0 Layer 0 (Imp: 2.761e-04)...
    [GAI-A] -> Mutating: SIN ===> RELU
  [GAI-A] [Result] 'RELU' ACCEPTED. Score: -0.0002 (Delta: 0.0000)

[GAI-A] --- Stagnation at Score -0.0002 ---
  [GAI-A] [Evolution] Targeting Chain 1 Layer 0 (Imp: 1.584e-04)...
  [GAI-A] [Evolution] Targeting Chain 0 Layer 0 (Imp: 3.057e-04)...
    [GAI-A] -> Mutating: RELU ===> SIN
  [GAI-A] [Result] 'SIN' ACCEPTED. Score: -0.0236 (Delta: 0.1707)
[GAI-A] Epoch 4500: Val Loss 0.00024 | Temp 0.1250

[GAI-A] --- Stagnation at Score -0.0002 ---
  [GAI-A] [Evolution] Targeting Chain 1 Layer 0 (Imp: 1.599e-04)...
  [GAI-A] [Evolution] Targeting Chain 0 Layer 0 (Imp: 2.993e-04)...
    [GAI-A] -> Mutating: SIN ===> RELU
  [GAI-A] [Result] 'RELU' REJECTED. Score: -0.0002 (Delta: 0.0000)
  [GAI-A] Instant Retry: Triggering evolution again...

[GAI-A] --- Stagnation at Score -0.0002 ---
  [GAI-A] [Evolution] Targeting Chain 1 Layer 0 (Imp: 1.559e-04)...
  [GAI-A] [Evolution] Targeting Chain 0 Layer 0 (Imp: 2.907e-04)...
[GAI-A] No mutations possible or supported.
[GAI-A] No mutations left; continuing to train with the structure frozen.
[GAI-A] Epoch 5000: Val Loss 0.00024 | Temp 0.0833
[GAI-A] Epoch 5500: Val Loss 0.00024 | Temp 0.0417
[GAI-A] Restoring Best Ever State (Score: -0.0002)
GAI-A      fixed      6000    1/8       7.172e-02    3.847e-14  tanh,sin; square,tanh; identity,tanh
[GAI-B] Epoch 0: Val Loss 1.61939 | Temp 0.5000
[GAI-B] Epoch 500: Val Loss 0.14363 | Temp 0.3750

[GAI-B] --- Stagnation at Score -0.1425 ---
  [GAI-B] [Evolution] Targeting Chain 0 Layer 0 (Random)...
    [GAI-B] -> Mutating: GAUSSIAN ===> SQUARE
  [GAI-B] [Result] 'SQUARE' ACCEPTED (RISKY). Score: -0.2709 (Delta: -0.1283)
[GAI-B] Epoch 1000: Val Loss 0.14001 | Temp 0.2500
[GAI-B] Epoch 1500: Val Loss 0.10499 | Temp 0.1250
[GAI-B] Restoring Best Ever State (Score: -0.1004)
[GAI-B] Epoch 0: Val Loss 0.60286 | Temp 0.5000
[GAI-B] Epoch 500: Val Loss 0.17145 | Temp 0.3750
[GAI-B] Epoch 1000: Val Loss 0.14861 | Temp 0.2500
[GAI-B] Epoch 1500: Val Loss 0.14580 | Temp 0.1250
[GAI-B] Restoring Best Ever State (Score: -0.1452)
[GAI-B] Epoch 0: Val Loss 0.70634 | Temp 0.5000
[GAI-B] Epoch 500: Val Loss 0.12463 | Temp 0.3750
[GAI-B] Epoch 1000: Val Loss 0.11582 | Temp 0.2500
[GAI-B] Epoch 1500: Val Loss 0.11378 | Temp 0.1250
[GAI-B] Restoring Best Ever State (Score: -0.1126)
[GAI-B] Epoch 0: Val Loss 0.65159 | Temp 0.5000

[GAI-B] --- Stagnation at Score -0.2779 ---
  [GAI-B] [Evolution] Targeting Chain 1 Layer 0 (Random)...
    [GAI-B] -> Mutating: RELU ===> TANH
  [GAI-B] [Result] 'TANH' ACCEPTED. Score: -0.2718 (Delta: 0.0062)
[GAI-B] Epoch 500: Val Loss 0.16078 | Temp 0.3750
[GAI-B] Epoch 1000: Val Loss 0.13425 | Temp 0.2500

[GAI-B] --- Stagnation at Score -0.1338 ---
  [GAI-B] [Evolution] Targeting Chain 1 Layer 0 (Random)...
    [GAI-B] -> Mutating: TANH ===> RELU
  [GAI-B] [Result] 'RELU' REJECTED. Score: -3.7856 (Delta: -3.6517)
  [GAI-B] Instant Retry: Triggering evolution again...

[GAI-B] --- Stagnation at Score -0.1338 ---
  [GAI-B] [Evolution] Targeting Chain 0 Layer 0 (Random)...
    [GAI-B] -> Mutating: RELU ===> TANH
  [GAI-B] [Result] 'TANH' ACCEPTED. Score: -2.0463 (Delta: 1.7393)

[GAI-B] --- Stagnation at Score -0.1338 ---
  [GAI-B] [Evolution] Targeting Chain 1 Layer 0 (Random)...
    [GAI-B] -> Mutating: TANH ===> GAUSSIAN
  [GAI-B] [Result] 'GAUSSIAN' REJECTED. Score: -0.3437 (Delta: -0.0301)
  [GAI-B] Instant Retry: Triggering evolution again...

[GAI-B] --- Stagnation at Score -0.1338 ---
  [GAI-B] [Evolution] Targeting Chain 0 Layer 0 (Random)...
    [GAI-B] -> Mutating: TANH ===> RELU
[GAI-B] Epoch 1500: Val Loss 0.68094 | Temp 0.1250
  [GAI-B] [Result] 'RELU' REJECTED. Score: -0.6573 (Delta: -0.3136)
  [GAI-B] Instant Retry: Triggering evolution again...

[GAI-B] --- Stagnation at Score -0.1338 ---
  [GAI-B] [Evolution] Targeting Chain 1 Layer 0 (Random)...
    [GAI-B] -> Mutating: TANH ===> SQUARE
  [GAI-B] [Result] 'SQUARE' REJECTED. Score: -5.4623 (Delta: -4.8050)
  [GAI-B] Instant Retry: Triggering evolution again...

[GAI-B] --- Stagnation at Score -0.1338 ---
  [GAI-B] [Evolution] Targeting Chain 0 Layer 0 (Random)...
    [GAI-B] -> Mutating: TANH ===> SQUARE
  [GAI-B] [Result] 'SQUARE' ACCEPTED. Score: -0.8271 (Delta: 4.6352)

[GAI-B] --- Stagnation at Score -0.1338 ---
  [GAI-B] [Evolution] Targeting Chain 1 Layer 0 (Random)...
    [GAI-B] -> Mutating: TANH ===> IDENTITY
  [GAI-B] [Result] 'IDENTITY' REJECTED. Score: -3.2969 (Delta: -3.0418)
  [GAI-B] Instant Retry: Triggering evolution again...

[GAI-B] --- Stagnation at Score -0.1338 ---
  [GAI-B] [Evolution] Targeting Chain 0 Layer 0 (Random)...
    [GAI-B] -> Mutating: SQUARE ===> GAUSSIAN
  [GAI-B] [Result] 'GAUSSIAN' ACCEPTED. Score: -2.7826 (Delta: 0.5143)

[GAI-B] --- Stagnation at Score -0.1338 ---
  [GAI-B] [Evolution] Targeting Chain 1 Layer 0 (Random)...
    [GAI-B] -> Mutating: TANH ===> SIN
  [GAI-B] [Result] 'SIN' REJECTED. Score: -1.7223 (Delta: -1.4530)
  [GAI-B] Instant Retry: Triggering evolution again...

[GAI-B] --- Stagnation at Score -0.1338 ---
  [GAI-B] [Evolution] Targeting Chain 1 Layer 0 (Random)...
  [GAI-B] [Evolution] Targeting Chain 0 Layer 0 (Random)...
    [GAI-B] -> Mutating: GAUSSIAN ===> SQUARE
  [GAI-B] [Result] 'SQUARE' REJECTED. Score: -2.1566 (Delta: -0.4343)
  [GAI-B] Instant Retry: Triggering evolution again...

[GAI-B] --- Stagnation at Score -0.1338 ---
  [GAI-B] [Evolution] Targeting Chain 0 Layer 0 (Random)...
    [GAI-B] -> Mutating: GAUSSIAN ===> SIN
  [GAI-B] [Result] 'SIN' ACCEPTED. Score: -0.6211 (Delta: 1.5356)
[GAI-B] Restoring Best Ever State (Score: -0.1338)
[GAI-B] Epoch 0: Val Loss 1.65944 | Temp 0.5000
[GAI-B] Epoch 500: Val Loss 0.19010 | Temp 0.3750
[GAI-B] Epoch 1000: Val Loss 0.18730 | Temp 0.2500
[GAI-B] Epoch 1500: Val Loss 0.18602 | Temp 0.1250
[GAI-B] Restoring Best Ever State (Score: -0.1853)
[GAI-B] Epoch 0: Val Loss 0.74096 | Temp 0.5000

[GAI-B] --- Stagnation at Score -0.0002 ---
  [GAI-B] [Evolution] Targeting Chain 0 Layer 0 (Random)...
    [GAI-B] -> Mutating: SIN ===> RELU
  [GAI-B] [Result] 'RELU' REJECTED. Score: -0.5166 (Delta: -0.5163)
  [GAI-B] Instant Retry: Triggering evolution again...

[GAI-B] --- Stagnation at Score -0.0002 ---
  [GAI-B] [Evolution] Targeting Chain 1 Layer 0 (Random)...
    [GAI-B] -> Mutating: SIN ===> SQUARE
  [GAI-B] [Result] 'SQUARE' ACCEPTED. Score: -0.3747 (Delta: 0.1418)
[GAI-B] Epoch 500: Val Loss 0.16630 | Temp 0.3750

[GAI-B] --- Stagnation at Score -0.0002 ---
  [GAI-B] [Evolution] Targeting Chain 1 Layer 0 (Random)...
    [GAI-B] -> Mutating: SQUARE ===> GAUSSIAN
  [GAI-B] [Result] 'GAUSSIAN' REJECTED. Score: -0.3935 (Delta: -0.3883)
  [GAI-B] Instant Retry: Triggering evolution again...

[GAI-B] --- Stagnation at Score -0.0002 ---
  [GAI-B] [Evolution] Targeting Chain 1 Layer 0 (Random)...
    [GAI-B] -> Mutating: SQUARE ===> SIN
  [GAI-B] [Result] 'SIN' ACCEPTED. Score: -0.1068 (Delta: 0.2867)

[GAI-B] --- Stagnation at Score -0.0002 ---
  [GAI-B] [Evolution] Targeting Chain 0 Layer 0 (Random)...
    [GAI-B] -> Mutating: SIN ===> IDENTITY
  [GAI-B] [Result] 'IDENTITY' REJECTED. Score: -0.3964 (Delta: -0.3011)
  [GAI-B] Instant Retry: Triggering evolution again...

[GAI-B] --- Stagnation at Score -0.0002 ---
  [GAI-B] [Evolution] Targeting Chain 1 Layer 0 (Random)...
    [GAI-B] -> Mutating: SIN ===> RELU
  [GAI-B] [Result] 'RELU' ACCEPTED. Score: -0.0920 (Delta: 0.3044)

[GAI-B] --- Stagnation at Score -0.0002 ---
  [GAI-B] [Evolution] Targeting Chain 1 Layer 0 (Random)...
    [GAI-B] -> Mutating: RELU ===> SIN
  [GAI-B] [Result] 'SIN' ACCEPTED (RISKY). Score: -0.0952 (Delta: -0.0381)
[GAI-B] Epoch 1000: Val Loss 0.09443 | Temp 0.2500

[GAI-B] --- Stagnation at Score -0.0002 ---
  [GAI-B] [Evolution] Targeting Chain 1 Layer 0 (Random)...
    [GAI-B] -> Mutating: SIN ===> TANH
  [GAI-B] [Result] 'TANH' ACCEPTED (RISKY). Score: -0.0954 (Delta: -0.0002)

[GAI-B] --- Stagnation at Score -0.0002 ---
  [GAI-B] [Evolution] Targeting Chain 1 Layer 0 (Random)...
    [GAI-B] -> Mutating: TANH ===> RELU
  [GAI-B] [Result] 'RELU' ACCEPTED. Score: -0.0885 (Delta: 0.0067)

[GAI-B] --- Stagnation at Score -0.0002 ---
  [GAI-B] [Evolution] Targeting Chain 0 Layer 0 (Random)...
    [GAI-B] -> Mutating: SIN ===> GAUSSIAN
  [GAI-B] [Result] 'GAUSSIAN' REJECTED. Score: -1.1204 (Delta: -1.0504)
  [GAI-B] Instant Retry: Triggering evolution again...

[GAI-B] --- Stagnation at Score -0.0002 ---
  [GAI-B] [Evolution] Targeting Chain 1 Layer 0 (Random)...
    [GAI-B] -> Mutating: RELU ===> SIN
  [GAI-B] [Result] 'SIN' ACCEPTED. Score: -0.0961 (Delta: 1.0243)
[GAI-B] Epoch 1500: Val Loss 0.09575 | Temp 0.1250

[GAI-B] --- Stagnation at Score -0.0002 ---
  [GAI-B] [Evolution] Targeting Chain 1 Layer 0 (Random)...
    [GAI-B] -> Mutating: SIN ===> RELU
  [GAI-B] [Result] 'RELU' ACCEPTED. Score: -0.0847 (Delta: 0.0106)

[GAI-B] --- Stagnation at Score -0.0002 ---
  [GAI-B] [Evolution] Targeting Chain 1 Layer 0 (Random)...
    [GAI-B] -> Mutating: RELU ===> SQUARE
  [GAI-B] [Result] 'SQUARE' ACCEPTED (RISKY). Score: -0.0916 (Delta: -0.0352)
[GAI-B] Restoring Best Ever State (Score: -0.0000)
[GAI-B] Epoch 0: Val Loss 1.06195 | Temp 0.5000
[GAI-B] Epoch 500: Val Loss 0.12176 | Temp 0.3750
[GAI-B] Epoch 1000: Val Loss 0.10248 | Temp 0.2500
[GAI-B] Epoch 1500: Val Loss 0.09764 | Temp 0.1250
[GAI-B] Restoring Best Ever State (Score: -0.0958)
[GAI-B] Epoch 0: Val Loss 0.65122 | Temp 0.5000
[GAI-B] Epoch 500: Val Loss 0.05340 | Temp 0.3750
[GAI-B] Epoch 1000: Val Loss 0.05326 | Temp 0.2500

[GAI-B] --- Stagnation at Score -0.0533 ---
  [GAI-B] [Evolution] Targeting Chain 0 Layer 0 (Random)...
    [GAI-B] -> Mutating: SIN ===> IDENTITY
  [GAI-B] [Result] 'IDENTITY' REJECTED. Score: -0.4785 (Delta: -0.4253)
  [GAI-B] Instant Retry: Triggering evolution again...

[GAI-B] --- Stagnation at Score -0.0533 ---
  [GAI-B] [Evolution] Targeting Chain 1 Layer 0 (Random)...
    [GAI-B] -> Mutating: RELU ===> GAUSSIAN
  [GAI-B] [Result] 'GAUSSIAN' REJECTED. Score: -0.6117 (Delta: -0.1332)
  [GAI-B] Instant Retry: Triggering evolution again...

[GAI-B] --- Stagnation at Score -0.0533 ---
  [GAI-B] [Evolution] Targeting Chain 1 Layer 0 (Random)...
    [GAI-B] -> Mutating: RELU ===> SQUARE
  [GAI-B] [Result] 'SQUARE' ACCEPTED. Score: -0.0915 (Delta: 0.5202)
[GAI-B] Epoch 1500: Val Loss 0.00000 | Temp 0.1250

[GAI-B] --- Stagnation at Score -0.0000 ---
  [GAI-B] [Evolution] Targeting Chain 1 Layer 0 (Random)...
    [GAI-B] -> Mutating: SQUARE ===> RELU
  [GAI-B] [Result] 'RELU' ACCEPTED (RISKY). Score: -0.1188 (Delta: -0.1188)

[GAI-B] --- Stagnation at Score -0.0000 ---
  [GAI-B] [Evolution] Targeting Chain 0 Layer 0 (Random)...
    [GAI-B] -> Mutating: SIN ===> TANH
  [GAI-B] [Result] 'TANH' REJECTED. Score: -0.3795 (Delta: -0.2844)
  [GAI-B] Instant Retry: Triggering evolution again...

[GAI-B] --- Stagnation at Score -0.0000 ---
  [GAI-B] [Evolution] Targeting Chain 1 Layer 0 (Random)...
    [GAI-B] -> Mutating: RELU ===> TANH
  [GAI-B] [Result] 'TANH' ACCEPTED. Score: -0.0979 (Delta: 0.2816)

[GAI-B] --- Stagnation at Score -0.0000 ---
  [GAI-B] [Evolution] Targeting Chain 1 Layer 0 (Random)...
    [GAI-B] -> Mutating: TANH ===> IDENTITY
  [GAI-B] [Result] 'IDENTITY' REJECTED. Score: -0.0960 (Delta: -0.0009)
  [GAI-B] Instant Retry: Triggering evolution again...

[GAI-B] --- Stagnation at Score -0.0000 ---
  [GAI-B] [Evolution] Targeting Chain 1 Layer 0 (Random)...
    [GAI-B] -> Mutating: TANH ===> SQUARE
  [GAI-B] [Result] 'SQUARE' ACCEPTED. Score: -0.0932 (Delta: 0.0028)
[GAI-B] Restoring Best Ever State (Score: -0.0000)
GAI-B      legacy     2000    2/8       9.503e-02    3.745e-11  square,gaussian; relu,tanh; tanh,tanh
[GAI-B] Epoch 0: Val Loss 1.61939 | Temp 0.5000
[GAI-B] Epoch 500: Val Loss 0.14363 | Temp 0.4583

[GAI-B] --- Stagnation at Score -0.1425 ---
  [GAI-B] [Evolution] Targeting Chain 0 Layer 0 (Random)...
    [GAI-B] -> Mutating: GAUSSIAN ===> SQUARE
  [GAI-B] [Result] 'SQUARE' ACCEPTED (RISKY). Score: -0.2709 (Delta: -0.1283)
[GAI-B] Epoch 1000: Val Loss 0.14001 | Temp 0.4167
[GAI-B] Epoch 1500: Val Loss 0.10499 | Temp 0.3750
[GAI-B] Epoch 2000: Val Loss 0.10036 | Temp 0.3333
[GAI-B] Epoch 2500: Val Loss 0.09882 | Temp 0.2917
[GAI-B] Epoch 3000: Val Loss 0.09810 | Temp 0.2500
[GAI-B] Epoch 3500: Val Loss 0.09777 | Temp 0.2083

[GAI-B] --- Stagnation at Score -0.0975 ---
  [GAI-B] [Evolution] Targeting Chain 0 Layer 0 (Random)...
    [GAI-B] -> Mutating: SQUARE ===> SIN
  [GAI-B] [Result] 'SIN' REJECTED. Score: -0.2851 (Delta: -0.1873)
  [GAI-B] Instant Retry: Triggering evolution again...

[GAI-B] --- Stagnation at Score -0.0975 ---
  [GAI-B] [Evolution] Targeting Chain 0 Layer 0 (Random)...
    [GAI-B] -> Mutating: SQUARE ===> TANH
  [GAI-B] [Result] 'TANH' ACCEPTED (RISKY). Score: -0.3832 (Delta: -0.0982)

[GAI-B] --- Stagnation at Score -0.0975 ---
  [GAI-B] [Evolution] Targeting Chain 1 Layer 0 (Random)...
    [GAI-B] -> Mutating: GAUSSIAN ===> TANH
  [GAI-B] [Result] 'TANH' REJECTED. Score: -1.5803 (Delta: -1.4626)
  [GAI-B] Instant Retry: Triggering evolution again...

[GAI-B] --- Stagnation at Score -0.0975 ---
  [GAI-B] [Evolution] Targeting Chain 1 Layer 0 (Random)...
    [GAI-B] -> Mutating: GAUSSIAN ===> IDENTITY
  [GAI-B] [Result] 'IDENTITY' REJECTED. Score: -1.7728 (Delta: -0.1926)
  [GAI-B] Instant Retry: Triggering evolution again...

[GAI-B] --- Stagnation at Score -0.0975 ---
  [GAI-B] [Evolution] Targeting Chain 0 Layer 0 (Random)...
    [GAI-B] -> Mutating: TANH ===> IDENTITY
  [GAI-B] [Result] 'IDENTITY' ACCEPTED. Score: -0.3630 (Delta: 1.4098)
[GAI-B] Epoch 4000: Val Loss 0.11643 | Temp 0.1667

[GAI-B] --- Stagnation at Score -0.0975 ---
  [GAI-B] [Evolution] Targeting Chain 0 Layer 0 (Random)...
    [GAI-B] -> Mutating: IDENTITY ===> GAUSSIAN
  [GAI-B] [Result] 'GAUSSIAN' REJECTED. Score: -5.4735 (Delta: -5.3572)
  [GAI-B] Instant Retry: Triggering evolution again...

[GAI-B] --- Stagnation at Score -0.0975 ---
  [GAI-B] [Evolution] Targeting Chain 0 Layer 0 (Random)...
    [GAI-B] -> Mutating: IDENTITY ===> SQUARE
  [GAI-B] [Result] 'SQUARE' ACCEPTED. Score: -0.5032 (Delta: 4.9704)

[GAI-B] --- Stagnation at Score -0.0975 ---
  [GAI-B] [Evolution] Targeting Chain 1 Layer 0 (Random)...
    [GAI-B] -> Mutating: GAUSSIAN ===> SIN
  [GAI-B] [Result] 'SIN' REJECTED. Score: -0.6707 (Delta: -0.5715)
  [GAI-B] Instant Retry: Triggering evolution again...

[GAI-B] --- Stagnation at Score -0.0975 ---
  [GAI-B] [Evolution] Targeting Chain 1 Layer 0 (Random)...
    [GAI-B] -> Mutating: GAUSSIAN ===> SQUARE
  [GAI-B] [Result] 'SQUARE' REJECTED. Score: -2.6756 (Delta: -2.0049)
  [GAI-B] Instant Retry: Triggering evolution again...

[GAI-B] --- Stagnation at Score -0.0975 ---
  [GAI-B] [Evolution] Targeting Chain 0 Layer 0 (Random)...
    [GAI-B] -> Mutating: SQUARE ===> IDENTITY
  [GAI-B] [Result] 'IDENTITY' ACCEPTED. Score: -0.2880 (Delta: 2.3876)

[GAI-B] --- Stagnation at Score -0.0975 ---
  [GAI-B] [Evolution] Targeting Chain 1 Layer 0 (Random)...
    [GAI-B] -> Mutating: GAUSSIAN ===> RELU
  [GAI-B] [Result] 'RELU' REJECTED. Score: -1.0686 (Delta: -0.9487)
  [GAI-B] Instant Retry: Triggering evolution again...

[GAI-B] --- Stagnation at Score -0.0975 ---
  [GAI-B] [Evolution] Targeting Chain 0 Layer 0 (Random)...
    [GAI-B] -> Mutating: IDENTITY ===> TANH
  [GAI-B] [Result] 'TANH' ACCEPTED. Score: -0.2303 (Delta: 0.8383)
[GAI-B] Epoch 4500: Val Loss 0.12474 | Temp 0.1250

[GAI-B] --- Stagnation at Score -0.0975 ---
  [GAI-B] [Evolution] Targeting Chain 1 Layer 0 (Random)...
  [GAI-B] [Evolution] Targeting Chain 0 Layer 0 (Random)...
    [GAI-B] -> Mutating: TANH ===> SQUARE
  [GAI-B] [Result] 'SQUARE' REJECTED. Score: -0.2863 (Delta: -0.1622)
  [GAI-B] Instant Retry: Triggering evolution again...

[GAI-B] --- Stagnation at Score -0.0975 ---
  [GAI-B] [Evolution] Targeting Chain 0 Layer 0 (Random)...
    [GAI-B] -> Mutating: TANH ===> IDENTITY
  [GAI-B] [Result] 'IDENTITY' ACCEPTED. Score: -0.1841 (Delta: 0.1022)

[GAI-B] --- Stagnation at Score -0.0975 ---
  [GAI-B] [Evolution] Targeting Chain 0 Layer 0 (Random)...
    [GAI-B] -> Mutating: IDENTITY ===> RELU
  [GAI-B] [Result] 'RELU' ACCEPTED (RISKY). Score: -0.1765 (Delta: -0.0543)

[GAI-B] --- Stagnation at Score -0.0975 ---
  [GAI-B] [Evolution] Targeting Chain 1 Layer 0 (Random)...
  [GAI-B] [Evolution] Targeting Chain 0 Layer 0 (Random)...
    [GAI-B] -> Mutating: RELU ===> IDENTITY
  [GAI-B] [Result] 'IDENTITY' REJECTED. Score: -0.1916 (Delta: -0.0722)
  [GAI-B] Instant Retry: Triggering evolution again...

[GAI-B] --- Stagnation at Score -0.0975 ---
  [GAI-B] [Evolution] Targeting Chain 1 Layer 0 (Random)...
  [GAI-B] [Evolution] Targeting Chain 0 Layer 0 (Random)...
    [GAI-B] -> Mutating: RELU ===> TANH
  [GAI-B] [Result] 'TANH' ACCEPTED. Score: -0.1649 (Delta: 0.0267)
[GAI-B] Epoch 5000: Val Loss 0.12452 | Temp 0.0833

[GAI-B] --- Stagnation at Score -0.0975 ---
  [GAI-B] [Evolution] Targeting Chain 1 Layer 0 (Random)...
  [GAI-B] [Evolution] Targeting Chain 0 Layer 0 (Random)...
    [GAI-B] -> Mutating: TANH ===> RELU
  [GAI-B] [Result] 'RELU' REJECTED. Score: -0.2765 (Delta: -0.1536)
  [GAI-B] Instant Retry: Triggering evolution again...

[GAI-B] --- Stagnation at Score -0.0975 ---
  [GAI-B] [Evolution] Targeting Chain 0 Layer 0 (Random)...
  [GAI-B] [Evolution] Targeting Chain 1 Layer 0 (Random)...
[GAI-B] No mutations possible or supported.
[GAI-B] Restoring Best Ever State (Score: -0.0975)
[GAI-B] Epoch 0: Val Loss 0.60286 | Temp 0.5000
[GAI-B] Epoch 500: Val Loss 0.17145 | Temp 0.4583
[GAI-B] Epoch 1000: Val Loss 0.14861 | Temp 0.4167
[GAI-B] Epoch 1500: Val Loss 0.14580 | Temp 0.3750
[GAI-B] Epoch 2000: Val Loss 0.14516 | Temp 0.3333

[GAI-B] --- Stagnation at Score -0.1451 ---
  [GAI-B] [Evolution] Targeting Chain 1 Layer 0 (Random)...
    [GAI-B] -> Mutating: TANH ===> SQUARE
  [GAI-B] [Result] 'SQUARE' REJECTED. Score: -0.6039 (Delta: -0.4586)
  [GAI-B] Instant Retry: Triggering evolution again...

[GAI-B] --- Stagnation at Score -0.1451 ---
  [GAI-B] [Evolution] Targeting Chain 1 Layer 0 (Random)...
    [GAI-B] -> Mutating: TANH ===> RELU
  [GAI-B] [Result] 'RELU' ACCEPTED. Score: -0.5667 (Delta: 0.0372)
[GAI-B] Epoch 2500: Val Loss 0.23924 | Temp 0.2917

[GAI-B] --- Stagnation at Score -0.1451 ---
  [GAI-B] [Evolution] Targeting Chain 1 Layer 0 (Random)...
    [GAI-B] -> Mutating: RELU ===> TANH
  [GAI-B] [Result] 'TANH' REJECTED. Score: -0.6224 (Delta: -0.3836)
  [GAI-B] Instant Retry: Triggering evolution again...

[GAI-B] --- Stagnation at Score -0.1451 ---
  [GAI-B] [Evolution] Targeting Chain 0 Layer 0 (Random)...
    [GAI-B] -> Mutating: RELU ===> SQUARE
  [GAI-B] [Result] 'SQUARE' ACCEPTED. Score: -0.3108 (Delta: 0.3116)

[GAI-B] --- Stagnation at Score -0.1451 ---
  [GAI-B] [Evolution] Targeting Chain 1 Layer 0 (Random)...
    [GAI-B] -> Mutating: RELU ===> GAUSSIAN
  [GAI-B] [Result] 'GAUSSIAN' REJECTED. Score: -0.6898 (Delta: -0.4969)
  [GAI-B] Instant Retry: Triggering evolution again...

[GAI-B] --- Stagnation at Score -0.1451 ---
  [GAI-B] [Evolution] Targeting Chain 0 Layer 0 (Random)...
    [GAI-B] -> Mutating: SQUARE ===> SIN
  [GAI-B] [Result] 'SIN' ACCEPTED. Score: -0.3217 (Delta: 0.3682)

[GAI-B] --- Stagnation at Score -0.1451 ---
  [GAI-B] [Evolution] Targeting Chain 1 Layer 0 (Random)...
    [GAI-B] -> Mutating: RELU ===> SIN
  [GAI-B] [Result] 'SIN' ACCEPTED (RISKY). Score: -0.4265 (Delta: -0.1384)
[GAI-B] Epoch 3000: Val Loss 0.31886 | Temp 0.2500

[GAI-B] --- Stagnation at Score -0.1451 ---
  [GAI-B] [Evolution] Targeting Chain 1 Layer 0 (Random)...
    [GAI-B] -> Mutating: SIN ===> IDENTITY
  [GAI-B] [Result] 'IDENTITY' REJECTED. Score: -0.3598 (Delta: -0.0435)
  [GAI-B] Instant Retry: Triggering evolution again...

[GAI-B] --- Stagnation at Score -0.1451 ---
  [GAI-B] [Evolution] Targeting Chain 1 Layer 0 (Random)...
    [GAI-B] -> Mutating: SIN ===> RELU
  [GAI-B] [Result] 'RELU' ACCEPTED (RISKY). Score: -0.3660 (Delta: -0.0063)

[GAI-B] --- Stagnation at Score -0.1451 ---
  [GAI-B] [Evolution] Targeting Chain 1 Layer 0 (Random)...
    [GAI-B] -> Mutating: RELU ===> SIN
  [GAI-B] [Result] 'SIN' REJECTED. Score: -0.3463 (Delta: -0.1101)
  [GAI-B] Instant Retry: Triggering evolution again...

[GAI-B] --- Stagnation at Score -0.1451 ---
  [GAI-B] [Evolution] Targeting Chain 0 Layer 0 (Random)...
    [GAI-B] -> Mutating: SIN ===> GAUSSIAN
  [GAI-B] [Result] 'GAUSSIAN' REJECTED. Score: -1.5413 (Delta: -1.1950)
  [GAI-B] Instant Retry: Triggering evolution again...

[GAI-B] --- Stagnation at Score -0.1451 ---
  [GAI-B] [Evolution] Targeting Chain 0 Layer 0 (Random)...
    [GAI-B] -> Mutating: SIN ===> TANH
  [GAI-B] [Result] 'TANH' ACCEPTED. Score: -0.6009 (Delta: 0.9403)

[GAI-B] --- Stagnation at Score -0.1451 ---
  [GAI-B] [Evolution] Targeting Chain 1 Layer 0 (Random)...
  [GAI-B] [Evolution] Targeting Chain 0 Layer 0 (Random)...
    [GAI-B] -> Mutating: TANH ===> SIN
  [GAI-B] [Result] 'SIN' ACCEPTED (RISKY). Score: -0.2398 (Delta: -0.0102)
[GAI-B] Epoch 3500: Val Loss 0.23477 | Temp 0.2083

[GAI-B] --- Stagnation at Score -0.1451 ---
  [GAI-B] [Evolution] Targeting Chain 1 Layer 0 (Random)...
  [GAI-B] [Evolution] Targeting Chain 0 Layer 0 (Random)...
    [GAI-B] -> Mutating: SIN ===> TANH
  [GAI-B] [Result] 'TANH' REJECTED. Score: -0.3916 (Delta: -0.1575)
  [GAI-B] Instant Retry: Triggering evolution again...

[GAI-B] --- Stagnation at Score -0.1451 ---
  [GAI-B] [Evolution] Targeting Chain 1 Layer 0 (Random)...
  [GAI-B] [Evolution] Targeting Chain 0 Layer 0 (Random)...
    [GAI-B] -> Mutating: SIN ===> RELU
  [GAI-B] [Result] 'RELU' ACCEPTED (RISKY). Score: -0.3945 (Delta: -0.0030)

[GAI-B] --- Stagnation at Score -0.1451 ---
  [GAI-B] [Evolution] Targeting Chain 1 Layer 0 (Random)...
  [GAI-B] [Evolution] Targeting Chain 0 Layer 0 (Random)...
    [GAI-B] -> Mutating: RELU ===> IDENTITY
  [GAI-B] [Result] 'IDENTITY' REJECTED. Score: -0.4139 (Delta: -0.1842)
  [GAI-B] Instant Retry: Triggering evolution again...

[GAI-B] --- Stagnation at Score -0.1451 ---
  [GAI-B] [Evolution] Targeting Chain 0 Layer 0 (Random)...
    [GAI-B] -> Mutating: RELU ===> SIN
  [GAI-B] [Result] 'SIN' ACCEPTED. Score: -0.2856 (Delta: 0.1283)

[GAI-B] --- Stagnation at Score -0.1451 ---
  [GAI-B] [Evolution] Targeting Chain 0 Layer 0 (Random)...
    [GAI-B] -> Mutating: SIN ===> SQUARE
  [GAI-B] [Result] 'SQUARE' REJECTED. Score: -0.7295 (Delta: -0.4976)
  [GAI-B] Instant Retry: Triggering evolution again...

[GAI-B] --- Stagnation at Score -0.1451 ---
  [GAI-B] [Evolution] Targeting Chain 1 Layer 0 (Random)...
  [GAI-B] [Evolution] Targeting Chain 0 Layer 0 (Random)...
    [GAI-B] -> Mutating: SIN ===> RELU
  [GAI-B] [Result] 'RELU' ACCEPTED. Score: -0.5453 (Delta: 0.1842)
[GAI-B] Epoch 4000: Val Loss 0.23379 | Temp 0.1667

[GAI-B] --- Stagnation at Score -0.1451 ---
  [GAI-B] [Evolution] Targeting Chain 0 Layer 0 (Random)...
    [GAI-B] -> Mutating: RELU ===> SIN
  [GAI-B] [Result] 'SIN' REJECTED. Score: -0.3394 (Delta: -0.1087)
  [GAI-B] Instant Retry: Triggering evolution again...

[GAI-B] --- Stagnation at Score -0.1451 ---
  [GAI-B] [Evolution] Targeting Chain 0 Layer 0 (Random)...
  [GAI-B] [Evolution] Targeting Chain 1 Layer 0 (Random)...
[GAI-B] No mutations possible or supported.
[GAI-B] Restoring Best Ever State (Score: -0.1451)
[GAI-B] Epoch 0: Val Loss 0.70634 | Temp 0.5000
[GAI-B] Epoch 500: Val Loss 0.12463 | Temp 0.4583
[GAI-B] Epoch 1000: Val Loss 0.11582 | Temp 0.4167
[GAI-B] Epoch 1500: Val Loss 0.11378 | Temp 0.3750
[GAI-B] Epoch 2000: Val Loss 0.11261 | Temp 0.3333
[GAI-B] Epoch 2500: Val Loss 0.11189 | Temp 0.2917
[GAI-B] Epoch 3000: Val Loss 0.11136 | Temp 0.2500
[GAI-B] Epoch 3500: Val Loss 0.11099 | Temp 0.2083
[GAI-B] Epoch 4000: Val Loss 0.11069 | Temp 0.1667
[GAI-B] Epoch 4500: Val Loss 0.11048 | Temp 0.1250

[GAI-B] --- Stagnation at Score -0.1103 ---
  [GAI-B] [Evolution] Targeting Chain 1 Layer 0 (Random)...
    [GAI-B] -> Mutating: TANH ===> GAUSSIAN
  [GAI-B] [Result] 'GAUSSIAN' REJECTED. Score: -32.3627 (Delta: -32.2524)
  [GAI-B] Instant Retry: Triggering evolution again...

[GAI-B] --- Stagnation at Score -0.1103 ---
  [GAI-B] [Evolution] Targeting Chain 1 Layer 0 (Random)...
    [GAI-B] -> Mutating: TANH ===> SIN
  [GAI-B] [Result] 'SIN' ACCEPTED. Score: -7.6537 (Delta: 24.7091)
[GAI-B] Epoch 5000: Val Loss 0.20777 | Temp 0.0833

[GAI-B] --- Stagnation at Score -0.1103 ---
  [GAI-B] [Evolution] Targeting Chain 0 Layer 0 (Random)...
    [GAI-B] -> Mutating: TANH ===> SQUARE
  [GAI-B] [Result] 'SQUARE' REJECTED. Score: -4.9883 (Delta: -4.7838)
  [GAI-B] Instant Retry: Triggering evolution again...

[GAI-B] --- Stagnation at Score -0.1103 ---
  [GAI-B] [Evolution] Targeting Chain 1 Layer 0 (Random)...
    [GAI-B] -> Mutating: SIN ===> RELU
  [GAI-B] [Result] 'RELU' REJECTED. Score: -6.3415 (Delta: -1.3533)
  [GAI-B] Instant Retry: Triggering evolution again...

[GAI-B] --- Stagnation at Score -0.1103 ---
  [GAI-B] [Evolution] Targeting Chain 0 Layer 0 (Random)...
    [GAI-B] -> Mutating: TANH ===> RELU
  [GAI-B] [Result] 'RELU' ACCEPTED. Score: -4.7842 (Delta: 1.5573)

[GAI-B] --- Stagnation at Score -0.1103 ---
  [GAI-B] [Evolution] Targeting Chain 0 Layer 0 (Random)...
    [GAI-B] -> Mutating: RELU ===> SIN
  [GAI-B] [Result] 'SIN' REJECTED. Score: -0.3817 (Delta: -0.1424)
  [GAI-B] Instant Retry: Triggering evolution again...

[GAI-B] --- Stagnation at Score -0.1103 ---
  [GAI-B] [Evolution] Targeting Chain 1 Layer 0 (Random)...
    [GAI-B] -> Mutating: SIN ===> SQUARE
  [GAI-B] [Result] 'SQUARE' REJECTED. Score: -0.5586 (Delta: -0.1769)
  [GAI-B] Instant Retry: Triggering evolution again...

[GAI-B] --- Stagnation at Score -0.1103 ---
  [GAI-B] [Evolution] Targeting Chain 0 Layer 0 (Random)...
    [GAI-B] -> Mutating: RELU ===> IDENTITY
  [GAI-B] [Result] 'IDENTITY' ACCEPTED. Score: -0.3725 (Delta: 0.1860)

[GAI-B] --- Stagnation at Score -0.1103 ---
  [GAI-B] [Evolution] Targeting Chain 0 Layer 0 (Random)...
    [GAI-B] -> Mutating: IDENTITY ===> TANH
  [GAI-B] [Result] 'TANH' REJECTED. Score: -0.6142 (Delta: -0.3536)
  [GAI-B] Instant Retry: Triggering evolution again...

[GAI-B] --- Stagnation at Score -0.1103 ---
  [GAI-B] [Evolution] Targeting Chain 1 Layer 0 (Random)...
    [GAI-B] -> Mutating: SIN ===> IDENTITY
  [GAI-B] [Result] 'IDENTITY' REJECTED. Score: -3.1610 (Delta: -2.5469)
  [GAI-B] Instant Retry: Triggering evolution again...

[GAI-B] --- Stagnation at Score -0.1103 ---
  [GAI-B] [Evolution] Targeting Chain 1 Layer 0 (Random)...
    [GAI-B] -> Mutating: SIN ===> TANH
  [GAI-B] [Result] 'TANH' ACCEPTED. Score: -2.7048 (Delta: 0.4562)
[GAI-B] Epoch 5500: Val Loss 0.31481 | Temp 0.0417

[GAI-B] --- Stagnation at Score -0.1103 ---
  [GAI-B] [Evolution] Targeting Chain 1 Layer 0 (Random)...
    [GAI-B] -> Mutating: TANH ===> SIN
  [GAI-B] [Result] 'SIN' ACCEPTED (RISKY). Score: -0.3322 (Delta: -0.0207)

[GAI-B] --- Stagnation at Score -0.1103 ---
  [GAI-B] [Evolution] Targeting Chain 0 Layer 0 (Random)...
    [GAI-B] -> Mutating: IDENTITY ===> GAUSSIAN
  [GAI-B] [Result] 'GAUSSIAN' REJECTED. Score: -6.4555 (Delta: -6.1327)
  [GAI-B] Instant Retry: Triggering evolution again...

[GAI-B] --- Stagnation at Score -0.1103 ---
  [GAI-B] [Evolution] Targeting Chain 0 Layer 0 (Random)...
    [GAI-B] -> Mutating: IDENTITY ===> RELU
  [GAI-B] [Result] 'RELU' ACCEPTED. Score: -0.3228 (Delta: 6.1327)

[GAI-B] --- Stagnation at Score -0.1103 ---
  [GAI-B] [Evolution] Targeting Chain 0 Layer 0 (Random)...
    [GAI-B] -> Mutating: RELU ===> IDENTITY
  [GAI-B] [Result] 'IDENTITY' REJECTED. Score: -0.3370 (Delta: -0.0595)
  [GAI-B] Instant Retry: Triggering evolution again...

[GAI-B] --- Stagnation at Score -0.1103 ---
  [GAI-B] [Evolution] Targeting Chain 0 Layer 0 (Random)...
  [GAI-B] [Evolution] Targeting Chain 1 Layer 0 (Random)...
    [GAI-B] -> Mutating: SIN ===> TANH
  [GAI-B] [Result] 'TANH' REJECTED. Score: -0.3775 (Delta: -0.0406)
  [GAI-B] Instant Retry: Triggering evolution again...

[GAI-B] --- Stagnation at Score -0.1103 ---
  [GAI-B] [Evolution] Targeting Chain 0 Layer 0 (Random)...
  [GAI-B] [Evolution] Targeting Chain 1 Layer 0 (Random)...
[GAI-B] No mutations possible or supported.
[GAI-B] Restoring Best Ever State (Score: -0.1103)
[GAI-B] Epoch 0: Val Loss 0.65159 | Temp 0.5000

[GAI-B] --- Stagnation at Score -0.2779 ---
  [GAI-B] [Evolution] Targeting Chain 1 Layer 0 (Random)...
    [GAI-B] -> Mutating: RELU ===> TANH
  [GAI-B] [Result] 'TANH' ACCEPTED. Score: -0.2718 (Delta: 0.0062)
[GAI-B] Epoch 500: Val Loss 0.16078 | Temp 0.4583
[GAI-B] Epoch 1000: Val Loss 0.13425 | Temp 0.4167

[GAI-B] --- Stagnation at Score -0.1338 ---
  [GAI-B] [Evolution] Targeting Chain 1 Layer 0 (Random)...
    [GAI-B] -> Mutating: TANH ===> RELU
  [GAI-B] [Result] 'RELU' REJECTED. Score: -3.7856 (Delta: -3.6517)
  [GAI-B] Instant Retry: Triggering evolution again...

[GAI-B] --- Stagnation at Score -0.1338 ---
  [GAI-B] [Evolution] Targeting Chain 0 Layer 0 (Random)...
    [GAI-B] -> Mutating: RELU ===> TANH
  [GAI-B] [Result] 'TANH' ACCEPTED. Score: -2.0463 (Delta: 1.7393)

[GAI-B] --- Stagnation at Score -0.1338 ---
  [GAI-B] [Evolution] Targeting Chain 1 Layer 0 (Random)...
    [GAI-B] -> Mutating: TANH ===> GAUSSIAN
  [GAI-B] [Result] 'GAUSSIAN' ACCEPTED (RISKY). Score: -0.3437 (Delta: -0.0301)
[GAI-B] Epoch 1500: Val Loss 0.29400 | Temp 0.3750

[GAI-B] --- Stagnation at Score -0.1338 ---
  [GAI-B] [Evolution] Targeting Chain 0 Layer 0 (Random)...
    [GAI-B] -> Mutating: TANH ===> RELU
  [GAI-B] [Result] 'RELU' ACCEPTED (RISKY). Score: -0.3577 (Delta: -0.1303)

[GAI-B] --- Stagnation at Score -0.1338 ---
  [GAI-B] [Evolution] Targeting Chain 1 Layer 0 (Random)...
    [GAI-B] -> Mutating: GAUSSIAN ===> TANH
  [GAI-B] [Result] 'TANH' REJECTED. Score: -3.5452 (Delta: -3.3618)
  [GAI-B] Instant Retry: Triggering evolution again...

[GAI-B] --- Stagnation at Score -0.1338 ---
  [GAI-B] [Evolution] Targeting Chain 0 Layer 0 (Random)...
    [GAI-B] -> Mutating: RELU ===> SQUARE
  [GAI-B] [Result] 'SQUARE' ACCEPTED. Score: -0.5353 (Delta: 3.0098)

[GAI-B] --- Stagnation at Score -0.1338 ---
  [GAI-B] [Evolution] Targeting Chain 1 Layer 0 (Random)...
    [GAI-B] -> Mutating: GAUSSIAN ===> IDENTITY
  [GAI-B] [Result] 'IDENTITY' REJECTED. Score: -3.0773 (Delta: -2.8451)
  [GAI-B] Instant Retry: Triggering evolution again...

[GAI-B] --- Stagnation at Score -0.1338 ---
  [GAI-B] [Evolution] Targeting Chain 0 Layer 0 (Random)...
    [GAI-B] -> Mutating: SQUARE ===> GAUSSIAN
  [GAI-B] [Result] 'GAUSSIAN' ACCEPTED (RISKY). Score: -3.1766 (Delta: -0.0993)
[GAI-B] Epoch 2000: Val Loss 2.84777 | Temp 0.3333

[GAI-B] --- Stagnation at Score -0.1338 ---
  [GAI-B] [Evolution] Targeting Chain 1 Layer 0 (Random)...
    [GAI-B] -> Mutating: GAUSSIAN ===> SIN
  [GAI-B] [Result] 'SIN' REJECTED. Score: -0.8591 (Delta: -0.6377)
  [GAI-B] Instant Retry: Triggering evolution again...

[GAI-B] --- Stagnation at Score -0.1338 ---
  [GAI-B] [Evolution] Targeting Chain 1 Layer 0 (Random)...
    [GAI-B] -> Mutating: GAUSSIAN ===> SQUARE
  [GAI-B] [Result] 'SQUARE' REJECTED. Score: -2.5674 (Delta: -1.7083)
  [GAI-B] Instant Retry: Triggering evolution again...

[GAI-B] --- Stagnation at Score -0.1338 ---
  [GAI-B] [Evolution] Targeting Chain 0 Layer 0 (Random)...
    [GAI-B] -> Mutating: GAUSSIAN ===> SQUARE
  [GAI-B] [Result] 'SQUARE' ACCEPTED. Score: -2.0886 (Delta: 0.4789)

[GAI-B] --- Stagnation at Score -0.1338 ---
  [GAI-B] [Evolution] Targeting Chain 0 Layer 0 (Random)...
    [GAI-B] -> Mutating: SQUARE ===> SIN
  [GAI-B] [Result] 'SIN' ACCEPTED (RISKY). Score: -0.2915 (Delta: -0.0576)

[GAI-B] --- Stagnation at Score -0.1338 ---
  [GAI-B] [Evolution] Targeting Chain 0 Layer 0 (Random)...
    [GAI-B] -> Mutating: SIN ===> IDENTITY
[GAI-B] Epoch 2500: Val Loss 0.50443 | Temp 0.2917
  [GAI-B] [Result] 'IDENTITY' REJECTED. Score: -0.3216 (Delta: -0.0931)
  [GAI-B] Instant Retry: Triggering evolution again...

[GAI-B] --- Stagnation at Score -0.1338 ---
  [GAI-B] [Evolution] Targeting Chain 1 Layer 0 (Random)...
  [GAI-B] [Evolution] Targeting Chain 0 Layer 0 (Random)...
    [GAI-B] -> Mutating: SIN ===> GAUSSIAN
  [GAI-B] [Result] 'GAUSSIAN' REJECTED. Score: -3.4497 (Delta: -3.1281)
  [GAI-B] Instant Retry: Triggering evolution again...

[GAI-B] --- Stagnation at Score -0.1338 ---
  [GAI-B] [Evolution] Targeting Chain 1 Layer 0 (Random)...
  [GAI-B] [Evolution] Targeting Chain 0 Layer 0 (Random)...
    [GAI-B] -> Mutating: SIN ===> SQUARE
  [GAI-B] [Result] 'SQUARE' ACCEPTED. Score: -0.5885 (Delta: 2.8613)

[GAI-B] --- Stagnation at Score -0.1338 ---
  [GAI-B] [Evolution] Targeting Chain 0 Layer 0 (Random)...
    [GAI-B] -> Mutating: SQUARE ===> TANH
  [GAI-B] [Result] 'TANH' REJECTED. Score: -0.3960 (Delta: -0.1639)
  [GAI-B] Instant Retry: Triggering evolution again...

[GAI-B] --- Stagnation at Score -0.1338 ---
  [GAI-B] [Evolution] Targeting Chain 0 Layer 0 (Random)...
    [GAI-B] -> Mutating: SQUARE ===> SIN
  [GAI-B] [Result] 'SIN' ACCEPTED. Score: -0.2932 (Delta: 0.1027)

[GAI-B] --- Stagnation at Score -0.1338 ---
  [GAI-B] [Evolution] Targeting Chain 0 Layer 0 (Random)...
    [GAI-B] -> Mutating: SIN ===> SQUARE
  [GAI-B] [Result] 'SQUARE' REJECTED. Score: -0.5379 (Delta: -0.3096)
  [GAI-B] Instant Retry: Triggering evolution again...

[GAI-B] --- Stagnation at Score -0.1338 ---
  [GAI-B] [Evolution] Targeting Chain 0 Layer 0 (Random)...
    [GAI-B] -> Mutating: SIN ===> RELU
  [GAI-B] [Result] 'RELU' ACCEPTED. Score: -0.3791 (Delta: 0.1587)
[GAI-B] Epoch 3000: Val Loss 0.18312 | Temp 0.2500

[GAI-B] --- Stagnation at Score -0.1338 ---
  [GAI-B] [Evolution] Targeting Chain 0 Layer 0 (Random)...
    [GAI-B] -> Mutating: RELU ===> SIN
  [GAI-B] [Result] 'SIN' REJECTED. Score: -0.2789 (Delta: -0.0955)
  [GAI-B] Instant Retry: Triggering evolution again...

[GAI-B] --- Stagnation at Score -0.1338 ---
  [GAI-B] [Evolution] Targeting Chain 0 Layer 0 (Random)...
  [GAI-B] [Evolution] Targeting Chain 1 Layer 0 (Random)...
[GAI-B] No mutations possible or supported.
[GAI-B] Restoring Best Ever State (Score: -0.1338)
[GAI-B] Epoch 0: Val Loss 1.65944 | Temp 0.5000
[GAI-B] Epoch 500: Val Loss 0.19010 | Temp 0.4583
[GAI-B] Epoch 1000: Val Loss 0.18730 | Temp 0.4167
[GAI-B] Epoch 1500: Val Loss 0.18602 | Temp 0.3750
[GAI-B] Epoch 2000: Val Loss 0.18527 | Temp 0.3333
[GAI-B] Epoch 2500: Val Loss 0.18476 | Temp 0.2917
[GAI-B] Epoch 3000: Val Loss 0.18441 | Temp 0.2500
[GAI-B] Epoch 3500: Val Loss 0.18412 | Temp 0.2083
[GAI-B] Epoch 4000: Val Loss 0.18388 | Temp 0.1667
[GAI-B] Epoch 4500: Val Loss 0.18371 | Temp 0.1250
[GAI-B] Epoch 5000: Val Loss 0.18350 | Temp 0.0833
[GAI-B] Epoch 5500: Val Loss 0.18340 | Temp 0.0417

[GAI-B] --- Stagnation at Score -0.1832 ---
  [GAI-B] [Evolution] Targeting Chain 1 Layer 0 (Random)...
    [GAI-B] -> Mutating: SIN ===> RELU
  [GAI-B] [Result] 'RELU' REJECTED. Score: -0.3763 (Delta: -0.1929)
  [GAI-B] Instant Retry: Triggering evolution again...

[GAI-B] --- Stagnation at Score -0.1832 ---
  [GAI-B] [Evolution] Targeting Chain 0 Layer 0 (Random)...
    [GAI-B] -> Mutating: RELU ===> SQUARE
  [GAI-B] [Result] 'SQUARE' REJECTED. Score: -0.5905 (Delta: -0.2142)
  [GAI-B] Instant Retry: Triggering evolution again...

[GAI-B] --- Stagnation at Score -0.1832 ---
  [GAI-B] [Evolution] Targeting Chain 1 Layer 0 (Random)...
    [GAI-B] -> Mutating: SIN ===> GAUSSIAN
  [GAI-B] [Result] 'GAUSSIAN' ACCEPTED. Score: -0.2896 (Delta: 0.3009)

[GAI-B] --- Stagnation at Score -0.1832 ---
  [GAI-B] [Evolution] Targeting Chain 0 Layer 0 (Random)...
    [GAI-B] -> Mutating: RELU ===> SIN
  [GAI-B] [Result] 'SIN' REJECTED. Score: -0.2970 (Delta: -0.1074)
  [GAI-B] Instant Retry: Triggering evolution again...

[GAI-B] --- Stagnation at Score -0.1832 ---
  [GAI-B] [Evolution] Targeting Chain 1 Layer 0 (Random)...
    [GAI-B] -> Mutating: GAUSSIAN ===> SIN
  [GAI-B] [Result] 'SIN' ACCEPTED. Score: -0.2809 (Delta: 0.0161)
[GAI-B] Restoring Best Ever State (Score: -0.1832)
[GAI-B] Epoch 0: Val Loss 0.74096 | Temp 0.5000

[GAI-B] --- Stagnation at Score -0.0002 ---
  [GAI-B] [Evolution] Targeting Chain 0 Layer 0 (Random)...
    [GAI-B] -> Mutating: SIN ===> RELU
  [GAI-B] [Result] 'RELU' REJECTED. Score: -0.5166 (Delta: -0.5163)
  [GAI-B] Instant Retry: Triggering evolution again...

[GAI-B] --- Stagnation at Score -0.0002 ---
  [GAI-B] [Evolution] Targeting Chain 1 Layer 0 (Random)...
    [GAI-B] -> Mutating: SIN ===> SQUARE
  [GAI-B] [Result] 'SQUARE' ACCEPTED. Score: -0.3747 (Delta: 0.1418)
[GAI-B] Epoch 500: Val Loss 0.16630 | Temp 0.4583

[GAI-B] --- Stagnation at Score -0.0002 ---
  [GAI-B] [Evolution] Targeting Chain 1 Layer 0 (Random)...
    [GAI-B] -> Mutating: SQUARE ===> GAUSSIAN
  [GAI-B] [Result] 'GAUSSIAN' REJECTED. Score: -0.3935 (Delta: -0.3883)
  [GAI-B] Instant Retry: Triggering evolution again...

[GAI-B] --- Stagnation at Score -0.0002 ---
  [GAI-B] [Evolution] Targeting Chain 1 Layer 0 (Random)...
    [GAI-B] -> Mutating: SQUARE ===> SIN
  [GAI-B] [Result] 'SIN' ACCEPTED. Score: -0.1068 (Delta: 0.2867)

[GAI-B] --- Stagnation at Score -0.0002 ---
  [GAI-B] [Evolution] Targeting Chain 0 Layer 0 (Random)...
    [GAI-B] -> Mutating: SIN ===> IDENTITY
  [GAI-B] [Result] 'IDENTITY' ACCEPTED (RISKY). Score: -0.3964 (Delta: -0.3011)

[GAI-B] --- Stagnation at Score -0.0002 ---
  [GAI-B] [Evolution] Targeting Chain 1 Layer 0 (Random)...
    [GAI-B] -> Mutating: SIN ===> RELU
  [GAI-B] [Result] 'RELU' ACCEPTED (RISKY). Score: -0.5145 (Delta: -0.2263)
[GAI-B] Epoch 1000: Val Loss 0.30723 | Temp 0.4167

[GAI-B] --- Stagnation at Score -0.0002 ---
  [GAI-B] [Evolution] Targeting Chain 1 Layer 0 (Random)...
    [GAI-B] -> Mutating: RELU ===> TANH
  [GAI-B] [Result] 'TANH' ACCEPTED (RISKY). Score: -0.5306 (Delta: -0.2893)

[GAI-B] --- Stagnation at Score -0.0002 ---
  [GAI-B] [Evolution] Targeting Chain 0 Layer 0 (Random)...
    [GAI-B] -> Mutating: IDENTITY ===> SIN
  [GAI-B] [Result] 'SIN' ACCEPTED (RISKY). Score: -0.3350 (Delta: -0.0050)

[GAI-B] --- Stagnation at Score -0.0002 ---
  [GAI-B] [Evolution] Targeting Chain 1 Layer 0 (Random)...
    [GAI-B] -> Mutating: TANH ===> RELU
  [GAI-B] [Result] 'RELU' ACCEPTED. Score: -0.3085 (Delta: 0.0166)
[GAI-B] Epoch 1500: Val Loss 0.26697 | Temp 0.3750

[GAI-B] --- Stagnation at Score -0.0002 ---
  [GAI-B] [Evolution] Targeting Chain 0 Layer 0 (Random)...
    [GAI-B] -> Mutating: SIN ===> IDENTITY
  [GAI-B] [Result] 'IDENTITY' ACCEPTED (RISKY). Score: -0.4644 (Delta: -0.2292)

[GAI-B] --- Stagnation at Score -0.0002 ---
  [GAI-B] [Evolution] Targeting Chain 1 Layer 0 (Random)...
    [GAI-B] -> Mutating: RELU ===> SIN
  [GAI-B] [Result] 'SIN' REJECTED. Score: -0.3748 (Delta: -0.1353)
  [GAI-B] Instant Retry: Triggering evolution again...

[GAI-B] --- Stagnation at Score -0.0002 ---
  [GAI-B] [Evolution] Targeting Chain 1 Layer 0 (Random)...
    [GAI-B] -> Mutating: RELU ===> IDENTITY
  [GAI-B] [Result] 'IDENTITY' ACCEPTED (RISKY). Score: -0.4137 (Delta: -0.0389)

[GAI-B] --- Stagnation at Score -0.0002 ---
  [GAI-B] [Evolution] Targeting Chain 1 Layer 0 (Random)...
    [GAI-B] -> Mutating: IDENTITY ===> TANH
  [GAI-B] [Result] 'TANH' ACCEPTED (RISKY). Score: -0.3435 (Delta: -0.0156)
[GAI-B] Epoch 2000: Val Loss 0.32853 | Temp 0.3333

[GAI-B] --- Stagnation at Score -0.0002 ---
  [GAI-B] [Evolution] Targeting Chain 1 Layer 0 (Random)...
    [GAI-B] -> Mutating: TANH ===> IDENTITY
  [GAI-B] [Result] 'IDENTITY' REJECTED. Score: -1.2852 (Delta: -1.1081)
  [GAI-B] Instant Retry: Triggering evolution again...

[GAI-B] --- Stagnation at Score -0.0002 ---
  [GAI-B] [Evolution] Targeting Chain 1 Layer 0 (Random)...
    [GAI-B] -> Mutating: TANH ===> SQUARE
  [GAI-B] [Result] 'SQUARE' ACCEPTED (RISKY). Score: -1.4453 (Delta: -0.1601)

[GAI-B] --- Stagnation at Score -0.0002 ---
  [GAI-B] [Evolution] Targeting Chain 0 Layer 0 (Random)...
    [GAI-B] -> Mutating: IDENTITY ===> TANH
  [GAI-B] [Result] 'TANH' ACCEPTED (RISKY). Score: -0.4528 (Delta: -0.1091)

[GAI-B] --- Stagnation at Score -0.0002 ---
  [GAI-B] [Evolution] Targeting Chain 1 Layer 0 (Random)...
    [GAI-B] -> Mutating: SQUARE ===> TANH
  [GAI-B] [Result] 'TANH' ACCEPTED (RISKY). Score: -0.4686 (Delta: -0.1608)
[GAI-B] Epoch 2500: Val Loss 0.31338 | Temp 0.2917

[GAI-B] --- Stagnation at Score -0.0002 ---
  [GAI-B] [Evolution] Targeting Chain 0 Layer 0 (Random)...
    [GAI-B] -> Mutating: TANH ===> GAUSSIAN
  [GAI-B] [Result] 'GAUSSIAN' REJECTED. Score: -1.3928 (Delta: -1.1283)
  [GAI-B] Instant Retry: Triggering evolution again...

[GAI-B] --- Stagnation at Score -0.0002 ---
  [GAI-B] [Evolution] Targeting Chain 0 Layer 0 (Random)...
    [GAI-B] -> Mutating: TANH ===> IDENTITY
  [GAI-B] [Result] 'IDENTITY' ACCEPTED. Score: -0.5908 (Delta: 0.8020)

[GAI-B] --- Stagnation at Score -0.0002 ---
  [GAI-B] [Evolution] Targeting Chain 0 Layer 0 (Random)...
    [GAI-B] -> Mutating: IDENTITY ===> SQUARE
  [GAI-B] [Result] 'SQUARE' ACCEPTED (RISKY). Score: -0.3748 (Delta: -0.0475)

[GAI-B] --- Stagnation at Score -0.0002 ---
  [GAI-B] [Evolution] Targeting Chain 0 Layer 0 (Random)...
    [GAI-B] -> Mutating: SQUARE ===> TANH
  [GAI-B] [Result] 'TANH' ACCEPTED (RISKY). Score: -0.3028 (Delta: -0.0911)
[GAI-B] Epoch 3000: Val Loss 0.22205 | Temp 0.2500

[GAI-B] --- Stagnation at Score -0.0002 ---
  [GAI-B] [Evolution] Targeting Chain 0 Layer 0 (Random)...
    [GAI-B] -> Mutating: TANH ===> SIN
  [GAI-B] [Result] 'SIN' REJECTED. Score: -1.1862 (Delta: -1.0593)
  [GAI-B] Instant Retry: Triggering evolution again...

[GAI-B] --- Stagnation at Score -0.0002 ---
  [GAI-B] [Evolution] Targeting Chain 1 Layer 0 (Random)...
    [GAI-B] -> Mutating: TANH ===> SQUARE
  [GAI-B] [Result] 'SQUARE' REJECTED. Score: -3.7738 (Delta: -2.5876)
  [GAI-B] Instant Retry: Triggering evolution again...

[GAI-B] --- Stagnation at Score -0.0002 ---
  [GAI-B] [Evolution] Targeting Chain 1 Layer 0 (Random)...
    [GAI-B] -> Mutating: TANH ===> RELU
  [GAI-B] [Result] 'RELU' ACCEPTED. Score: -3.7501 (Delta: 0.0238)

[GAI-B] --- Stagnation at Score -0.0002 ---
  [GAI-B] [Evolution] Targeting Chain 0 Layer 0 (Random)...
    [GAI-B] -> Mutating: TANH ===> IDENTITY
  [GAI-B] [Result] 'IDENTITY' ACCEPTED (RISKY). Score: -0.3032 (Delta: -0.0121)

[GAI-B] --- Stagnation at Score -0.0002 ---
  [GAI-B] [Evolution] Targeting Chain 0 Layer 0 (Random)...
    [GAI-B] -> Mutating: IDENTITY ===> TANH
  [GAI-B] [Result] 'TANH' ACCEPTED (RISKY). Score: -0.2966 (Delta: -0.0110)
[GAI-B] Epoch 3500: Val Loss 0.29006 | Temp 0.2083

[GAI-B] --- Stagnation at Score -0.0002 ---
  [GAI-B] [Evolution] Targeting Chain 1 Layer 0 (Random)...
    [GAI-B] -> Mutating: RELU ===> TANH
  [GAI-B] [Result] 'TANH' REJECTED. Score: -0.9080 (Delta: -0.6195)
  [GAI-B] Instant Retry: Triggering evolution again...

[GAI-B] --- Stagnation at Score -0.0002 ---
  [GAI-B] [Evolution] Targeting Chain 1 Layer 0 (Random)...
  [GAI-B] [Evolution] Targeting Chain 0 Layer 0 (Random)...
    [GAI-B] -> Mutating: TANH ===> IDENTITY
  [GAI-B] [Result] 'IDENTITY' ACCEPTED. Score: -0.2954 (Delta: 0.6125)

[GAI-B] --- Stagnation at Score -0.0002 ---
  [GAI-B] [Evolution] Targeting Chain 1 Layer 0 (Random)...
  [GAI-B] [Evolution] Targeting Chain 0 Layer 0 (Random)...
    [GAI-B] -> Mutating: IDENTITY ===> SQUARE
  [GAI-B] [Result] 'SQUARE' REJECTED. Score: -0.3293 (Delta: -0.0446)
  [GAI-B] Instant Retry: Triggering evolution again...

[GAI-B] --- Stagnation at Score -0.0002 ---
  [GAI-B] [Evolution] Targeting Chain 0 Layer 0 (Random)...
    [GAI-B] -> Mutating: IDENTITY ===> TANH
  [GAI-B] [Result] 'TANH' ACCEPTED. Score: -0.3114 (Delta: 0.0178)

[GAI-B] --- Stagnation at Score -0.0002 ---
  [GAI-B] [Evolution] Targeting Chain 0 Layer 0 (Random)...
    [GAI-B] -> Mutating: TANH ===> IDENTITY
  [GAI-B] [Result] 'IDENTITY' ACCEPTED (RISKY). Score: -0.2942 (Delta: -0.0058)
[GAI-B] Epoch 4000: Val Loss 0.28991 | Temp 0.1667

[GAI-B] --- Stagnation at Score -0.0002 ---
  [GAI-B] [Evolution] Targeting Chain 1 Layer 0 (Random)...
  [GAI-B] [Evolution] Targeting Chain 0 Layer 0 (Random)...
    [GAI-B] -> Mutating: IDENTITY ===> TANH
  [GAI-B] [Result] 'TANH' REJECTED. Score: -0.3456 (Delta: -0.0625)
  [GAI-B] Instant Retry: Triggering evolution again...

[GAI-B] --- Stagnation at Score -0.0002 ---
  [GAI-B] [Evolution] Targeting Chain 1 Layer 0 (Random)...
  [GAI-B] [Evolution] Targeting Chain 0 Layer 0 (Random)...
[GAI-B] No mutations possible or supported.
[GAI-B] Restoring Best Ever State (Score: -0.0002)
[GAI-B] Epoch 0: Val Loss 1.06195 | Temp 0.5000
[GAI-B] Epoch 500: Val Loss 0.12176 | Temp 0.4583
[GAI-B] Epoch 1000: Val Loss 0.10248 | Temp 0.4167
[GAI-B] Epoch 1500: Val Loss 0.09764 | Temp 0.3750
[GAI-B] Epoch 2000: Val Loss 0.09584 | Temp 0.3333
[GAI-B] Epoch 2500: Val Loss 0.09506 | Temp 0.2917
[GAI-B] Epoch 3000: Val Loss 0.09468 | Temp 0.2500
[GAI-B] Epoch 3500: Val Loss 0.09450 | Temp 0.2083
[GAI-B] Epoch 4000: Val Loss 0.09442 | Temp 0.1667
[GAI-B] Epoch 4500: Val Loss 0.09439 | Temp 0.1250
[GAI-B] Epoch 5000: Val Loss 0.09438 | Temp 0.0833
[GAI-B] Epoch 5500: Val Loss 0.09438 | Temp 0.0417

[GAI-B] --- Stagnation at Score -0.0944 ---
  [GAI-B] [Evolution] Targeting Chain 1 Layer 0 (Random)...
    [GAI-B] -> Mutating: GAUSSIAN ===> SQUARE
  [GAI-B] [Result] 'SQUARE' REJECTED. Score: -0.2570 (Delta: -0.1627)
  [GAI-B] Instant Retry: Triggering evolution again...

[GAI-B] --- Stagnation at Score -0.0944 ---
  [GAI-B] [Evolution] Targeting Chain 1 Layer 0 (Random)...
    [GAI-B] -> Mutating: GAUSSIAN ===> IDENTITY
  [GAI-B] [Result] 'IDENTITY' ACCEPTED. Score: -0.2161 (Delta: 0.0409)
[GAI-B] Restoring Best Ever State (Score: -0.0944)
[GAI-B] Epoch 0: Val Loss 0.65122 | Temp 0.5000
[GAI-B] Epoch 500: Val Loss 0.05340 | Temp 0.4583
[GAI-B] Epoch 1000: Val Loss 0.05326 | Temp 0.4167

[GAI-B] --- Stagnation at Score -0.0533 ---
  [GAI-B] [Evolution] Targeting Chain 0 Layer 0 (Random)...
    [GAI-B] -> Mutating: SIN ===> IDENTITY
  [GAI-B] [Result] 'IDENTITY' REJECTED. Score: -0.4785 (Delta: -0.4253)
  [GAI-B] Instant Retry: Triggering evolution again...

[GAI-B] --- Stagnation at Score -0.0533 ---
  [GAI-B] [Evolution] Targeting Chain 1 Layer 0 (Random)...
    [GAI-B] -> Mutating: RELU ===> GAUSSIAN
  [GAI-B] [Result] 'GAUSSIAN' REJECTED. Score: -0.6117 (Delta: -0.1332)
  [GAI-B] Instant Retry: Triggering evolution again...

[GAI-B] --- Stagnation at Score -0.0533 ---
  [GAI-B] [Evolution] Targeting Chain 1 Layer 0 (Random)...
    [GAI-B] -> Mutating: RELU ===> SQUARE
  [GAI-B] [Result] 'SQUARE' ACCEPTED. Score: -0.0915 (Delta: 0.5202)
[GAI-B] Epoch 1500: Val Loss 0.00000 | Temp 0.3750

[GAI-B] --- Stagnation at Score -0.0000 ---
  [GAI-B] [Evolution] Targeting Chain 1 Layer 0 (Random)...
    [GAI-B] -> Mutating: SQUARE ===> RELU
  [GAI-B] [Result] 'RELU' ACCEPTED (RISKY). Score: -0.1188 (Delta: -0.1188)

[GAI-B] --- Stagnation at Score -0.0000 ---
  [GAI-B] [Evolution] Targeting Chain 0 Layer 0 (Random)...
    [GAI-B] -> Mutating: SIN ===> TANH
  [GAI-B] [Result] 'TANH' ACCEPTED (RISKY). Score: -0.3795 (Delta: -0.2844)

[GAI-B] --- Stagnation at Score -0.0000 ---
  [GAI-B] [Evolution] Targeting Chain 1 Layer 0 (Random)...
    [GAI-B] -> Mutating: RELU ===> TANH
  [GAI-B] [Result] 'TANH' ACCEPTED (RISKY). Score: -0.3856 (Delta: -0.0845)
[GAI-B] Epoch 2000: Val Loss 0.32425 | Temp 0.3333

[GAI-B] --- Stagnation at Score -0.0000 ---
  [GAI-B] [Evolution] Targeting Chain 1 Layer 0 (Random)...
    [GAI-B] -> Mutating: TANH ===> RELU
  [GAI-B] [Result] 'RELU' ACCEPTED (RISKY). Score: -0.3272 (Delta: -0.0038)

[GAI-B] --- Stagnation at Score -0.0000 ---
  [GAI-B] [Evolution] Targeting Chain 1 Layer 0 (Random)...
    [GAI-B] -> Mutating: RELU ===> TANH
  [GAI-B] [Result] 'TANH' ACCEPTED (RISKY). Score: -0.3269 (Delta: -0.0221)

[GAI-B] --- Stagnation at Score -0.0000 ---
  [GAI-B] [Evolution] Targeting Chain 1 Layer 0 (Random)...
    [GAI-B] -> Mutating: TANH ===> IDENTITY
  [GAI-B] [Result] 'IDENTITY' ACCEPTED (RISKY). Score: -0.2928 (Delta: -0.0169)
[GAI-B] Epoch 2500: Val Loss 0.19928 | Temp 0.2917

[GAI-B] --- Stagnation at Score -0.0000 ---
  [GAI-B] [Evolution] Targeting Chain 1 Layer 0 (Random)...
    [GAI-B] -> Mutating: IDENTITY ===> SQUARE
  [GAI-B] [Result] 'SQUARE' REJECTED. Score: -1.4785 (Delta: -1.3742)
  [GAI-B] Instant Retry: Triggering evolution again...

[GAI-B] --- Stagnation at Score -0.0000 ---
  [GAI-B] [Evolution] Targeting Chain 1 Layer 0 (Random)...
    [GAI-B] -> Mutating: IDENTITY ===> TANH
  [GAI-B] [Result] 'TANH' ACCEPTED. Score: -1.2813 (Delta: 0.1972)

[GAI-B] --- Stagnation at Score -0.0000 ---
  [GAI-B] [Evolution] Targeting Chain 0 Layer 0 (Random)...
    [GAI-B] -> Mutating: TANH ===> RELU
  [GAI-B] [Result] 'RELU' REJECTED. Score: -1.2904 (Delta: -1.1017)
  [GAI-B] Instant Retry: Triggering evolution again...

[GAI-B] --- Stagnation at Score -0.0000 ---
  [GAI-B] [Evolution] Targeting Chain 1 Layer 0 (Random)...
    [GAI-B] -> Mutating: TANH ===> RELU
  [GAI-B] [Result] 'RELU' ACCEPTED. Score: -0.5201 (Delta: 0.7703)

[GAI-B] --- Stagnation at Score -0.0000 ---
  [GAI-B] [Evolution] Targeting Chain 1 Layer 0 (Random)...
    [GAI-B] -> Mutating: RELU ===> TANH
  [GAI-B] [Result] 'TANH' REJECTED. Score: -0.4823 (Delta: -0.2987)
  [GAI-B] Instant Retry: Triggering evolution again...

[GAI-B] --- Stagnation at Score -0.0000 ---
  [GAI-B] [Evolution] Targeting Chain 1 Layer 0 (Random)...
    [GAI-B] -> Mutating: RELU ===> IDENTITY
  [GAI-B] [Result] 'IDENTITY' ACCEPTED (RISKY). Score: -0.5029 (Delta: -0.0206)
[GAI-B] Epoch 3000: Val Loss 0.20679 | Temp 0.2500

[GAI-B] --- Stagnation at Score -0.0000 ---
  [GAI-B] [Evolution] Targeting Chain 0 Layer 0 (Random)...
    [GAI-B] -> Mutating: TANH ===> SIN
  [GAI-B] [Result] 'SIN' REJECTED. Score: -0.9006 (Delta: -0.7542)
  [GAI-B] Instant Retry: Triggering evolution again...

[GAI-B] --- Stagnation at Score -0.0000 ---
  [GAI-B] [Evolution] Targeting Chain 0 Layer 0 (Random)...
    [GAI-B] -> Mutating: TANH ===> SQUARE
  [GAI-B] [Result] 'SQUARE' REJECTED. Score: -1.1987 (Delta: -0.2982)
  [GAI-B] Instant Retry: Triggering evolution again...

[GAI-B] --- Stagnation at Score -0.0000 ---
  [GAI-B] [Evolution] Targeting Chain 1 Layer 0 (Random)...
    [GAI-B] -> Mutating: IDENTITY ===> RELU
  [GAI-B] [Result] 'RELU' ACCEPTED. Score: -0.3200 (Delta: 0.8787)

[GAI-B] --- Stagnation at Score -0.0000 ---
  [GAI-B] [Evolution] Targeting Chain 1 Layer 0 (Random)...
    [GAI-B] -> Mutating: RELU ===> SIN
  [GAI-B] [Result] 'SIN' ACCEPTED (RISKY). Score: -0.1782 (Delta: -0.0228)

[GAI-B] --- Stagnation at Score -0.0000 ---
  [GAI-B] [Evolution] Targeting Chain 0 Layer 0 (Random)...
    [GAI-B] -> Mutating: TANH ===> GAUSSIAN
  [GAI-B] [Result] 'GAUSSIAN' REJECTED. Score: -1.7123 (Delta: -1.5899)
  [GAI-B] Instant Retry: Triggering evolution again...

[GAI-B] --- Stagnation at Score -0.0000 ---
  [GAI-B] [Evolution] Targeting Chain 1 Layer 0 (Random)...
    [GAI-B] -> Mutating: SIN ===> IDENTITY
  [GAI-B] [Result] 'IDENTITY' ACCEPTED. Score: -0.3829 (Delta: 1.3294)
[GAI-B] Epoch 3500: Val Loss 0.15505 | Temp 0.2083

[GAI-B] --- Stagnation at Score -0.0000 ---
  [GAI-B] [Evolution] Targeting Chain 0 Layer 0 (Random)...
  [GAI-B] [Evolution] Targeting Chain 1 Layer 0 (Random)...
    [GAI-B] -> Mutating: IDENTITY ===> RELU
  [GAI-B] [Result] 'RELU' REJECTED. Score: -0.1989 (Delta: -0.0629)
  [GAI-B] Instant Retry: Triggering evolution again...

[GAI-B] --- Stagnation at Score -0.0000 ---
  [GAI-B] [Evolution] Targeting Chain 1 Layer 0 (Random)...
    [GAI-B] -> Mutating: IDENTITY ===> SIN
  [GAI-B] [Result] 'SIN' ACCEPTED. Score: -0.1528 (Delta: 0.0462)

[GAI-B] --- Stagnation at Score -0.0000 ---
  [GAI-B] [Evolution] Targeting Chain 0 Layer 0 (Random)...
  [GAI-B] [Evolution] Targeting Chain 1 Layer 0 (Random)...
    [GAI-B] -> Mutating: SIN ===> IDENTITY
  [GAI-B] [Result] 'IDENTITY' REJECTED. Score: -0.3684 (Delta: -0.2468)
  [GAI-B] Instant Retry: Triggering evolution again...

[GAI-B] --- Stagnation at Score -0.0000 ---
  [GAI-B] [Evolution] Targeting Chain 1 Layer 0 (Random)...
  [GAI-B] [Evolution] Targeting Chain 0 Layer 0 (Random)...
[GAI-B] No mutations possible or supported.
[GAI-B] Restoring Best Ever State (Score: -0.0000)
GAI-B      legacy     6000    1/8       9.175e-02    3.745e-11  square,gaussian; relu,tanh; tanh,tanh
[GAI-B] Epoch 0: Val Loss 1.61939 | Temp 0.5000
[GAI-B] Epoch 500: Val Loss 0.14363 | Temp 0.3750

[GAI-B] --- Stagnation at Score -0.1425 ---
  [GAI-B] [Evolution] Targeting Chain 0 Layer 0 (Random)...
    [GAI-B] -> Mutating: GAUSSIAN ===> SQUARE
  [GAI-B] [Result] 'SQUARE' ACCEPTED (RISKY). Score: -0.1426 (Delta: 0.0000)
[GAI-B] Epoch 1000: Val Loss 0.31138 | Temp 0.2500

[GAI-B] --- Stagnation at Score -0.1425 ---
  [GAI-B] [Evolution] Targeting Chain 0 Layer 0 (Random)...
    [GAI-B] -> Mutating: SQUARE ===> SIN
  [GAI-B] [Result] 'SIN' ACCEPTED. Score: -0.2037 (Delta: 0.0054)
[GAI-B] Epoch 1500: Val Loss 0.09465 | Temp 0.1250

[GAI-B] --- Stagnation at Score -0.0946 ---
  [GAI-B] [Evolution] Targeting Chain 0 Layer 0 (Random)...
    [GAI-B] -> Mutating: SIN ===> SQUARE
  [GAI-B] [Result] 'SQUARE' ACCEPTED (RISKY). Score: -0.0947 (Delta: 0.0000)

[GAI-B] --- Stagnation at Score -0.0946 ---
  [GAI-B] [Evolution] Targeting Chain 1 Layer 0 (Random)...
    [GAI-B] -> Mutating: GAUSSIAN ===> TANH
  [GAI-B] [Result] 'TANH' ACCEPTED. Score: -0.1647 (Delta: 0.0001)

[GAI-B] --- Stagnation at Score -0.0946 ---
  [GAI-B] [Evolution] Targeting Chain 1 Layer 0 (Random)...
    [GAI-B] -> Mutating: TANH ===> RELU
  [GAI-B] [Result] 'RELU' ACCEPTED. Score: -0.1966 (Delta: 0.0001)
[GAI-B] Restoring Best Ever State (Score: -0.0946)
[GAI-B] Epoch 0: Val Loss 0.60286 | Temp 0.5000
[GAI-B] Epoch 500: Val Loss 0.17145 | Temp 0.3750
[GAI-B] Epoch 1000: Val Loss 0.14861 | Temp 0.2500
[GAI-B] Epoch 1500: Val Loss 0.14580 | Temp 0.1250
[GAI-B] Restoring Best Ever State (Score: -0.1452)
[GAI-B] Epoch 0: Val Loss 0.70634 | Temp 0.5000
[GAI-B] Epoch 500: Val Loss 0.12463 | Temp 0.3750
[GAI-B] Epoch 1000: Val Loss 0.11582 | Temp 0.2500
[GAI-B] Epoch 1500: Val Loss 0.11378 | Temp 0.1250
[GAI-B] Restoring Best Ever State (Score: -0.1126)
[GAI-B] Epoch 0: Val Loss 0.65159 | Temp 0.5000

[GAI-B] --- Stagnation at Score -0.2779 ---
  [GAI-B] [Evolution] Targeting Chain 1 Layer 0 (Random)...
    [GAI-B] -> Mutating: RELU ===> TANH
  [GAI-B] [Result] 'TANH' ACCEPTED (RISKY). Score: -0.2780 (Delta: 0.0000)

[GAI-B] --- Stagnation at Score -0.2743 ---
  [GAI-B] [Evolution] Targeting Chain 0 Layer 0 (Random)...
    [GAI-B] -> Mutating: RELU ===> TANH
[GAI-B] Epoch 500: Val Loss 0.27526 | Temp 0.3750
  [GAI-B] [Result] 'TANH' ACCEPTED. Score: -0.2745 (Delta: 0.0000)
[GAI-B] Epoch 1000: Val Loss 0.11859 | Temp 0.2500
[GAI-B] Epoch 1500: Val Loss 0.11499 | Temp 0.1250
[GAI-B] Restoring Best Ever State (Score: -0.1134)
[GAI-B] Epoch 0: Val Loss 1.65944 | Temp 0.5000
[GAI-B] Epoch 500: Val Loss 0.19010 | Temp 0.3750
[GAI-B] Epoch 1000: Val Loss 0.18730 | Temp 0.2500
[GAI-B] Epoch 1500: Val Loss 0.18602 | Temp 0.1250
[GAI-B] Restoring Best Ever State (Score: -0.1853)
[GAI-B] Epoch 0: Val Loss 0.74096 | Temp 0.5000

[GAI-B] --- Stagnation at Score -0.0002 ---
  [GAI-B] [Evolution] Targeting Chain 0 Layer 0 (Random)...
    [GAI-B] -> Mutating: SIN ===> RELU
  [GAI-B] [Result] 'RELU' ACCEPTED. Score: -0.0002 (Delta: 0.0000)
[GAI-B] Epoch 500: Val Loss 0.19537 | Temp 0.3750

[GAI-B] --- Stagnation at Score -0.0002 ---
  [GAI-B] [Evolution] Targeting Chain 1 Layer 0 (Random)...
    [GAI-B] -> Mutating: SIN ===> SQUARE
  [GAI-B] [Result] 'SQUARE' ACCEPTED. Score: -0.1945 (Delta: 0.0000)

[GAI-B] --- Stagnation at Score -0.0002 ---
  [GAI-B] [Evolution] Targeting Chain 1 Layer 0 (Random)...
    [GAI-B] -> Mutating: SQUARE ===> GAUSSIAN
  [GAI-B] [Result] 'GAUSSIAN' ACCEPTED (RISKY). Score: -0.1929 (Delta: 0.0000)

[GAI-B] --- Stagnation at Score -0.0002 ---
  [GAI-B] [Evolution] Targeting Chain 1 Layer 0 (Random)...
    [GAI-B] -> Mutating: GAUSSIAN ===> SIN
  [GAI-B] [Result] 'SIN' ACCEPTED. Score: -0.2264 (Delta: 0.0012)
[GAI-B] Epoch 1000: Val Loss 0.10177 | Temp 0.2500

[GAI-B] --- Stagnation at Score -0.0002 ---
  [GAI-B] [Evolution] Targeting Chain 0 Layer 0 (Random)...
    [GAI-B] -> Mutating: RELU ===> IDENTITY
  [GAI-B] [Result] 'IDENTITY' ACCEPTED. Score: -0.0966 (Delta: 0.0001)

[GAI-B] --- Stagnation at Score -0.0002 ---
  [GAI-B] [Evolution] Targeting Chain 0 Layer 0 (Random)...
    [GAI-B] -> Mutating: IDENTITY ===> TANH
  [GAI-B] [Result] 'TANH' ACCEPTED. Score: -0.0970 (Delta: 0.0000)

[GAI-B] --- Stagnation at Score -0.0002 ---
  [GAI-B] [Evolution] Targeting Chain 1 Layer 0 (Random)...
    [GAI-B] -> Mutating: SIN ===> TANH
  [GAI-B] [Result] 'TANH' ACCEPTED. Score: -0.0969 (Delta: 0.0000)
[GAI-B] Epoch 1500: Val Loss 0.20766 | Temp 0.1250

[GAI-B] --- Stagnation at Score -0.0002 ---
  [GAI-B] [Evolution] Targeting Chain 1 Layer 0 (Random)...
    [GAI-B] -> Mutating: TANH ===> GAUSSIAN
  [GAI-B] [Result] 'GAUSSIAN' ACCEPTED. Score: -0.1598 (Delta: 0.0004)

[GAI-B] --- Stagnation at Score -0.0002 ---
  [GAI-B] [Evolution] Targeting Chain 1 Layer 0 (Random)...
    [GAI-B] -> Mutating: GAUSSIAN ===> SQUARE
  [GAI-B] [Result] 'SQUARE' ACCEPTED. Score: -0.1595 (Delta: 0.0002)

[GAI-B] --- Stagnation at Score -0.0002 ---
  [GAI-B] [Evolution] Targeting Chain 0 Layer 0 (Random)...
    [GAI-B] -> Mutating: TANH ===> IDENTITY
  [GAI-B] [Result] 'IDENTITY' ACCEPTED. Score: -0.1141 (Delta: 0.0016)
[GAI-B] Restoring Best Ever State (Score: -0.0002)
[GAI-B] Epoch 0: Val Loss 1.06195 | Temp 0.5000
[GAI-B] Epoch 500: Val Loss 0.12176 | Temp 0.3750
[GAI-B] Epoch 1000: Val Loss 0.10248 | Temp 0.2500
[GAI-B] Epoch 1500: Val Loss 0.09764 | Temp 0.1250
[GAI-B] Restoring Best Ever State (Score: -0.0958)
[GAI-B] Epoch 0: Val Loss 0.65122 | Temp 0.5000
[GAI-B] Epoch 500: Val Loss 0.05340 | Temp 0.3750
[GAI-B] Epoch 1000: Val Loss 0.05326 | Temp 0.2500

[GAI-B] --- Stagnation at Score -0.0533 ---
  [GAI-B] [Evolution] Targeting Chain 0 Layer 0 (Random)...
    [GAI-B] -> Mutating: SIN ===> IDENTITY
  [GAI-B] [Result] 'IDENTITY' ACCEPTED (RISKY). Score: -0.0533 (Delta: 0.0000)

[GAI-B] --- Stagnation at Score -0.0533 ---
  [GAI-B] [Evolution] Targeting Chain 1 Layer 0 (Random)...
    [GAI-B] -> Mutating: RELU ===> GAUSSIAN
  [GAI-B] [Result] 'GAUSSIAN' ACCEPTED. Score: -0.2402 (Delta: 0.0000)
[GAI-B] Epoch 1500: Val Loss 0.26220 | Temp 0.1250

[GAI-B] --- Stagnation at Score -0.0533 ---
  [GAI-B] [Evolution] Targeting Chain 1 Layer 0 (Random)...
    [GAI-B] -> Mutating: GAUSSIAN ===> SIN
  [GAI-B] [Result] 'SIN' ACCEPTED. Score: -0.2552 (Delta: 0.0002)

[GAI-B] --- Stagnation at Score -0.0533 ---
  [GAI-B] [Evolution] Targeting Chain 1 Layer 0 (Random)...
    [GAI-B] -> Mutating: SIN ===> TANH
  [GAI-B] [Result] 'TANH' ACCEPTED. Score: -0.2728 (Delta: 0.0171)

[GAI-B] --- Stagnation at Score -0.0533 ---
  [GAI-B] [Evolution] Targeting Chain 1 Layer 0 (Random)...
    [GAI-B] -> Mutating: TANH ===> GAUSSIAN
  [GAI-B] [Result] 'GAUSSIAN' ACCEPTED. Score: -0.2756 (Delta: 0.0001)
[GAI-B] Restoring Best Ever State (Score: -0.0533)
GAI-B      fixed      2000    0/8       9.183e-02    2.653e-04  sin,gaussian; relu,tanh; tanh,tanh
[GAI-B] Epoch 0: Val Loss 1.61939 | Temp 0.5000
[GAI-B] Epoch 500: Val Loss 0.14363 | Temp 0.4583

[GAI-B] --- Stagnation at Score -0.1425 ---
  [GAI-B] [Evolution] Targeting Chain 0 Layer 0 (Random)...
    [GAI-B] -> Mutating: GAUSSIAN ===> SQUARE
  [GAI-B] [Result] 'SQUARE' ACCEPTED (RISKY). Score: -0.1426 (Delta: 0.0000)
[GAI-B] Epoch 1000: Val Loss 0.31138 | Temp 0.4167

[GAI-B] --- Stagnation at Score -0.1425 ---
  [GAI-B] [Evolution] Targeting Chain 0 Layer 0 (Random)...
    [GAI-B] -> Mutating: SQUARE ===> SIN
  [GAI-B] [Result] 'SIN' ACCEPTED. Score: -0.2037 (Delta: 0.0054)
[GAI-B] Epoch 1500: Val Loss 0.09465 | Temp 0.3750

[GAI-B] --- Stagnation at Score -0.0946 ---
  [GAI-B] [Evolution] Targeting Chain 0 Layer 0 (Random)...
    [GAI-B] -> Mutating: SIN ===> SQUARE
  [GAI-B] [Result] 'SQUARE' ACCEPTED (RISKY). Score: -0.0947 (Delta: 0.0000)

[GAI-B] --- Stagnation at Score -0.0946 ---
  [GAI-B] [Evolution] Targeting Chain 1 Layer 0 (Random)...
    [GAI-B] -> Mutating: GAUSSIAN ===> TANH
  [GAI-B] [Result] 'TANH' ACCEPTED. Score: -0.1647 (Delta: 0.0001)

[GAI-B] --- Stagnation at Score -0.0946 ---
  [GAI-B] [Evolution] Targeting Chain 1 Layer 0 (Random)...
    [GAI-B] -> Mutating: TANH ===> RELU
  [GAI-B] [Result] 'RELU' ACCEPTED. Score: -0.1966 (Delta: 0.0001)
[GAI-B] Epoch 2000: Val Loss 0.29006 | Temp 0.3333

[GAI-B] --- Stagnation at Score -0.0946 ---
  [GAI-B] [Evolution] Targeting Chain 1 Layer 0 (Random)...
    [GAI-B] -> Mutating: RELU ===> GAUSSIAN
  [GAI-B] [Result] 'GAUSSIAN' ACCEPTED. Score: -0.2803 (Delta: 0.0001)

[GAI-B] --- Stagnation at Score -0.0946 ---
  [GAI-B] [Evolution] Targeting Chain 0 Layer 0 (Random)...
    [GAI-B] -> Mutating: SQUARE ===> TANH
  [GAI-B] [Result] 'TANH' ACCEPTED. Score: -0.3679 (Delta: 0.0032)

[GAI-B] --- Stagnation at Score -0.0946 ---
  [GAI-B] [Evolution] Targeting Chain 1 Layer 0 (Random)...
    [GAI-B] -> Mutating: GAUSSIAN ===> SIN
  [GAI-B] [Result] 'SIN' ACCEPTED. Score: -0.2100 (Delta: 0.0001)
[GAI-B] Epoch 2500: Val Loss 0.33950 | Temp 0.2917

[GAI-B] --- Stagnation at Score -0.0946 ---
  [GAI-B] [Evolution] Targeting Chain 1 Layer 0 (Random)...
    [GAI-B] -> Mutating: SIN ===> GAUSSIAN
  [GAI-B] [Result] 'GAUSSIAN' ACCEPTED. Score: -0.1896 (Delta: 0.1391)

[GAI-B] --- Stagnation at Score -0.0946 ---
  [GAI-B] [Evolution] Targeting Chain 0 Layer 0 (Random)...
    [GAI-B] -> Mutating: TANH ===> SIN
  [GAI-B] [Result] 'SIN' ACCEPTED. Score: -0.1691 (Delta: 0.0000)

[GAI-B] --- Stagnation at Score -0.0946 ---
  [GAI-B] [Evolution] Targeting Chain 1 Layer 0 (Random)...
    [GAI-B] -> Mutating: GAUSSIAN ===> SIN
  [GAI-B] [Result] 'SIN' ACCEPTED. Score: -0.0947 (Delta: 0.0000)
[GAI-B] Epoch 3000: Val Loss 0.30239 | Temp 0.2500

[GAI-B] --- Stagnation at Score -0.0946 ---
  [GAI-B] [Evolution] Targeting Chain 0 Layer 0 (Random)...
    [GAI-B] -> Mutating: SIN ===> RELU
  [GAI-B] [Result] 'RELU' ACCEPTED. Score: -0.3016 (Delta: 0.0000)

[GAI-B] --- Stagnation at Score -0.0946 ---
  [GAI-B] [Evolution] Targeting Chain 1 Layer 0 (Random)...
    [GAI-B] -> Mutating: SIN ===> TANH
  [GAI-B] [Result] 'TANH' ACCEPTED. Score: -0.2482 (Delta: 0.0801)

[GAI-B] --- Stagnation at Score -0.0946 ---
  [GAI-B] [Evolution] Targeting Chain 0 Layer 0 (Random)...
    [GAI-B] -> Mutating: RELU ===> SQUARE
  [GAI-B] [Result] 'SQUARE' ACCEPTED. Score: -0.2271 (Delta: 0.0001)
[GAI-B] Epoch 3500: Val Loss 0.25167 | Temp 0.2083

[GAI-B] --- Stagnation at Score -0.0946 ---
  [GAI-B] [Evolution] Targeting Chain 0 Layer 0 (Random)...
    [GAI-B] -> Mutating: SQUARE ===> GAUSSIAN
  [GAI-B] [Result] 'GAUSSIAN' ACCEPTED. Score: -0.2472 (Delta: 0.0032)

[GAI-B] --- Stagnation at Score -0.0946 ---
  [GAI-B] [Evolution] Targeting Chain 1 Layer 0 (Random)...
    [GAI-B] -> Mutating: TANH ===> GAUSSIAN
  [GAI-B] [Result] 'GAUSSIAN' ACCEPTED. Score: -0.1472 (Delta: 0.0000)

[GAI-B] --- Stagnation at Score -0.0946 ---
  [GAI-B] [Evolution] Targeting Chain 0 Layer 0 (Random)...
    [GAI-B] -> Mutating: GAUSSIAN ===> IDENTITY
  [GAI-B] [Result] 'IDENTITY' ACCEPTED. Score: -0.1652 (Delta: 0.0001)

[GAI-B] --- Stagnation at Score -0.0946 ---
  [GAI-B] [Evolution] Targeting Chain 0 Layer 0 (Random)...
    [GAI-B] -> Mutating: IDENTITY ===> SIN
[GAI-B] Epoch 4000: Val Loss 0.38295 | Temp 0.1667
  [GAI-B] [Result] 'SIN' ACCEPTED. Score: -0.1721 (Delta: 0.0001)
[GAI-B] Epoch 4500: Val Loss 0.05148 | Temp 0.1250

[GAI-B] --- Stagnation at Score -0.0514 ---
  [GAI-B] [Evolution] Targeting Chain 1 Layer 0 (Random)...
    [GAI-B] -> Mutating: GAUSSIAN ===> SIN
  [GAI-B] [Result] 'SIN' ACCEPTED (RISKY). Score: -0.0516 (Delta: 0.0000)

[GAI-B] --- Stagnation at Score -0.0514 ---
  [GAI-B] [Evolution] Targeting Chain 1 Layer 0 (Random)...
    [GAI-B] -> Mutating: SIN ===> IDENTITY
  [GAI-B] [Result] 'IDENTITY' ACCEPTED. Score: -0.2178 (Delta: 0.0826)

[GAI-B] --- Stagnation at Score -0.0514 ---
  [GAI-B] [Evolution] Targeting Chain 1 Layer 0 (Random)...
    [GAI-B] -> Mutating: IDENTITY ===> RELU
  [GAI-B] [Result] 'RELU' ACCEPTED. Score: -0.1201 (Delta: 0.0004)
[GAI-B] Epoch 5000: Val Loss 0.10557 | Temp 0.0833

[GAI-B] --- Stagnation at Score -0.0514 ---
  [GAI-B] [Evolution] Targeting Chain 1 Layer 0 (Random)...
    [GAI-B] -> Mutating: RELU ===> TANH
  [GAI-B] [Result] 'TANH' ACCEPTED. Score: -0.1035 (Delta: 0.0000)

[GAI-B] --- Stagnation at Score -0.0514 ---
  [GAI-B] [Evolution] Targeting Chain 0 Layer 0 (Random)...
    [GAI-B] -> Mutating: SIN ===> GAUSSIAN
  [GAI-B] [Result] 'GAUSSIAN' ACCEPTED. Score: -0.0967 (Delta: 0.0000)

[GAI-B] --- Stagnation at Score -0.0514 ---
  [GAI-B] [Evolution] Targeting Chain 1 Layer 0 (Random)...
    [GAI-B] -> Mutating: TANH ===> RELU
  [GAI-B] [Result] 'RELU' ACCEPTED. Score: -0.1843 (Delta: 0.0002)
[GAI-B] Epoch 5500: Val Loss 0.20772 | Temp 0.0417

[GAI-B] --- Stagnation at Score -0.0514 ---
  [GAI-B] [Evolution] Targeting Chain 0 Layer 0 (Random)...
    [GAI-B] -> Mutating: GAUSSIAN ===> IDENTITY
  [GAI-B] [Result] 'IDENTITY' ACCEPTED. Score: -0.1907 (Delta: 0.0002)

[GAI-B] --- Stagnation at Score -0.0514 ---
  [GAI-B] [Evolution] Targeting Chain 0 Layer 0 (Random)...
    [GAI-B] -> Mutating: IDENTITY ===> TANH
  [GAI-B] [Result] 'TANH' ACCEPTED. Score: -0.2735 (Delta: 0.0281)

[GAI-B] --- Stagnation at Score -0.0514 ---
  [GAI-B] [Evolution] Targeting Chain 0 Layer 0 (Random)...
    [GAI-B] -> Mutating: TANH ===> GAUSSIAN
  [GAI-B] [Result] 'GAUSSIAN' ACCEPTED. Score: -0.2466 (Delta: 0.0001)
[GAI-B] Restoring Best Ever State (Score: -0.0514)
[GAI-B] Epoch 0: Val Loss 0.60286 | Temp 0.5000
[GAI-B] Epoch 500: Val Loss 0.17145 | Temp 0.4583
[GAI-B] Epoch 1000: Val Loss 0.14861 | Temp 0.4167
[GAI-B] Epoch 1500: Val Loss 0.14580 | Temp 0.3750
[GAI-B] Epoch 2000: Val Loss 0.14516 | Temp 0.3333

[GAI-B] --- Stagnation at Score -0.1451 ---
  [GAI-B] [Evolution] Targeting Chain 1 Layer 0 (Random)...
    [GAI-B] -> Mutating: TANH ===> SQUARE
  [GAI-B] [Result] 'SQUARE' ACCEPTED. Score: -0.1453 (Delta: 0.0000)
[GAI-B] Epoch 2500: Val Loss 0.47022 | Temp 0.2917

[GAI-B] --- Stagnation at Score -0.1451 ---
  [GAI-B] [Evolution] Targeting Chain 1 Layer 0 (Random)...
    [GAI-B] -> Mutating: SQUARE ===> RELU
  [GAI-B] [Result] 'RELU' ACCEPTED. Score: -0.4488 (Delta: 0.0117)

[GAI-B] --- Stagnation at Score -0.1451 ---
  [GAI-B] [Evolution] Targeting Chain 1 Layer 0 (Random)...
    [GAI-B] -> Mutating: RELU ===> SQUARE
  [GAI-B] [Result] 'SQUARE' ACCEPTED. Score: -0.3073 (Delta: 0.0002)

[GAI-B] --- Stagnation at Score -0.1451 ---
  [GAI-B] [Evolution] Targeting Chain 0 Layer 0 (Random)...
    [GAI-B] -> Mutating: RELU ===> SQUARE
  [GAI-B] [Result] 'SQUARE' ACCEPTED. Score: -0.4368 (Delta: 0.0019)
[GAI-B] Epoch 3000: Val Loss 0.36892 | Temp 0.2500

[GAI-B] --- Stagnation at Score -0.1451 ---
  [GAI-B] [Evolution] Targeting Chain 0 Layer 0 (Random)...
    [GAI-B] -> Mutating: SQUARE ===> IDENTITY
  [GAI-B] [Result] 'IDENTITY' ACCEPTED. Score: -0.3687 (Delta: 0.0001)

[GAI-B] --- Stagnation at Score -0.1451 ---
  [GAI-B] [Evolution] Targeting Chain 1 Layer 0 (Random)...
    [GAI-B] -> Mutating: SQUARE ===> SIN
  [GAI-B] [Result] 'SIN' ACCEPTED. Score: -0.4052 (Delta: 0.0031)

[GAI-B] --- Stagnation at Score -0.1451 ---
  [GAI-B] [Evolution] Targeting Chain 1 Layer 0 (Random)...
    [GAI-B] -> Mutating: SIN ===> SQUARE
  [GAI-B] [Result] 'SQUARE' ACCEPTED. Score: -0.3724 (Delta: 0.0012)

[GAI-B] --- Stagnation at Score -0.1451 ---
  [GAI-B] [Evolution] Targeting Chain 0 Layer 0 (Random)...
    [GAI-B] -> Mutating: IDENTITY ===> TANH
  [GAI-B] [Result] 'TANH' ACCEPTED. Score: -0.3912 (Delta: 0.0001)
[GAI-B] Epoch 3500: Val Loss 0.42589 | Temp 0.2083

[GAI-B] --- Stagnation at Score -0.1451 ---
  [GAI-B] [Evolution] Targeting Chain 1 Layer 0 (Random)...
    [GAI-B] -> Mutating: SQUARE ===> SIN
  [GAI-B] [Result] 'SIN' ACCEPTED. Score: -0.3905 (Delta: 0.0048)

[GAI-B] --- Stagnation at Score -0.1451 ---
  [GAI-B] [Evolution] Targeting Chain 0 Layer 0 (Random)...
    [GAI-B] -> Mutating: TANH ===> IDENTITY
  [GAI-B] [Result] 'IDENTITY' ACCEPTED. Score: -0.2983 (Delta: 0.0929)

[GAI-B] --- Stagnation at Score -0.1451 ---
  [GAI-B] [Evolution] Targeting Chain 1 Layer 0 (Random)...
    [GAI-B] -> Mutating: SIN ===> RELU
  [GAI-B] [Result] 'RELU' ACCEPTED. Score: -0.3062 (Delta: 0.0000)
[GAI-B] Epoch 4000: Val Loss 0.30908 | Temp 0.1667

[GAI-B] --- Stagnation at Score -0.1451 ---
  [GAI-B] [Evolution] Targeting Chain 1 Layer 0 (Random)...
    [GAI-B] -> Mutating: RELU ===> GAUSSIAN
  [GAI-B] [Result] 'GAUSSIAN' ACCEPTED. Score: -0.3105 (Delta: 0.0000)

[GAI-B] --- Stagnation at Score -0.1451 ---
  [GAI-B] [Evolution] Targeting Chain 1 Layer 0 (Random)...
    [GAI-B] -> Mutating: GAUSSIAN ===> TANH
  [GAI-B] [Result] 'TANH' ACCEPTED. Score: -0.3575 (Delta: 0.0060)

[GAI-B] --- Stagnation at Score -0.1451 ---
  [GAI-B] [Evolution] Targeting Chain 1 Layer 0 (Random)...
    [GAI-B] -> Mutating: TANH ===> SIN
  [GAI-B] [Result] 'SIN' ACCEPTED. Score: -0.3156 (Delta: 0.0120)
[GAI-B] Epoch 4500: Val Loss 0.30835 | Temp 0.1250

[GAI-B] --- Stagnation at Score -0.1451 ---
  [GAI-B] [Evolution] Targeting Chain 1 Layer 0 (Random)...
    [GAI-B] -> Mutating: SIN ===> SQUARE
  [GAI-B] [Result] 'SQUARE' ACCEPTED (RISKY). Score: -0.3059 (Delta: 0.0000)

[GAI-B] --- Stagnation at Score -0.1451 ---
  [GAI-B] [Evolution] Targeting Chain 1 Layer 0 (Random)...
    [GAI-B] -> Mutating: SQUARE ===> SIN
  [GAI-B] [Result] 'SIN' ACCEPTED. Score: -0.3810 (Delta: 0.0088)

[GAI-B] --- Stagnation at Score -0.1451 ---
  [GAI-B] [Evolution] Targeting Chain 0 Layer 0 (Random)...
    [GAI-B] -> Mutating: IDENTITY ===> TANH
  [GAI-B] [Result] 'TANH' ACCEPTED. Score: -0.3094 (Delta: 0.0037)
[GAI-B] Epoch 5000: Val Loss 0.38494 | Temp 0.0833

[GAI-B] --- Stagnation at Score -0.1451 ---
  [GAI-B] [Evolution] Targeting Chain 1 Layer 0 (Random)...
    [GAI-B] -> Mutating: SIN ===> RELU
  [GAI-B] [Result] 'RELU' ACCEPTED. Score: -0.2635 (Delta: 0.0370)

[GAI-B] --- Stagnation at Score -0.1451 ---
  [GAI-B] [Evolution] Targeting Chain 1 Layer 0 (Random)...
    [GAI-B] -> Mutating: RELU ===> IDENTITY
  [GAI-B] [Result] 'IDENTITY' ACCEPTED. Score: -0.2464 (Delta: 0.0000)

[GAI-B] --- Stagnation at Score -0.1451 ---
  [GAI-B] [Evolution] Targeting Chain 0 Layer 0 (Random)...
    [GAI-B] -> Mutating: TANH ===> RELU
  [GAI-B] [Result] 'RELU' ACCEPTED. Score: -0.2730 (Delta: 0.0000)
[GAI-B] Epoch 5500: Val Loss 0.34120 | Temp 0.0417

[GAI-B] --- Stagnation at Score -0.1451 ---
  [GAI-B] [Evolution] Targeting Chain 1 Layer 0 (Random)...
    [GAI-B] -> Mutating: IDENTITY ===> SQUARE
  [GAI-B] [Result] 'SQUARE' ACCEPTED. Score: -0.3249 (Delta: 0.0001)

[GAI-B] --- Stagnation at Score -0.1451 ---
  [GAI-B] [Evolution] Targeting Chain 1 Layer 0 (Random)...
    [GAI-B] -> Mutating: SQUARE ===> IDENTITY
  [GAI-B] [Result] 'IDENTITY' ACCEPTED. Score: -0.3402 (Delta: 0.0365)

[GAI-B] --- Stagnation at Score -0.1451 ---
  [GAI-B] [Evolution] Targeting Chain 0 Layer 0 (Random)...
    [GAI-B] -> Mutating: RELU ===> GAUSSIAN
  [GAI-B] [Result] 'GAUSSIAN' ACCEPTED. Score: -0.3077 (Delta: 0.0000)
[GAI-B] Restoring Best Ever State (Score: -0.1451)
[GAI-B] Epoch 0: Val Loss 0.70634 | Temp 0.5000
[GAI-B] Epoch 500: Val Loss 0.12463 | Temp 0.4583
[GAI-B] Epoch 1000: Val Loss 0.11582 | Temp 0.4167
[GAI-B] Epoch 1500: Val Loss 0.11378 | Temp 0.3750
[GAI-B] Epoch 2000: Val Loss 0.11261 | Temp 0.3333
[GAI-B] Epoch 2500: Val Loss 0.11189 | Temp 0.2917
[GAI-B] Epoch 3000: Val Loss 0.11136 | Temp 0.2500
[GAI-B] Epoch 3500: Val Loss 0.11099 | Temp 0.2083
[GAI-B] Epoch 4000: Val Loss 0.11069 | Temp 0.1667
[GAI-B] Epoch 4500: Val Loss 0.11048 | Temp 0.1250

[GAI-B] --- Stagnation at Score -0.1103 ---
  [GAI-B] [Evolution] Targeting Chain 1 Layer 0 (Random)...
    [GAI-B] -> Mutating: TANH ===> GAUSSIAN
  [GAI-B] [Result] 'GAUSSIAN' ACCEPTED. Score: -0.1103 (Delta: 0.0000)
[GAI-B] Epoch 5000: Val Loss 0.11719 | Temp 0.0833

[GAI-B] --- Stagnation at Score -0.1103 ---
  [GAI-B] [Evolution] Targeting Chain 1 Layer 0 (Random)...
    [GAI-B] -> Mutating: GAUSSIAN ===> SIN
  [GAI-B] [Result] 'SIN' ACCEPTED. Score: -0.1169 (Delta: 0.0001)

[GAI-B] --- Stagnation at Score -0.0944 ---
  [GAI-B] [Evolution] Targeting Chain 1 Layer 0 (Random)...
    [GAI-B] -> Mutating: SIN ===> RELU
  [GAI-B] [Result] 'RELU' ACCEPTED (RISKY). Score: -0.0949 (Delta: 0.0000)

[GAI-B] --- Stagnation at Score -0.0944 ---
  [GAI-B] [Evolution] Targeting Chain 1 Layer 0 (Random)...
    [GAI-B] -> Mutating: RELU ===> TANH
  [GAI-B] [Result] 'TANH' ACCEPTED. Score: -0.2526 (Delta: 0.0171)
[GAI-B] Epoch 5500: Val Loss 0.24978 | Temp 0.0417

[GAI-B] --- Stagnation at Score -0.0944 ---
  [GAI-B] [Evolution] Targeting Chain 1 Layer 0 (Random)...
    [GAI-B] -> Mutating: TANH ===> SQUARE
  [GAI-B] [Result] 'SQUARE' ACCEPTED. Score: -0.2290 (Delta: 0.0002)

[GAI-B] --- Stagnation at Score -0.0944 ---
  [GAI-B] [Evolution] Targeting Chain 1 Layer 0 (Random)...
    [GAI-B] -> Mutating: SQUARE ===> SIN
  [GAI-B] [Result] 'SIN' ACCEPTED. Score: -0.2493 (Delta: 0.0036)
[GAI-B] Restoring Best Ever State (Score: -0.0782)
[GAI-B] Epoch 0: Val Loss 0.65159 | Temp 0.5000

[GAI-B] --- Stagnation at Score -0.2779 ---
  [GAI-B] [Evolution] Targeting Chain 1 Layer 0 (Random)...
    [GAI-B] -> Mutating: RELU ===> TANH
  [GAI-B] [Result] 'TANH' ACCEPTED (RISKY). Score: -0.2780 (Delta: 0.0000)

[GAI-B] --- Stagnation at Score -0.2743 ---
  [GAI-B] [Evolution] Targeting Chain 0 Layer 0 (Random)...
    [GAI-B] -> Mutating: RELU ===> TANH
[GAI-B] Epoch 500: Val Loss 0.27526 | Temp 0.4583
  [GAI-B] [Result] 'TANH' ACCEPTED. Score: -0.2745 (Delta: 0.0000)
[GAI-B] Epoch 1000: Val Loss 0.11859 | Temp 0.4167
[GAI-B] Epoch 1500: Val Loss 0.11499 | Temp 0.3750
[GAI-B] Epoch 2000: Val Loss 0.11336 | Temp 0.3333
[GAI-B] Epoch 2500: Val Loss 0.11242 | Temp 0.2917
[GAI-B] Epoch 3000: Val Loss 0.11180 | Temp 0.2500
[GAI-B] Epoch 3500: Val Loss 0.11135 | Temp 0.2083

[GAI-B] --- Stagnation at Score -0.1112 ---
  [GAI-B] [Evolution] Targeting Chain 0 Layer 0 (Random)...
    [GAI-B] -> Mutating: TANH ===> SQUARE
  [GAI-B] [Result] 'SQUARE' ACCEPTED. Score: -0.1113 (Delta: 0.0000)

[GAI-B] --- Stagnation at Score -0.1112 ---
  [GAI-B] [Evolution] Targeting Chain 1 Layer 0 (Random)...
    [GAI-B] -> Mutating: TANH ===> SQUARE
  [GAI-B] [Result] 'SQUARE' ACCEPTED. Score: -0.4125 (Delta: 0.0007)

[GAI-B] --- Stagnation at Score -0.1112 ---
  [GAI-B] [Evolution] Targeting Chain 1 Layer 0 (Random)...
    [GAI-B] -> Mutating: SQUARE ===> SIN
  [GAI-B] [Result] 'SIN' ACCEPTED. Score: -0.3511 (Delta: 0.0001)
[GAI-B] Epoch 4000: Val Loss 0.34066 | Temp 0.1667

[GAI-B] --- Stagnation at Score -0.1112 ---
  [GAI-B] [Evolution] Targeting Chain 0 Layer 0 (Random)...
    [GAI-B] -> Mutating: SQUARE ===> TANH
  [GAI-B] [Result] 'TANH' ACCEPTED. Score: -0.3335 (Delta: 0.0067)

[GAI-B] --- Stagnation at Score -0.1112 ---
  [GAI-B] [Evolution] Targeting Chain 1 Layer 0 (Random)...
    [GAI-B] -> Mutating: SIN ===> IDENTITY
  [GAI-B] [Result] 'IDENTITY' ACCEPTED. Score: -0.3168 (Delta: 0.0005)

[GAI-B] --- Stagnation at Score -0.1112 ---
  [GAI-B] [Evolution] Targeting Chain 0 Layer 0 (Random)...
    [GAI-B] -> Mutating: TANH ===> SQUARE
  [GAI-B] [Result] 'SQUARE' ACCEPTED. Score: -0.2715 (Delta: 0.0000)

[GAI-B] --- Stagnation at Score -0.1112 ---
  [GAI-B] [Evolution] Targeting Chain 0 Layer 0 (Random)...
    [GAI-B] -> Mutating: SQUARE ===> SIN
[GAI-B] Epoch 4500: Val Loss 0.44569 | Temp 0.1250
  [GAI-B] [Result] 'SIN' ACCEPTED. Score: -0.3242 (Delta: 0.0000)

[GAI-B] --- Stagnation at Score -0.1112 ---
  [GAI-B] [Evolution] Targeting Chain 1 Layer 0 (Random)...
    [GAI-B] -> Mutating: IDENTITY ===> RELU
  [GAI-B] [Result] 'RELU' ACCEPTED. Score: -0.3432 (Delta: 0.0001)

[GAI-B] --- Stagnation at Score -0.1112 ---
  [GAI-B] [Evolution] Targeting Chain 1 Layer 0 (Random)...
    [GAI-B] -> Mutating: RELU ===> TANH
  [GAI-B] [Result] 'TANH' ACCEPTED. Score: -0.3064 (Delta: 0.0002)

[GAI-B] --- Stagnation at Score -0.1112 ---
  [GAI-B] [Evolution] Targeting Chain 0 Layer 0 (Random)...
    [GAI-B] -> Mutating: SIN ===> GAUSSIAN
  [GAI-B] [Result] 'GAUSSIAN' ACCEPTED. Score: -0.3113 (Delta: 0.0052)
[GAI-B] Epoch 5000: Val Loss 0.51562 | Temp 0.0833

[GAI-B] --- Stagnation at Score -0.1112 ---
  [GAI-B] [Evolution] Targeting Chain 1 Layer 0 (Random)...
    [GAI-B] -> Mutating: TANH ===> IDENTITY
  [GAI-B] [Result] 'IDENTITY' ACCEPTED. Score: -0.2747 (Delta: 0.0003)

[GAI-B] --- Stagnation at Score -0.1112 ---
  [GAI-B] [Evolution] Targeting Chain 1 Layer 0 (Random)...
    [GAI-B] -> Mutating: IDENTITY ===> SIN
[GAI-B] Epoch 5500: Val Loss 0.01805 | Temp 0.0417
[GAI-B] Restoring Best Ever State (Score: -0.0064)
[GAI-B] Epoch 0: Val Loss 1.65944 | Temp 0.5000
[GAI-B] Epoch 500: Val Loss 0.19010 | Temp 0.4583
[GAI-B] Epoch 1000: Val Loss 0.18730 | Temp 0.4167
[GAI-B] Epoch 1500: Val Loss 0.18602 | Temp 0.3750
[GAI-B] Epoch 2000: Val Loss 0.18527 | Temp 0.3333
[GAI-B] Epoch 2500: Val Loss 0.18476 | Temp 0.2917
[GAI-B] Epoch 3000: Val Loss 0.18441 | Temp 0.2500
[GAI-B] Epoch 3500: Val Loss 0.18412 | Temp 0.2083
[GAI-B] Epoch 4000: Val Loss 0.18388 | Temp 0.1667
[GAI-B] Epoch 4500: Val Loss 0.18371 | Temp 0.1250
[GAI-B] Epoch 5000: Val Loss 0.18350 | Temp 0.0833
[GAI-B] Epoch 5500: Val Loss 0.18340 | Temp 0.0417

[GAI-B] --- Stagnation at Score -0.1832 ---
  [GAI-B] [Evolution] Targeting Chain 1 Layer 0 (Random)...
    [GAI-B] -> Mutating: SIN ===> RELU
  [GAI-B] [Result] 'RELU' ACCEPTED (RISKY). Score: -0.1834 (Delta: 0.0000)

[GAI-B] --- Stagnation at Score -0.1832 ---
  [GAI-B] [Evolution] Targeting Chain 0 Layer 0 (Random)...
    [GAI-B] -> Mutating: RELU ===> SQUARE
  [GAI-B] [Result] 'SQUARE' ACCEPTED. Score: -0.2627 (Delta: 0.0000)

[GAI-B] --- Stagnation at Score -0.1832 ---
  [GAI-B] [Evolution] Targeting Chain 1 Layer 0 (Random)...
    [GAI-B] -> Mutating: RELU ===> GAUSSIAN
[GAI-B] Restoring Best Ever State (Score: -0.1832)
[GAI-B] Epoch 0: Val Loss 0.74096 | Temp 0.5000

[GAI-B] --- Stagnation at Score -0.0002 ---
  [GAI-B] [Evolution] Targeting Chain 0 Layer 0 (Random)...
    [GAI-B] -> Mutating: SIN ===> RELU
  [GAI-B] [Result] 'RELU' ACCEPTED. Score: -0.0002 (Delta: 0.0000)
[GAI-B] Epoch 500: Val Loss 0.19537 | Temp 0.4583

[GAI-B] --- Stagnation at Score -0.0002 ---
  [GAI-B] [Evolution] Targeting Chain 1 Layer 0 (Random)...
    [GAI-B] -> Mutating: SIN ===> SQUARE
  [GAI-B] [Result] 'SQUARE' ACCEPTED. Score: -0.1945 (Delta: 0.0000)

[GAI-B] --- Stagnation at Score -0.0002 ---
  [GAI-B] [Evolution] Targeting Chain 1 Layer 0 (Random)...
    [GAI-B] -> Mutating: SQUARE ===> GAUSSIAN
  [GAI-B] [Result] 'GAUSSIAN' ACCEPTED (RISKY). Score: -0.1929 (Delta: 0.0000)

[GAI-B] --- Stagnation at Score -0.0002 ---
  [GAI-B] [Evolution] Targeting Chain 1 Layer 0 (Random)...
    [GAI-B] -> Mutating: GAUSSIAN ===> SIN
  [GAI-B] [Result] 'SIN' ACCEPTED. Score: -0.2264 (Delta: 0.0012)
[GAI-B] Epoch 1000: Val Loss 0.10177 | Temp 0.4167

[GAI-B] --- Stagnation at Score -0.0002 ---
  [GAI-B] [Evolution] Targeting Chain 0 Layer 0 (Random)...
    [GAI-B] -> Mutating: RELU ===> IDENTITY
  [GAI-B] [Result] 'IDENTITY' ACCEPTED. Score: -0.0966 (Delta: 0.0001)

[GAI-B] --- Stagnation at Score -0.0002 ---
  [GAI-B] [Evolution] Targeting Chain 0 Layer 0 (Random)...
    [GAI-B] -> Mutating: IDENTITY ===> TANH
  [GAI-B] [Result] 'TANH' ACCEPTED. Score: -0.0970 (Delta: 0.0000)

[GAI-B] --- Stagnation at Score -0.0002 ---
  [GAI-B] [Evolution] Targeting Chain 1 Layer 0 (Random)...
    [GAI-B] -> Mutating: SIN ===> TANH
  [GAI-B] [Result] 'TANH' ACCEPTED. Score: -0.0969 (Delta: 0.0000)
[GAI-B] Epoch 1500: Val Loss 0.20766 | Temp 0.3750

[GAI-B] --- Stagnation at Score -0.0002 ---
  [GAI-B] [Evolution] Targeting Chain 1 Layer 0 (Random)...
    [GAI-B] -> Mutating: TANH ===> GAUSSIAN
  [GAI-B] [Result] 'GAUSSIAN' ACCEPTED. Score: -0.1598 (Delta: 0.0004)

[GAI-B] --- Stagnation at Score -0.0002 ---
  [GAI-B] [Evolution] Targeting Chain 1 Layer 0 (Random)...
    [GAI-B] -> Mutating: GAUSSIAN ===> SQUARE
  [GAI-B] [Result] 'SQUARE' ACCEPTED. Score: -0.1595 (Delta: 0.0002)

[GAI-B] --- Stagnation at Score -0.0002 ---
  [GAI-B] [Evolution] Targeting Chain 0 Layer 0 (Random)...
    [GAI-B] -> Mutating: TANH ===> IDENTITY
  [GAI-B] [Result] 'IDENTITY' ACCEPTED. Score: -0.1141 (Delta: 0.0016)
[GAI-B] Epoch 2000: Val Loss 0.22854 | Temp 0.3333

[GAI-B] --- Stagnation at Score -0.0002 ---
  [GAI-B] [Evolution] Targeting Chain 0 Layer 0 (Random)...
    [GAI-B] -> Mutating: IDENTITY ===> RELU
  [GAI-B] [Result] 'RELU' ACCEPTED. Score: -0.2272 (Delta: 0.0000)

[GAI-B] --- Stagnation at Score -0.0002 ---
  [GAI-B] [Evolution] Targeting Chain 1 Layer 0 (Random)...
    [GAI-B] -> Mutating: SQUARE ===> IDENTITY
  [GAI-B] [Result] 'IDENTITY' ACCEPTED. Score: -0.1948 (Delta: 0.0001)

[GAI-B] --- Stagnation at Score -0.0002 ---
  [GAI-B] [Evolution] Targeting Chain 0 Layer 0 (Random)...
    [GAI-B] -> Mutating: RELU ===> IDENTITY
  [GAI-B] [Result] 'IDENTITY' ACCEPTED. Score: -0.3037 (Delta: 0.0000)
[GAI-B] Epoch 2500: Val Loss 0.32794 | Temp 0.2917

[GAI-B] --- Stagnation at Score -0.0002 ---
  [GAI-B] [Evolution] Targeting Chain 1 Layer 0 (Random)...
    [GAI-B] -> Mutating: IDENTITY ===> GAUSSIAN
  [GAI-B] [Result] 'GAUSSIAN' ACCEPTED. Score: -0.3279 (Delta: 0.0000)

[GAI-B] --- Stagnation at Score -0.0002 ---
  [GAI-B] [Evolution] Targeting Chain 1 Layer 0 (Random)...
    [GAI-B] -> Mutating: GAUSSIAN ===> RELU
  [GAI-B] [Result] 'RELU' ACCEPTED. Score: -0.3275 (Delta: 0.0003)

[GAI-B] --- Stagnation at Score -0.0002 ---
  [GAI-B] [Evolution] Targeting Chain 1 Layer 0 (Random)...
    [GAI-B] -> Mutating: RELU ===> IDENTITY
  [GAI-B] [Result] 'IDENTITY' ACCEPTED. Score: -0.3233 (Delta: 0.0004)
[GAI-B] Epoch 3000: Val Loss 0.32794 | Temp 0.2500

[GAI-B] --- Stagnation at Score -0.0002 ---
  [GAI-B] [Evolution] Targeting Chain 1 Layer 0 (Random)...
    [GAI-B] -> Mutating: IDENTITY ===> SIN
  [GAI-B] [Result] 'SIN' ACCEPTED. Score: -0.3279 (Delta: 0.0000)

[GAI-B] --- Stagnation at Score -0.0002 ---
  [GAI-B] [Evolution] Targeting Chain 0 Layer 0 (Random)...
    [GAI-B] -> Mutating: IDENTITY ===> RELU
  [GAI-B] [Result] 'RELU' ACCEPTED. Score: -0.2129 (Delta: 0.0335)

[GAI-B] --- Stagnation at Score -0.0002 ---
  [GAI-B] [Evolution] Targeting Chain 1 Layer 0 (Random)...
    [GAI-B] -> Mutating: SIN ===> IDENTITY
  [GAI-B] [Result] 'IDENTITY' ACCEPTED. Score: -0.2040 (Delta: 0.0000)
[GAI-B] Epoch 3500: Val Loss 0.29722 | Temp 0.2083

[GAI-B] --- Stagnation at Score -0.0002 ---
  [GAI-B] [Evolution] Targeting Chain 1 Layer 0 (Random)...
    [GAI-B] -> Mutating: IDENTITY ===> SQUARE
  [GAI-B] [Result] 'SQUARE' ACCEPTED. Score: -0.2963 (Delta: 0.0000)

[GAI-B] --- Stagnation at Score -0.0002 ---
  [GAI-B] [Evolution] Targeting Chain 0 Layer 0 (Random)...
    [GAI-B] -> Mutating: RELU ===> GAUSSIAN
  [GAI-B] [Result] 'GAUSSIAN' ACCEPTED. Score: -0.1947 (Delta: 0.0000)

[GAI-B] --- Stagnation at Score -0.0002 ---
  [GAI-B] [Evolution] Targeting Chain 0 Layer 0 (Random)...
    [GAI-B] -> Mutating: GAUSSIAN ===> SQUARE
  [GAI-B] [Result] 'SQUARE' ACCEPTED. Score: -0.4108 (Delta: 0.1384)
[GAI-B] Epoch 4000: Val Loss 0.24880 | Temp 0.1667

[GAI-B] --- Stagnation at Score -0.0002 ---
  [GAI-B] [Evolution] Targeting Chain 1 Layer 0 (Random)...
    [GAI-B] -> Mutating: SQUARE ===> IDENTITY
  [GAI-B] [Result] 'IDENTITY' ACCEPTED. Score: -0.2472 (Delta: 0.0001)

[GAI-B] --- Stagnation at Score -0.0002 ---
  [GAI-B] [Evolution] Targeting Chain 0 Layer 0 (Random)...
    [GAI-B] -> Mutating: SQUARE ===> GAUSSIAN
  [GAI-B] [Result] 'GAUSSIAN' ACCEPTED. Score: -0.3439 (Delta: 0.0060)

[GAI-B] --- Stagnation at Score -0.0002 ---
  [GAI-B] [Evolution] Targeting Chain 0 Layer 0 (Random)...
    [GAI-B] -> Mutating: GAUSSIAN ===> SIN
  [GAI-B] [Result] 'SIN' ACCEPTED. Score: -0.5701 (Delta: 0.0021)

[GAI-B] --- Stagnation at Score -0.0002 ---
  [GAI-B] [Evolution] Targeting Chain 1 Layer 0 (Random)...
    [GAI-B] -> Mutating: IDENTITY ===> TANH
[GAI-B] Epoch 4500: Val Loss 0.32259 | Temp 0.1250
  [GAI-B] [Result] 'TANH' ACCEPTED. Score: -0.3226 (Delta: 0.0040)

[GAI-B] --- Stagnation at Score -0.0002 ---
  [GAI-B] [Evolution] Targeting Chain 0 Layer 0 (Random)...
    [GAI-B] -> Mutating: SIN ===> GAUSSIAN
  [GAI-B] [Result] 'GAUSSIAN' ACCEPTED. Score: -0.0926 (Delta: 0.0000)

[GAI-B] --- Stagnation at Score -0.0002 ---
  [GAI-B] [Evolution] Targeting Chain 0 Layer 0 (Random)...
    [GAI-B] -> Mutating: GAUSSIAN ===> SIN
  [GAI-B] [Result] 'SIN' ACCEPTED. Score: -0.1152 (Delta: 0.0672)

[GAI-B] --- Stagnation at Score -0.0002 ---
  [GAI-B] [Evolution] Targeting Chain 0 Layer 0 (Random)...
    [GAI-B] -> Mutating: SIN ===> SQUARE
  [GAI-B] [Result] 'SQUARE' ACCEPTED. Score: -0.0871 (Delta: 0.0000)
[GAI-B] Epoch 5000: Val Loss 1.53587 | Temp 0.0833

[GAI-B] --- Stagnation at Score -0.0002 ---
  [GAI-B] [Evolution] Targeting Chain 0 Layer 0 (Random)...
    [GAI-B] -> Mutating: SQUARE ===> IDENTITY
  [GAI-B] [Result] 'IDENTITY' ACCEPTED. Score: -0.3081 (Delta: 0.0041)

[GAI-B] --- Stagnation at Score -0.0002 ---
  [GAI-B] [Evolution] Targeting Chain 0 Layer 0 (Random)...
    [GAI-B] -> Mutating: IDENTITY ===> SQUARE
  [GAI-B] [Result] 'SQUARE' ACCEPTED. Score: -0.2522 (Delta: 0.0001)

[GAI-B] --- Stagnation at Score -0.0002 ---
  [GAI-B] [Evolution] Targeting Chain 1 Layer 0 (Random)...
    [GAI-B] -> Mutating: TANH ===> GAUSSIAN
  [GAI-B] [Result] 'GAUSSIAN' ACCEPTED. Score: -0.2781 (Delta: 0.0001)
[GAI-B] Epoch 5500: Val Loss 0.33702 | Temp 0.0417

[GAI-B] --- Stagnation at Score -0.0002 ---
  [GAI-B] [Evolution] Targeting Chain 0 Layer 0 (Random)...
    [GAI-B] -> Mutating: SQUARE ===> GAUSSIAN
  [GAI-B] [Result] 'GAUSSIAN' ACCEPTED. Score: -0.3163 (Delta: 0.0002)

[GAI-B] --- Stagnation at Score -0.0002 ---
  [GAI-B] [Evolution] Targeting Chain 0 Layer 0 (Random)...
    [GAI-B] -> Mutating: GAUSSIAN ===> SQUARE
  [GAI-B] [Result] 'SQUARE' ACCEPTED. Score: -0.4703 (Delta: 0.0388)

[GAI-B] --- Stagnation at Score -0.0002 ---
  [GAI-B] [Evolution] Targeting Chain 1 Layer 0 (Random)...
    [GAI-B] -> Mutating: GAUSSIAN ===> TANH
  [GAI-B] [Result] 'TANH' ACCEPTED. Score: -0.2865 (Delta: 0.0001)
[GAI-B] Restoring Best Ever State (Score: -0.0002)
[GAI-B] Epoch 0: Val Loss 1.06195 | Temp 0.5000
[GAI-B] Epoch 500: Val Loss 0.12176 | Temp 0.4583
[GAI-B] Epoch 1000: Val Loss 0.10248 | Temp 0.4167
[GAI-B] Epoch 1500: Val Loss 0.09764 | Temp 0.3750
[GAI-B] Epoch 2000: Val Loss 0.09584 | Temp 0.3333
[GAI-B] Epoch 2500: Val Loss 0.09506 | Temp 0.2917
[GAI-B] Epoch 3000: Val Loss 0.09468 | Temp 0.2500
[GAI-B] Epoch 3500: Val Loss 0.09450 | Temp 0.2083
[GAI-B] Epoch 4000: Val Loss 0.09442 | Temp 0.1667
[GAI-B] Epoch 4500: Val Loss 0.09439 | Temp 0.1250
[GAI-B] Epoch 5000: Val Loss 0.09438 | Temp 0.0833
[GAI-B] Epoch 5500: Val Loss 0.09438 | Temp 0.0417

[GAI-B] --- Stagnation at Score -0.0944 ---
  [GAI-B] [Evolution] Targeting Chain 1 Layer 0 (Random)...
    [GAI-B] -> Mutating: GAUSSIAN ===> SQUARE
  [GAI-B] [Result] 'SQUARE' ACCEPTED (RISKY). Score: -0.0944 (Delta: 0.0000)
[GAI-B] Restoring Best Ever State (Score: -0.0944)
[GAI-B] Epoch 0: Val Loss 0.65122 | Temp 0.5000
[GAI-B] Epoch 500: Val Loss 0.05340 | Temp 0.4583
[GAI-B] Epoch 1000: Val Loss 0.05326 | Temp 0.4167

[GAI-B] --- Stagnation at Score -0.0533 ---
  [GAI-B] [Evolution] Targeting Chain 0 Layer 0 (Random)...
    [GAI-B] -> Mutating: SIN ===> IDENTITY
  [GAI-B] [Result] 'IDENTITY' ACCEPTED (RISKY). Score: -0.0533 (Delta: 0.0000)

[GAI-B] --- Stagnation at Score -0.0533 ---
  [GAI-B] [Evolution] Targeting Chain 1 Layer 0 (Random)...
    [GAI-B] -> Mutating: RELU ===> GAUSSIAN
  [GAI-B] [Result] 'GAUSSIAN' ACCEPTED. Score: -0.2402 (Delta: 0.0000)
[GAI-B] Epoch 1500: Val Loss 0.26220 | Temp 0.3750

[GAI-B] --- Stagnation at Score -0.0533 ---
  [GAI-B] [Evolution] Targeting Chain 1 Layer 0 (Random)...
    [GAI-B] -> Mutating: GAUSSIAN ===> SIN
  [GAI-B] [Result] 'SIN' ACCEPTED. Score: -0.2552 (Delta: 0.0002)

[GAI-B] --- Stagnation at Score -0.0533 ---
  [GAI-B] [Evolution] Targeting Chain 1 Layer 0 (Random)...
    [GAI-B] -> Mutating: SIN ===> TANH
  [GAI-B] [Result] 'TANH' ACCEPTED. Score: -0.2728 (Delta: 0.0171)

[GAI-B] --- Stagnation at Score -0.0533 ---
  [GAI-B] [Evolution] Targeting Chain 1 Layer 0 (Random)...
    [GAI-B] -> Mutating: TANH ===> GAUSSIAN
  [GAI-B] [Result] 'GAUSSIAN' ACCEPTED. Score: -0.2756 (Delta: 0.0001)
[GAI-B] Epoch 2000: Val Loss 0.28039 | Temp 0.3333

[GAI-B] --- Stagnation at Score -0.0533 ---
  [GAI-B] [Evolution] Targeting Chain 1 Layer 0 (Random)...
    [GAI-B] -> Mutating: GAUSSIAN ===> SQUARE
  [GAI-B] [Result] 'SQUARE' ACCEPTED. Score: -0.2789 (Delta: 0.0001)

[GAI-B] --- Stagnation at Score -0.0533 ---
  [GAI-B] [Evolution] Targeting Chain 0 Layer 0 (Random)...
    [GAI-B] -> Mutating: IDENTITY ===> GAUSSIAN
  [GAI-B] [Result] 'GAUSSIAN' ACCEPTED. Score: -0.3365 (Delta: 0.0005)

[GAI-B] --- Stagnation at Score -0.0533 ---
  [GAI-B] [Evolution] Targeting Chain 1 Layer 0 (Random)...
    [GAI-B] -> Mutating: SQUARE ===> GAUSSIAN
  [GAI-B] [Result] 'GAUSSIAN' ACCEPTED. Score: -0.2403 (Delta: 0.0006)

[GAI-B] --- Stagnation at Score -0.0533 ---
  [GAI-B] [Evolution] Targeting Chain 0 Layer 0 (Random)...
    [GAI-B] -> Mutating: GAUSSIAN ===> IDENTITY
[GAI-B] Epoch 2500: Val Loss 0.22671 | Temp 0.2917
  [GAI-B] [Result] 'IDENTITY' ACCEPTED. Score: -0.1465 (Delta: 0.0001)

[GAI-B] --- Stagnation at Score -0.0533 ---
  [GAI-B] [Evolution] Targeting Chain 1 Layer 0 (Random)...
    [GAI-B] -> Mutating: GAUSSIAN ===> RELU
  [GAI-B] [Result] 'RELU' ACCEPTED. Score: -0.2030 (Delta: 0.0001)

[GAI-B] --- Stagnation at Score -0.0533 ---
  [GAI-B] [Evolution] Targeting Chain 1 Layer 0 (Random)...
    [GAI-B] -> Mutating: RELU ===> TANH
  [GAI-B] [Result] 'TANH' ACCEPTED. Score: -0.3280 (Delta: 0.0000)

[GAI-B] --- Stagnation at Score -0.0533 ---
  [GAI-B] [Evolution] Targeting Chain 0 Layer 0 (Random)...
    [GAI-B] -> Mutating: IDENTITY ===> GAUSSIAN
  [GAI-B] [Result] 'GAUSSIAN' ACCEPTED. Score: -0.3321 (Delta: 0.0000)
[GAI-B] Epoch 3000: Val Loss 0.64810 | Temp 0.2500

[GAI-B] --- Stagnation at Score -0.0533 ---
  [GAI-B] [Evolution] Targeting Chain 1 Layer 0 (Random)...
    [GAI-B] -> Mutating: TANH ===> GAUSSIAN
  [GAI-B] [Result] 'GAUSSIAN' ACCEPTED. Score: -0.1703 (Delta: 0.0049)

[GAI-B] --- Stagnation at Score -0.0533 ---
  [GAI-B] [Evolution] Targeting Chain 1 Layer 0 (Random)...
    [GAI-B] -> Mutating: GAUSSIAN ===> SIN
  [GAI-B] [Result] 'SIN' ACCEPTED. Score: -0.1417 (Delta: 0.0000)

[GAI-B] --- Stagnation at Score -0.0533 ---
  [GAI-B] [Evolution] Targeting Chain 0 Layer 0 (Random)...
    [GAI-B] -> Mutating: GAUSSIAN ===> RELU
  [GAI-B] [Result] 'RELU' ACCEPTED (RISKY). Score: -0.4646 (Delta: 0.0000)
[GAI-B] Epoch 3500: Val Loss 0.54310 | Temp 0.2083

[GAI-B] --- Stagnation at Score -0.0533 ---
  [GAI-B] [Evolution] Targeting Chain 0 Layer 0 (Random)...
    [GAI-B] -> Mutating: RELU ===> TANH
  [GAI-B] [Result] 'TANH' ACCEPTED. Score: -0.2791 (Delta: 0.0183)

[GAI-B] --- Stagnation at Score -0.0533 ---
  [GAI-B] [Evolution] Targeting Chain 1 Layer 0 (Random)...
    [GAI-B] -> Mutating: SIN ===> GAUSSIAN
  [GAI-B] [Result] 'GAUSSIAN' ACCEPTED. Score: -0.1426 (Delta: 0.0912)

[GAI-B] --- Stagnation at Score -0.0533 ---
  [GAI-B] [Evolution] Targeting Chain 1 Layer 0 (Random)...
    [GAI-B] -> Mutating: GAUSSIAN ===> SIN
  [GAI-B] [Result] 'SIN' ACCEPTED. Score: -0.1298 (Delta: 0.0120)
[GAI-B] Epoch 4000: Val Loss 0.22907 | Temp 0.1667

[GAI-B] --- Stagnation at Score -0.0533 ---
  [GAI-B] [Evolution] Targeting Chain 1 Layer 0 (Random)...
    [GAI-B] -> Mutating: SIN ===> TANH
  [GAI-B] [Result] 'TANH' ACCEPTED. Score: -0.1572 (Delta: 0.0648)

[GAI-B] --- Stagnation at Score -0.0533 ---
  [GAI-B] [Evolution] Targeting Chain 1 Layer 0 (Random)...
    [GAI-B] -> Mutating: TANH ===> SQUARE
  [GAI-B] [Result] 'SQUARE' ACCEPTED. Score: -0.1916 (Delta: 0.0001)

[GAI-B] --- Stagnation at Score -0.0533 ---
  [GAI-B] [Evolution] Targeting Chain 1 Layer 0 (Random)...
    [GAI-B] -> Mutating: SQUARE ===> TANH
  [GAI-B] [Result] 'TANH' ACCEPTED. Score: -0.2493 (Delta: 0.0218)
[GAI-B] Epoch 4500: Val Loss 0.21103 | Temp 0.1250

[GAI-B] --- Stagnation at Score -0.0533 ---
  [GAI-B] [Evolution] Targeting Chain 1 Layer 0 (Random)...
    [GAI-B] -> Mutating: TANH ===> SIN
  [GAI-B] [Result] 'SIN' ACCEPTED. Score: -0.2042 (Delta: 0.0001)

[GAI-B] --- Stagnation at Score -0.0533 ---
  [GAI-B] [Evolution] Targeting Chain 0 Layer 0 (Random)...
    [GAI-B] -> Mutating: TANH ===> RELU
  [GAI-B] [Result] 'RELU' ACCEPTED. Score: -0.1963 (Delta: 0.0001)

[GAI-B] --- Stagnation at Score -0.0533 ---
  [GAI-B] [Evolution] Targeting Chain 0 Layer 0 (Random)...
    [GAI-B] -> Mutating: RELU ===> TANH
  [GAI-B] [Result] 'TANH' ACCEPTED. Score: -0.1645 (Delta: 0.0272)
[GAI-B] Epoch 5000: Val Loss 0.10295 | Temp 0.0833

[GAI-B] --- Stagnation at Score -0.0533 ---
  [GAI-B] [Evolution] Targeting Chain 0 Layer 0 (Random)...
    [GAI-B] -> Mutating: TANH ===> RELU
  [GAI-B] [Result] 'RELU' ACCEPTED. Score: -0.1020 (Delta: 0.0000)

[GAI-B] --- Stagnation at Score -0.0533 ---
  [GAI-B] [Evolution] Targeting Chain 0 Layer 0 (Random)...
    [GAI-B] -> Mutating: RELU ===> IDENTITY
  [GAI-B] [Result] 'IDENTITY' ACCEPTED. Score: -0.1410 (Delta: 0.0004)

[GAI-B] --- Stagnation at Score -0.0533 ---
  [GAI-B] [Evolution] Targeting Chain 1 Layer 0 (Random)...
    [GAI-B] -> Mutating: SIN ===> IDENTITY
  [GAI-B] [Result] 'IDENTITY' ACCEPTED. Score: -0.1134 (Delta: 0.0002)
[GAI-B] Epoch 5500: Val Loss 0.32824 | Temp 0.0417

[GAI-B] --- Stagnation at Score -0.0533 ---
  [GAI-B] [Evolution] Targeting Chain 1 Layer 0 (Random)...
    [GAI-B] -> Mutating: IDENTITY ===> TANH
  [GAI-B] [Result] 'TANH' ACCEPTED. Score: -0.3021 (Delta: 0.0258)

[GAI-B] --- Stagnation at Score -0.0533 ---
  [GAI-B] [Evolution] Targeting Chain 0 Layer 0 (Random)...
    [GAI-B] -> Mutating: IDENTITY ===> TANH
  [GAI-B] [Result] 'TANH' ACCEPTED. Score: -0.2633 (Delta: 0.0078)

[GAI-B] --- Stagnation at Score -0.0533 ---
  [GAI-B] [Evolution] Targeting Chain 0 Layer 0 (Random)...
    [GAI-B] -> Mutating: TANH ===> RELU
  [GAI-B] [Result] 'RELU' ACCEPTED. Score: -0.2203 (Delta: 0.0008)
[GAI-B] Restoring Best Ever State (Score: -0.0533)
GAI-B      fixed      6000    0/8       6.207e-02    2.653e-04  sin,gaussian; relu,tanh; tanh,sin

================================================================================================
 DID TUNING HELP?  (recovery rate / median test, vs defaults)
================================================================================================
arm        SA               2000          6000
defaults   legacy      0%/2e-01      0%/1e-01 
defaults   fixed       0%/2e-01      0%/1e-01 
GAI-A      legacy     25%/1e-01     38%/9e-02 
GAI-A      fixed       0%/9e-02     12%/7e-02 
GAI-B      legacy     25%/1e-01     12%/9e-02 
GAI-B      fixed       0%/9e-02      0%/6e-02 

 DOES MORE TRAINING HELP?  (per arm, recovery across budgets)
  defaults   legacy  0%@2000 -> 0%@6000                       monotone improvement
  defaults   fixed   0%@2000 -> 0%@6000                       monotone improvement
  GAI-A      legacy  25%@2000 -> 38%@6000                     monotone improvement
  GAI-A      fixed   0%@2000 -> 12%@6000                      monotone improvement
  GAI-B      legacy  25%@2000 -> 12%@6000                     monotone improvement
  GAI-B      fixed   0%@2000 -> 0%@6000                       monotone improvement
